company,January,February,March,April,May,June,July,August,September,October,November,December,total_issued
Google Ireland Limited,37,30,34,38,27,31,22,32,16,46,29,26,368
Ernst & Young,8,18,24,16,14,51,21,28,25,31,31,11,278
University Limerick Hospitals Group,18,13,7,10,11,64,48,32,18,8,6,16,251
Amazon Development Centre Ireland Limited,23,22,22,16,15,26,23,26,40,19,5,8,245
Redwood Extended Care Facility UC,0,26,82,17,8,3,4,23,18,3,19,34,237
Accenture Limited,29,22,14,9,13,9,18,17,18,24,11,11,195
Tata Consultancy Services Limited,21,15,31,10,7,0,0,22,8,13,16,10,153
Cork University Hospital,5,4,2,4,7,17,6,21,40,26,10,4,146
WuXi Biologics Ireland Limited,5,32,5,5,3,3,5,15,18,12,15,12,130
Mowlam Healthcare Services Unlimited Company,14,17,29,31,10,4,3,2,14,2,3,0,129
Costern Unlimited Company,32,14,8,8,13,6,7,8,7,10,7,8,128
Software Labs Campus Unlimited Company,10,16,6,5,9,7,16,14,10,17,11,6,127
Amazon Web Services EMEA SARL,19,18,21,11,11,6,3,6,7,13,5,5,125
Bernard Kavanagh and Sons Limited,1,29,0,0,1,0,28,9,1,41,11,2,123
Resilience Healthcare Limited,3,5,14,7,23,6,11,6,9,11,14,8,117
Monaghan Mushrooms Ireland UC,25,37,4,6,3,9,4,2,0,20,0,1,111
Dawn Meats Ireland UC,3,17,8,14,8,6,13,15,15,4,2,6,111
Amazon Data Services Ireland Limited,17,6,9,6,13,11,11,11,6,5,8,4,107
Cognizant Technology Solutions Ireland Limited,9,12,7,6,5,2,11,11,6,13,17,4,103
QT Technologies Ireland Limited,10,9,12,9,5,10,6,11,5,10,7,6,100
Deloitte Ireland LLP,12,6,7,8,6,4,3,15,8,9,17,4,99
University Hospital Kerry,12,5,6,5,2,27,8,4,6,0,4,18,97
Wild Atlantic Pictures Limited,6,10,12,6,4,5,9,30,9,4,0,0,95
Walsh Mushrooms Golden Unlimited Company,10,57,2,0,0,1,10,6,5,2,0,0,93
University Hospital Waterford,3,0,8,5,8,22,12,11,2,5,13,2,91
Applus Inspection Services Ireland Ltd,5,0,26,18,0,0,19,2,13,5,1,0,89
MasterCard Ireland Limited,8,9,5,2,4,4,4,10,10,9,16,8,89
TLC Health Services Limited,14,5,8,2,1,4,6,12,13,6,7,8,86
NT R&D Logistics Systems Limited,0,0,0,0,36,6,0,37,5,0,0,0,84
SFDC Ireland Limited,7,4,11,5,3,13,14,5,5,6,2,8,83
Meta Platforms Ireland Limited,4,7,4,3,5,5,4,15,5,14,11,6,83
Liffey Meats (Cavan) Unlimited Company,0,5,7,0,2,1,1,31,29,4,0,3,83
Children's Health Ireland,9,3,6,0,2,12,17,8,6,3,5,11,82
Knockrobin Nursing Home Limited,4,8,0,3,4,0,5,5,1,22,26,3,81
Infosys Limited,12,13,9,4,4,1,5,2,6,8,12,4,80
Analog Devices International Unlimited Company,4,8,5,1,5,5,5,5,11,8,16,4,77
Platinum Home Care Limited,12,6,6,2,5,0,6,0,6,10,9,13,75
Intel Ireland Limited,4,39,11,2,5,2,2,3,1,3,0,2,74
Circet Networks (Ireland) Limited,18,0,0,0,2,1,1,9,0,0,1,42,74
Bartra OpCo (Beaumont NH) Limited,7,8,4,3,17,4,1,9,19,2,0,0,74
InisCare Limited,8,17,13,5,9,4,1,2,6,6,0,2,73
Amazon Ireland Support Services Limited,12,7,5,2,3,1,3,4,10,6,13,7,73
Galway University Hospital,6,2,4,3,3,8,25,3,3,6,5,4,72
Kel-Tech Engineering (Waterford) Limited,11,9,6,3,3,4,2,3,22,3,1,2,69
Eli Lilly Kinsale Limited,8,1,7,5,0,3,3,10,7,7,4,14,69
Radley Engineering Limited,42,24,1,0,0,0,0,1,0,0,1,0,69
Rosderra Irish Meats Group UC,0,3,8,11,14,9,2,10,7,1,0,2,67
Danu Home Care,6,1,8,6,0,0,7,9,6,10,11,3,67
The Rehab Group CLG,17,1,25,8,4,3,1,0,0,5,1,0,65
Tusla - Child and Family Agency,9,8,4,5,6,7,5,2,5,6,3,4,64
Grant Thornton Corporate Finance Limited,7,9,5,2,4,3,2,2,2,12,7,8,63
CPL Solutions Limited,16,6,11,4,1,1,4,3,1,4,11,0,62
Nua Healthcare Services,13,33,4,4,2,0,0,1,0,2,2,0,61
Abbott Ireland,9,2,1,3,0,5,8,3,16,7,5,1,60
Tallaght University Hospital,10,6,5,0,1,3,3,2,7,5,7,10,59
CV Homecare Solutions Ltd,3,2,5,5,4,5,4,9,4,8,2,7,58
TikTok Technology Limited,5,4,14,2,1,2,2,6,7,7,3,3,56
Hamilton Park Care Centre Limited,22,11,0,0,9,0,0,0,0,0,13,1,56
Mater Private Hospital Unlimited Company,6,10,1,6,1,11,1,4,1,1,5,9,56
CareChoice Trim Limited,21,1,0,0,0,0,10,10,0,1,8,4,55
Communicare Agency Limited,4,5,4,4,5,5,7,3,1,8,6,3,55
Microsoft Ireland Research Unlimited Company,1,11,4,2,0,5,0,5,1,2,12,12,55
CareChoice Swords Two Limited,11,13,6,5,1,9,5,1,3,1,0,0,55
Clemac Regional Home Care Services Limited,9,4,8,1,0,0,1,1,3,11,7,9,54
South Tipperary General Hospital,9,6,3,0,3,15,2,5,3,1,1,4,52
Johnson and Johnson Vision Care Ireland Unlimited Company,8,7,9,3,1,0,2,2,10,4,1,4,51
Bluebird Care Dublin South Limited,1,1,6,2,3,1,3,4,4,1,11,14,51
Farm Solutions Ltd,1,0,13,1,9,5,4,2,3,5,7,0,50
Apple Distribution International Limited,4,5,6,3,2,3,3,7,6,6,4,1,50
Electricity Supply Board,7,1,1,2,4,3,8,6,5,4,3,6,50
Applied Materials Ireland Limited,13,3,11,5,3,4,1,4,1,3,1,1,50
HCL (Ireland) Information Systems Limited,10,7,7,1,5,0,3,4,3,3,6,1,50
Callinan Coaches Limited,3,0,0,0,4,1,14,4,3,4,8,9,50
Nazareth Care Ireland CLG,2,5,5,1,2,0,3,3,2,11,6,10,50
"Allied Irish Banks, Public Limited Company",2,5,5,0,1,2,3,0,16,11,4,0,49
Blackrock Healthcare Group Unlimited,2,3,6,1,2,0,7,5,9,3,3,8,49
Boston Scientific Ireland Limited,8,8,1,3,0,0,4,0,13,5,4,3,49
Nypro Limited,1,2,6,3,1,1,7,3,2,8,5,9,48
St. Luke's General Hospital,3,1,6,2,2,18,7,2,4,1,0,2,48
Brehon Care ULC,12,6,1,1,1,1,7,9,1,4,5,0,48
Rockwell Constructions Limited,7,0,0,0,0,0,0,17,3,8,11,1,47
Comfort Care Limited,5,2,7,5,2,2,5,2,1,2,13,1,47
Letterkenny University Hospital,4,2,5,5,2,12,4,2,1,1,4,3,45
St. Vincent's Healthcare Group,13,24,1,1,0,0,2,0,2,1,1,0,45
Tiernaneill Mushrooms Limited,18,5,3,1,9,1,1,0,0,7,0,0,45
Cuala Senior Care Limited,0,0,0,0,3,13,6,6,5,0,10,2,45
Nurture Childcare Limited,1,4,9,3,5,1,9,2,1,2,3,4,44
KPMG,8,1,5,1,1,0,6,3,1,9,8,1,44
Supermac's Ireland Limited,5,0,5,1,0,3,4,1,1,0,3,21,44
Uisce Éireann,1,1,1,3,0,0,5,9,8,11,2,3,44
Beacon Hospital Sandyford Limited,4,4,2,1,0,2,6,1,2,8,6,7,43
Cavan & Monaghan Hospital,4,3,2,1,2,9,6,3,3,2,3,5,43
Bon Secours Health System CLG,1,1,1,4,2,0,1,3,8,5,10,7,43
Microsoft Ireland Operations Limited,2,1,7,4,1,3,1,1,2,6,11,3,42
Mayo University Hospital,1,1,9,6,0,9,3,1,4,1,3,4,42
Beaumont Hospital,4,3,0,2,0,6,5,8,4,6,1,3,42
Forvis Mazars,6,3,2,2,2,3,1,4,3,4,8,4,42
Ballygorman Construction Limited,0,1,0,0,0,0,0,6,19,0,13,2,41
Optum Services (Ireland) Limited,3,3,2,0,7,4,6,1,5,5,3,2,41
Portiuncula University Hospital,4,1,2,3,2,11,4,2,2,0,1,9,41
McDonald International Ltd,1,2,0,0,0,4,12,1,1,0,3,17,41
ICDS Constructors Limited,9,11,5,0,1,0,0,6,5,0,0,3,40
L.M. Ericsson Limited,3,5,3,5,6,4,3,1,2,4,4,0,40
ServiceNow Ireland Limited,4,1,3,3,3,1,2,3,1,3,11,4,39
Turner & Townsend Ltd,1,3,6,3,2,3,4,8,0,1,5,3,39
JJ Kavanagh & Sons Ltd,0,4,2,11,8,3,8,1,0,2,0,0,39
Leatrans Limited,6,0,0,4,17,4,1,0,2,3,2,0,39
Ryans Investments Unlimited Company,1,0,0,5,3,13,3,13,0,0,0,0,38
Mercy University Hospital,6,7,3,2,0,13,4,2,0,1,0,0,38
St. James's Hospital,7,15,9,6,0,0,0,1,0,0,0,0,38
Parnell Road Stepdown Facility Limited,0,0,0,0,0,1,2,11,7,9,4,3,37
Capgemini Ireland Limited,2,4,3,5,1,0,3,5,3,4,5,2,37
Donegal Meat Processors Unlimited Company,0,1,17,1,0,0,0,2,15,1,0,0,37
Mater Misericordiae University Hospital,14,2,1,5,0,4,4,4,0,1,1,1,37
Workday Limited,2,5,0,1,3,2,3,2,5,4,8,1,36
Pioneer Homecare,1,1,1,0,11,3,1,0,0,14,1,2,35
Carton Brothers Unlimited Company,0,0,0,0,0,0,0,15,8,2,3,7,35
Emerson Automation Solutions Ireland Limited,3,4,4,1,1,1,2,4,9,2,0,4,35
TLI Group Limited,6,5,1,1,0,2,4,2,7,6,0,1,35
Specialist Technical Engineering Services (STS Group),0,0,33,0,0,0,0,0,2,0,0,0,35
HMCK Healthcare Limited,1,5,9,0,2,0,0,0,1,1,15,0,34
Araglen House Nursing Home Limited,3,3,3,1,4,3,0,0,2,0,9,6,34
St. James Hospital Board,0,0,0,0,1,8,7,5,3,3,7,0,34
Citibank Europe Public Limited Company,1,1,0,3,2,0,2,2,3,12,6,2,34
Haven Bay Care Centre Limited,1,0,4,4,2,0,4,1,5,1,2,10,34
"Trinity College Dublin, the University of Dublin",4,1,2,1,3,4,1,5,3,1,7,2,34
Stripe Technology Company Limited,1,1,0,0,0,1,5,3,3,5,8,7,34
Laois Scaffolding Services Limited,2,1,0,0,0,0,0,8,5,9,5,3,33
Sligo University Hospital,0,0,0,2,3,16,3,2,2,3,1,1,33
Our Lady of Lourdes Hospital Drogheda,2,1,3,6,0,12,4,4,1,0,0,0,33
Dublin Aerospace Limited,3,2,1,0,7,1,2,2,3,2,7,3,33
PricewaterhouseCoopers,2,3,3,1,0,1,3,0,4,3,8,5,33
PPD Development Ireland Limited,2,0,1,1,1,0,6,2,5,3,5,7,33
NetApp Ireland Limited,4,4,6,2,3,3,2,0,2,1,2,3,32
GMC Utilities Group Limited,1,1,0,0,1,0,17,8,0,1,1,2,32
Parke House Nursing Home Limited,2,2,4,2,2,0,0,1,3,7,4,5,32
Bank of Ireland Group PLC,2,3,1,0,0,7,6,3,6,2,2,0,32
Huawei Technologies (Ireland) Co Ltd,6,5,3,3,1,4,1,4,2,1,1,1,32
Portfolio Concentrate Solutions Unlimited Company,4,1,5,2,3,0,1,3,1,5,3,3,31
eBay Europe Services Limited,1,0,1,3,0,1,0,3,7,5,3,7,31
Bank of America Europe DAC,2,3,3,5,1,0,0,4,4,3,5,1,31
Holy Family Nursing Home Limited,3,6,2,1,0,3,7,0,2,3,3,1,31
Red Hat Limited,3,2,3,3,2,1,5,4,1,4,3,0,31
NTT DATA Services Ireland Limited,4,4,4,0,0,3,1,5,2,3,4,1,31
Wipro Limited - Irish Branch,3,5,2,0,0,0,9,2,1,0,2,7,31
Eli Lilly Cork Limited,3,3,1,5,1,4,3,2,2,4,2,1,31
Killeline Nursing Home Ltd,7,1,2,1,2,1,9,1,1,2,4,0,31
Blackden Limited,3,5,5,2,1,2,0,0,0,2,0,10,30
O'Brien Transport (Newbawn) Ltd,5,1,1,4,4,0,6,4,2,1,1,1,30
Anglo Beef Processors Ireland Unlimited Company,4,6,10,2,1,0,1,0,2,1,1,2,30
All In Care Limited,0,0,1,1,1,2,6,3,7,3,1,5,30
EirGrid Public Limited Company,5,3,7,0,3,4,0,1,3,2,1,1,30
Sonas Nursing Home Tullow,3,1,2,0,0,0,1,3,1,8,8,3,30
Ove Arup & Partners Ireland Limited,2,1,5,1,7,2,2,3,2,3,0,2,30
KDK Scaffolding Ltd,0,0,0,0,0,0,0,0,10,19,1,0,30
Kirby Group Engineering Unlimited Company,5,5,3,2,6,0,1,3,0,2,1,2,30
Staunton Foods Limited,3,14,2,8,0,0,0,2,0,0,1,0,30
Bigger Stage Limited,0,0,9,9,0,0,0,7,3,1,0,0,29
FISC Ireland Limited,4,1,2,3,5,2,2,3,0,4,1,2,29
Riada Care Limited,5,0,7,4,2,2,1,1,0,0,3,3,28
Atlantic Aviation Group Limited H2,4,2,4,3,5,2,1,1,6,0,0,0,28
Silver Stream Healthcare Management Limited,0,0,0,0,1,1,4,3,4,10,1,4,28
Keelings Retail Unlimited Company,0,2,17,1,0,0,1,0,1,0,0,6,28
MJ Environmental Techniques Ltd,0,11,0,0,0,0,0,3,6,7,0,1,28
Privet Productions,0,0,0,0,0,0,0,0,22,6,0,0,28
BNY Mellon Fund Services (Ireland) DAC,1,2,0,1,1,1,0,6,3,1,9,3,28
Sheelin Mushrooms Ltd,5,5,2,2,2,1,0,1,4,4,2,0,28
Allanbay Limited,2,3,7,6,1,0,0,2,1,0,2,3,27
Flanagans Nursing Home Limited,3,3,0,0,0,0,0,5,6,7,2,1,27
All About Healthcare Limited,0,2,5,3,1,2,1,0,2,5,5,1,27
Wexford General Hospital,3,4,0,2,0,6,3,4,0,1,0,4,27
Permanent TSB Public Limited Company,2,5,2,0,0,1,0,3,3,5,3,3,27
First Care Beneavin House Limited,10,9,3,0,3,0,1,1,0,0,0,0,27
William P. Keeling & Sons Unlimited Company,0,0,0,26,0,0,0,1,0,0,0,0,27
Cornacrieve Mushrooms Ltd,0,0,0,0,5,7,7,1,1,0,6,0,27
Castlebridge Manor Private Clinic Ltd,3,1,4,1,0,0,0,7,1,1,8,0,26
Anglo Beef Processors Unlimited Ireland,0,4,0,10,2,2,0,7,1,0,0,0,26
Drumderrig House Nursing Home Limited,3,2,5,7,0,0,3,0,1,0,1,4,26
Bus Atha Cliath - Dublin Bus,1,1,0,0,0,0,9,6,4,2,1,2,26
Cygnum Timber Frame Ltd,0,0,0,0,10,2,0,0,8,2,2,1,25
HubSpot Ireland Limited,2,3,2,1,2,0,1,3,2,3,4,2,25
Midland Regional Hospital at Tullamore,4,0,1,0,0,10,2,0,1,1,3,3,25
Energoinvest Reach Active Limited,5,4,2,5,2,4,2,1,0,0,0,0,25
Aarval Limited,5,12,3,0,0,0,1,0,1,0,1,2,25
Intercom R&D Unlimited Company,1,3,3,2,5,2,2,3,1,1,0,2,25
Bon Secours Health System CLG T/A Bon Secours Hospital Tralee,0,3,5,1,0,8,3,2,3,0,0,0,25
Tender Touch Services Limited,9,5,0,2,6,0,3,0,0,0,0,0,25
24hr Care Services Limited,3,1,1,0,2,1,5,3,3,3,3,0,25
Bon Secours Health Systems,3,2,0,2,1,0,10,3,4,0,0,0,25
First Up Slu,8,4,2,0,0,0,3,3,0,0,0,5,25
Naas General Hospital,1,0,1,1,0,8,1,3,5,0,1,3,24
Stewarts Care Designated Activity Company,4,0,3,0,0,4,3,1,1,2,3,3,24
Trim Formworks Limited,22,0,0,0,0,0,0,0,0,1,1,0,24
Humar Limited,0,5,4,2,1,2,0,1,0,4,4,1,24
LSJ Care Ltd,10,11,1,0,0,0,0,1,0,1,0,0,24
Kaseya Limited,1,2,1,1,1,0,2,4,2,3,4,3,24
Lotus Care Limited,3,1,3,0,0,1,0,2,1,1,5,7,24
Genesis Healthcare Ltd,0,1,0,1,2,4,1,3,0,1,6,5,24
J.P. Morgan SE,1,0,4,0,1,1,3,1,3,3,5,2,24
Cheshire Foundation of Ireland Company Limited by Guarantee,0,2,1,0,0,0,0,2,2,8,2,6,23
Gaffney Mechanical Limited,7,0,0,0,4,2,0,0,0,8,2,0,23
Kepak Cork Unlimited Company,1,6,0,0,0,0,2,2,1,9,2,0,23
King and Moffatt Ireland Ltd,1,2,0,1,0,0,0,2,13,2,2,0,23
Kavanagh Meats Enniscorthy,0,1,1,4,13,2,0,1,1,0,0,0,23
Wipro Limited,15,5,2,0,0,0,0,0,0,1,0,0,23
AAG Hangar 1 Limited,1,0,0,0,0,0,0,11,3,1,0,7,23
Odyssey Social Care Limited,0,0,0,3,0,1,0,0,10,7,0,2,23
University College Dublin,0,0,0,1,1,1,11,3,3,2,0,1,23
State Street International (Ireland) Limited,4,2,4,2,1,1,3,2,2,0,1,1,23
Careaboutyou Limited,0,4,0,1,2,2,1,2,4,3,1,3,23
Eirebus Limited,5,0,2,1,0,0,0,0,0,4,9,2,23
Janssen Sciences Ireland UC,1,0,0,3,17,0,0,0,0,0,0,1,22
Alliance Medical Diagnostic Imaging Ltd,2,3,1,2,3,3,1,0,1,3,0,3,22
Brindley Healthcare Services Limited,3,0,4,0,0,4,0,3,0,3,4,1,22
Actavo (Ireland) Limited,0,0,0,0,9,1,1,0,0,10,1,0,22
Sonas Asset Holdings Limited,8,1,2,0,0,0,2,2,0,1,3,3,22
Elder Home Care Limited,4,0,1,1,1,5,2,1,0,3,3,1,22
Moyglare Nursing Home Ltd,6,2,3,0,0,0,3,1,1,3,0,3,22
Midland Steel Reinforcement Supplies Ltd,1,5,1,1,0,0,1,0,0,13,0,0,22
Apple Operations International Limited,0,4,1,1,0,9,1,1,0,1,4,0,22
The Brindley Manor Federation Of Nursing Homes Ltd,2,0,1,1,0,0,5,6,1,0,3,3,22
Abbey Physiotherapy Clinic,6,3,4,2,1,1,3,1,1,0,0,0,22
Servisource Healthcare Limited,6,1,5,1,4,0,1,0,3,1,0,0,22
Dungarvan Transport Ltd,5,3,1,0,2,2,0,0,0,5,3,0,21
William Connolly and Sons Unlimited Company,0,0,0,0,0,0,0,0,0,0,21,0,21
AtkinsRéalis Limited,3,1,3,1,1,1,2,1,0,2,2,4,21
Grasstec Advance Limited,3,1,1,0,0,0,5,1,0,4,4,2,21
PDAS Limited,2,1,2,1,2,2,0,1,2,2,4,2,21
Bartra OpCo (Clondalkin NH Pres) Limited,4,0,2,3,0,2,0,2,6,0,0,2,21
"Kilkenny, Carlow and District Farm Relief Services Society Limited",1,0,0,2,10,0,0,0,1,6,0,1,21
FFNH Limited,1,5,5,1,1,0,1,1,0,1,2,3,21
Greenvalley Transport Plant Hire Limited,0,0,0,0,4,4,2,1,2,6,2,0,21
IBM Ireland Product Distribution Limited,7,0,1,1,1,1,3,2,1,1,1,1,20
White Hart Mushrooms Ltd,7,0,0,0,0,0,0,7,6,0,0,0,20
Citi Bus Ltd,1,0,11,0,0,0,0,1,4,1,0,2,20
Project Management Limited,3,2,2,0,0,0,5,2,1,2,0,3,20
Little Sisters of the Poor,4,0,0,2,1,1,2,2,2,0,1,5,20
Motorola Solutions Ireland Ltd.,11,1,0,1,0,0,0,0,5,1,1,0,20
Storey Broe Nursing Services Ltd,2,1,2,1,0,0,0,3,4,1,5,1,20
Carechoice Montenotte Limited,4,3,1,0,0,2,2,1,3,2,2,0,20
Bartra Opco (Northwood NH) Limited,4,2,3,1,0,0,0,3,4,0,2,1,20
CareChoice Malahide Road Limited,1,2,3,1,1,3,1,3,0,2,3,0,20
O'Reilly Bros. Limited,11,0,2,2,0,0,0,2,1,2,0,0,20
MPM Nursing Home Limited,3,0,0,3,2,2,1,0,2,0,3,4,20
Kearns Fruit Farm Limited,0,0,14,5,0,0,0,1,0,0,0,0,20
Colonel Productions  Two DAC,0,0,0,0,0,0,9,5,3,3,0,0,20
McAree Engineering Works Ltd,0,0,10,1,9,0,0,0,0,0,0,0,20
Gaeltec Utilities Limited,0,0,7,4,5,1,0,0,0,1,1,1,20
Errigal Mushrooms Limited,0,0,1,1,0,6,12,0,0,0,0,0,20
Senior Care Plus Limited,0,2,4,1,0,2,2,3,0,1,4,0,19
European Refreshments Unlimited Company,2,2,0,1,2,2,1,3,2,1,2,1,19
Banner Healthcare Limited,0,1,0,0,2,2,0,4,3,1,2,4,19
Dromone Engineering Ltd,0,2,0,0,1,1,0,8,0,2,4,1,19
Rossclare Nursing Home Limited,4,2,2,1,0,0,1,0,3,3,2,1,19
CareChoice Finglas Limited,7,2,0,0,0,1,3,3,2,0,0,1,19
Abbot Close Nursing Home Ltd,0,0,2,0,0,3,6,0,5,0,2,1,19
Mooncoin RCC Ltd,2,4,1,0,1,0,0,6,1,0,0,4,19
Sparantus Ltd,5,4,0,4,0,0,2,2,0,1,0,1,19
Fiserv Solutions (Europe) Limited,4,1,1,1,0,1,1,6,0,3,0,1,19
Grifols Worldwide Operations Limited,0,0,1,1,0,2,3,1,1,3,4,3,19
Abbey Machinery Limited,3,2,2,1,1,0,1,3,4,0,2,0,19
HSE DSKWW Community Healthcare,1,13,1,0,0,0,1,1,0,1,1,0,19
Glenferry Coaches Limited,3,1,0,0,0,0,5,2,5,1,1,1,19
Starrus Eco Holding Limited,0,2,2,3,0,0,2,1,0,6,3,0,19
Aidan Doherty Transport Ltd,0,2,0,0,7,2,1,1,1,4,1,0,19
McCarren Meats Unlimited Company,0,10,7,2,0,0,0,0,0,0,0,0,19
Kildorough Mushrooms Limited,14,4,0,0,0,0,0,0,0,0,0,0,18
CareChoice (Dungarvan) Ltd,4,3,0,1,1,1,1,2,0,2,0,3,18
Kevin Connolly Car Sales Unlimited Company,0,0,1,1,0,0,0,0,10,5,1,0,18
Applewood Homecare Ltd,0,0,6,1,0,4,0,4,2,0,1,0,18
General Motors IT Services (Ireland) Ltd,0,3,7,2,2,1,0,0,0,1,1,1,18
Keegan Quarries Limited,3,1,0,1,0,2,1,0,1,8,0,1,18
The National Maternity Hospital,3,2,2,4,0,0,2,2,3,0,0,0,18
Fennor Hill Care Facility Limited,0,2,5,2,0,2,0,1,0,0,3,3,18
Regional Hospital Mullingar,2,0,0,2,2,4,5,1,2,0,0,0,18
Our Lady's Hospital Navan,1,1,3,3,1,6,1,2,0,0,0,0,18
Glenveagh Contracting Ltd,1,0,0,0,0,0,7,6,3,1,0,0,18
Needham Haulage Limited,4,0,0,0,0,0,0,3,1,9,1,0,18
Baylam Home Health Care Limited,2,1,0,1,2,2,2,2,1,0,2,3,18
Orchard Community Care Limited,1,6,0,3,3,0,1,1,1,0,0,2,18
Millbrae Lodge Nursing Home Ltd,1,1,1,1,0,0,0,5,2,5,0,1,17
Beech Lodge Care Facility Limited,1,1,5,1,0,0,0,0,0,6,2,1,17
MCGA Limited,7,1,1,0,0,0,0,5,2,0,1,0,17
GN Lexington Property Limited,7,1,0,2,0,1,0,1,0,1,4,0,17
M.R. Concrete (Ireland) Limited,0,0,2,0,13,0,0,1,1,0,0,0,17
Thistlemill Ltd,2,0,7,1,1,1,1,1,1,2,0,0,17
Energywise Savings Ireland Ltd,0,2,4,0,3,0,2,5,1,0,0,0,17
RPS Group Limited,0,0,3,1,1,1,1,3,2,1,4,0,17
SAP Service and Support Centre (Ireland) Limited,5,1,0,3,0,0,0,4,0,0,4,0,17
Embrace Community Services Limited,1,0,0,1,3,3,5,0,2,0,2,0,17
Golden Nursing Homes Ltd,1,2,3,2,3,3,0,2,0,1,0,0,17
Medtronic Vascular Galway Unlimited Company,0,1,3,0,0,0,0,4,0,2,4,3,17
Victoria Healthcare Organisation Limited,3,0,2,0,2,0,0,0,5,2,1,2,17
McCormack Farms Limited,0,0,0,6,8,1,0,1,1,0,0,0,17
Dublin North City Mental Health Services,3,0,0,0,1,6,6,1,0,0,0,0,17
Larchfield Park Care Centre,4,3,2,2,0,0,0,1,1,1,3,0,17
Weltec Engineering Ltd,0,0,0,0,0,0,1,8,7,0,0,1,17
Google Cloud EMEA Limited,2,3,3,1,2,1,2,0,1,2,0,0,17
Mbryonics Limited,2,0,1,0,1,1,1,1,5,1,3,1,17
Carriganog Racing Limited,1,4,2,2,2,1,2,0,0,1,0,2,17
Stanford Woods Care Centre Limited,5,7,0,1,0,1,2,0,0,0,1,0,17
Esker Lodge Limited,5,0,0,0,0,0,2,3,0,1,3,3,17
Kilsaran Precast Limited,1,0,3,0,0,0,0,0,1,0,12,0,17
Cowper Care Centre,4,3,2,2,0,1,0,5,0,0,0,0,17
E&I Engineering Limited,4,0,2,0,1,0,2,1,1,2,2,2,17
Learghusa Limited,0,0,0,0,0,2,14,0,0,1,0,0,17
Ryevale Nursing Service Limited,2,1,0,0,0,0,6,1,0,2,3,1,16
Egis Engineering Limited,0,2,0,1,0,2,1,1,3,6,0,0,16
Kerry Group Services International Ltd,1,3,1,3,0,0,1,4,1,1,0,1,16
Tokyo Electron Europe Limited,2,5,4,1,0,1,0,1,1,0,1,0,16
Malone Farm Machinery Limited,4,1,0,2,0,0,2,1,2,1,3,0,16
Homecare & Health Services Ireland Ltd,6,1,0,0,0,1,0,5,3,0,0,0,16
Eliza Care Limited,0,0,2,0,0,0,0,3,4,3,2,2,16
OmnicomMediaGroup (Ireland) Limited,0,0,0,0,0,0,1,3,0,6,3,3,16
Be Independent Home Care,7,3,0,0,0,0,0,0,4,0,1,1,16
Dublin Simon Community,0,2,3,0,1,1,4,1,2,1,1,0,16
Ennis Road Care Facility,7,6,3,0,0,0,0,0,0,0,0,0,16
Padraig Thornton Waste Disposal Limited,0,0,0,1,0,1,4,0,0,3,5,2,16
Remitly Europe Limited,4,1,0,0,0,0,1,5,0,4,0,1,16
Sparkoo Technologies Ireland Co Limited,0,3,1,1,3,1,0,1,2,1,3,0,16
CareChoice (Macroom) Ltd,3,0,1,0,0,0,3,2,2,2,3,0,16
Morbid Productions Designated Activity Company,0,0,0,0,0,0,0,4,2,0,0,10,16
Tizzard Holdings Unlimited Company,3,0,0,0,1,0,0,0,5,4,0,3,16
Dealgan House Nursing Home Limited,6,0,0,0,0,0,0,0,0,3,7,0,16
Firstcare Blainroe Lodge Limited,1,3,5,1,0,0,0,0,1,1,2,2,16
Inishowen Engineering Manufacturing Ltd,0,0,2,0,7,4,0,1,0,0,1,1,16
Iarnród Éireann - Irish Rail,5,3,1,1,0,0,1,0,1,2,2,0,16
JRI America Inc,1,1,2,0,1,0,1,2,1,2,3,2,16
Shabra Recycling Ltd,0,0,0,4,4,0,1,5,0,0,1,0,15
Clunedarby Mushrooms Limited,0,10,1,2,2,0,0,0,0,0,0,0,15
HSE MRH Portlaoise,1,1,0,0,0,8,1,0,1,0,0,3,15
Greystones Nursing Home Limited,1,3,3,1,1,0,2,1,0,2,0,1,15
David Blessington Concrete Works Limited,0,0,3,6,0,0,5,1,0,0,0,0,15
Mannok Cement Ltd,0,0,0,0,0,1,2,4,0,0,3,5,15
"Clearstream Fund Centre S.A., Cork Branch",1,1,2,0,0,0,0,1,3,3,3,1,15
Knegare Nursing Home Holdings Limited,0,1,0,0,0,0,0,7,1,1,2,3,15
Melbourne Healthcare Ltd,3,3,2,0,1,1,1,0,0,0,1,3,15
Allergan Pharmaceuticals Ireland ULC,0,6,0,2,0,1,1,1,2,1,1,0,15
Irish Casing Company Ltd,0,0,1,6,7,1,0,0,0,0,0,0,15
Maynooth Lodge Nursing Home Ltd,3,2,1,0,1,2,2,2,0,1,0,1,15
Amber Health Care Limited,6,0,0,0,0,0,2,2,2,0,0,3,15
Wuxi Vaccines Ireland Limited,3,0,3,0,0,0,3,3,3,0,0,0,15
First Care Beneavin Manor Ltd,0,0,0,2,0,0,2,6,2,1,0,2,15
Boston Scientific Limited,3,1,3,1,0,0,0,1,1,1,1,3,15
Aisling Dino Limited,0,3,4,0,6,0,0,0,1,1,0,0,15
SRCW Limited,1,1,8,2,0,0,0,0,0,0,0,3,15
Firstcare Beneavin Lodge Limited,0,0,2,0,2,1,0,4,3,1,2,0,15
Valcao Ltd,0,0,0,0,0,0,12,2,0,0,0,1,15
Bloodaxe 1 Productions DAC,0,0,1,0,0,10,2,1,1,0,0,0,15
NUI Galway,0,0,0,0,1,0,2,3,2,0,6,1,15
Murphy International Ltd,1,0,6,0,1,0,1,2,2,0,1,1,15
Cooley Nursing Home Ltd,3,1,5,1,1,0,0,0,1,1,2,0,15
Traditional Meat Company (Ireland) Unlimited Company,1,0,11,2,0,0,0,0,0,0,0,0,14
Citco Fund Services (Ireland) Limited,1,1,2,2,0,0,1,1,1,2,3,0,14
Chewbay Limited,3,0,0,0,0,0,0,9,1,0,1,0,14
CareBright,3,3,3,1,1,0,0,0,0,0,1,2,14
Connolly Hospital,0,0,1,0,0,5,4,1,1,0,0,2,14
Golden Dale Unlimited Company,2,1,4,1,0,0,0,0,0,4,1,1,14
Tempside Ltd,0,1,1,0,4,2,0,1,0,0,5,0,14
Gleeson Steel & Engineering Limited,0,0,0,0,2,0,0,0,0,1,3,8,14
Martin Ryan Haulage Limited,3,0,0,0,0,0,0,2,3,1,3,2,14
Tata Consultancy Services Ireland Limited,3,0,0,0,3,0,1,1,3,2,1,0,14
Newbrook Nursing Home Unlimited Company,4,0,0,1,0,2,1,1,1,3,1,0,14
Pudaxa Limited,0,3,0,3,3,0,2,0,1,0,0,2,14
Just Better Care Limited,0,0,0,0,0,5,1,1,0,0,2,5,14
Dún Laoghaire Rathdown County Council,0,1,1,2,0,1,1,4,2,1,0,1,14
RSM Ireland Business Advisory Limited,0,1,3,0,0,0,2,1,3,0,3,1,14
Lisheen Nursing Centre Limited,9,2,2,1,0,0,0,0,0,0,0,0,14
Little Harvard Childcare Limited,0,1,0,0,0,0,6,0,2,2,0,3,14
Dunboyne Nursing Home,2,3,4,1,0,0,1,0,1,1,0,1,14
Lotus Automation Ireland Ltd,0,3,1,0,2,1,2,2,1,0,1,1,14
Cadence Design Systems (Ireland) Limited,2,0,2,1,0,0,2,2,0,1,3,1,14
Admore Structures Limited,8,1,1,4,0,0,0,0,0,0,0,0,14
ICON Clinical Research Limited,0,0,1,1,0,1,1,3,0,3,2,2,14
Radiance Star Limited,0,0,0,0,3,3,2,3,1,0,2,0,14
Guedson De Moraes Construction Limited,4,1,4,1,1,0,1,0,0,0,0,1,13
Newmarket Nursing Home Limited,1,2,1,0,0,0,0,4,0,1,3,1,13
Boran Packaging Limited,4,0,0,0,1,0,0,1,4,0,1,2,13
Newcastle West Nursing Home Limited,1,0,1,0,0,0,0,0,4,7,0,0,13
Póg Fro-Yo Limited,0,1,1,0,2,1,2,2,0,1,1,2,13
Alexion Pharma International Operations Limited,0,1,0,3,1,0,0,1,4,0,3,0,13
Teach Altranais Charna Cuideachta Neamhtheoranta,1,0,0,0,0,1,6,1,1,2,0,1,13
Carnalway Freight Limited,0,2,1,0,0,2,6,1,1,0,0,0,13
Oaklands Garage Limited,0,2,0,0,1,4,4,1,1,0,0,0,13
Perennial Freight Limited,3,0,2,1,5,2,0,0,0,0,0,0,13
Raytoon Limited,4,0,0,0,0,0,0,0,0,1,7,1,13
Dream Road Limited,1,0,2,0,0,0,1,3,1,0,4,1,13
IP Passenger Services Limited,10,0,0,0,1,0,0,0,2,0,0,0,13
Brookfield Care Centre Limited,4,1,0,0,0,0,3,3,0,1,1,0,13
Abbey Haven Care Centre Nursing Home Ltd,2,0,1,0,2,0,0,1,3,3,1,0,13
Suretank Limited,0,0,0,0,0,0,0,0,9,2,1,1,13
Aspiegel SE,0,0,1,4,0,4,1,0,1,1,0,1,13
Dennison Trailers Unlimited Company,0,4,0,0,0,1,0,0,0,6,2,0,13
Yahoo EMEA Limited,5,0,0,1,0,1,1,4,1,0,0,0,13
My Life by Estrela Hall Limited,1,0,0,0,0,1,0,0,0,4,6,1,13
LinkedIn Ireland Unlimited Company,2,2,0,2,1,0,3,0,1,1,1,0,13
Waterford/Wexford Mental Health Services,0,0,0,0,0,2,5,2,0,2,2,0,13
Hope Autism Care Centre,3,0,0,0,0,0,0,0,5,4,1,0,13
Heritage Homecare Limited,1,2,6,0,0,0,0,3,0,1,0,0,13
PSC Biotech Limited,2,1,0,0,1,0,0,2,3,2,0,1,12
John Sisk & Son (Holdings) Limited,2,2,2,0,1,1,3,0,0,1,0,0,12
Activision Blizzard Ireland Ltd,3,2,1,1,1,0,0,0,1,3,0,0,12
Grady Window Manufacturers Limited,0,3,1,0,0,0,0,0,0,5,3,0,12
Mc Kenna Mushrooms Limited,2,0,0,0,1,2,0,4,0,0,3,0,12
The Village Nursing Home Ltd,3,0,1,0,0,0,2,4,0,0,1,1,12
Gowran Abbey Nursing Home Limited,5,2,0,1,0,0,0,2,0,1,0,1,12
The Hospital for the Relief of Poor Lying-In Women Dublin,2,0,1,0,1,1,0,1,1,3,1,1,12
Setanta Vehicle Sales North Ltd,3,2,0,0,0,0,0,0,2,4,1,0,12
Kepak Longford Unlimited Company,4,0,5,1,0,1,0,0,1,0,0,0,12
Health Service Executive DML (Midland Area),4,7,0,0,0,0,0,0,1,0,0,0,12
Michael Cronin (Readymix) Unlimited Company,0,0,0,0,0,0,0,0,11,1,0,0,12
Mount Hybla Nursing Home Limited,2,0,1,3,0,0,0,1,0,1,2,2,12
Joriding Ltd,3,0,0,3,0,1,0,0,0,0,1,4,12
Mazeppa Limited,3,0,2,1,3,1,1,1,0,0,0,0,12
Greaney Concrete Products Ltd,0,0,0,0,0,0,5,2,0,5,0,0,12
JMW Farms (Irl) Limited,0,2,5,0,0,0,0,0,0,3,0,2,12
H.McLaughlin & Sons Limited,5,0,0,1,1,1,0,3,0,0,1,0,12
Engineering Support & Services Limited,0,0,1,0,0,1,0,0,2,4,3,1,12
Wills Bros Limited,0,2,0,1,1,0,0,1,2,3,1,1,12
Anglo Beef Processors Ireland,0,0,0,0,0,1,0,0,0,0,0,11,12
Crewit Resourcing Limited,1,0,0,9,1,0,0,0,0,1,0,0,12
Killarney Precision Engineering Limited,0,3,4,0,1,0,1,1,0,0,2,0,12
Version 1 Software Limited,0,0,0,1,0,0,2,0,3,1,5,0,12
Cubic Telecom Limited,0,0,1,0,1,2,0,1,3,1,2,1,12
Digital Coder Limited,0,3,4,4,0,0,1,0,0,0,0,0,12
Tricel (Killarney) Unlimited Company,10,0,0,0,1,0,0,1,0,0,0,0,12
Mullinahinch House Private Nursing Home Limited,1,3,2,2,0,2,0,1,0,1,0,0,12
DBFL Consulting Engineers Limited,0,2,0,0,0,0,0,1,0,8,1,0,12
MSD International GmBh T/A MSD Ireland (Dunboyne Biologics),0,0,0,1,0,0,0,4,3,2,1,1,12
O'Toole Transport Limited,1,2,1,1,0,0,1,0,0,0,6,0,12
The Spitjack Limited,2,1,1,0,1,0,3,2,0,0,1,1,12
Accountancy & Business College (Ireland) Ltd,1,0,1,1,1,0,0,2,3,1,0,2,12
Camphill Communities of Ireland,0,0,7,0,0,0,0,0,1,3,0,1,12
Beechfield Manor Nursing Home Limited,5,0,1,0,1,0,0,1,1,2,0,1,12
Safari Childcare Ltd.,0,0,1,1,0,0,2,0,1,2,3,1,11
Keeper Pictures Limited,3,0,0,0,0,0,3,4,0,1,0,0,11
IBM Global Services Limited,2,1,0,0,1,0,1,1,1,2,0,2,11
Athlunkard Nursing Home Limited,2,0,0,0,1,0,0,2,1,0,1,4,11
Stablefield Ltd,0,0,0,0,0,0,5,5,1,0,0,0,11
Saint John of God Hospital Company Limited by Guarantee,1,1,0,0,0,0,0,1,7,1,0,0,11
Revive Environmental International Limited,0,1,1,2,1,1,0,2,3,0,0,0,11
Regeneron Ireland DAC,1,1,0,2,1,0,0,1,2,0,1,2,11
KMG Mechanical Services Limited,0,0,10,0,0,0,0,0,0,1,0,0,11
Rij Regenair8 Ltd,2,0,9,0,0,0,0,0,0,0,0,0,11
Joe Duffy Motors Limited,0,0,0,0,0,1,3,2,4,0,0,1,11
Walls Construction Limited,0,3,0,1,1,3,0,0,0,1,1,1,11
L & R Warehousing & Logistics Limited,0,1,3,0,3,0,0,0,0,0,4,0,11
St. Michael's Nursing Home Limited,1,0,3,1,2,0,0,2,1,0,0,1,11
Moorehall Healthcare (Drogheda) Limited,7,1,1,0,0,0,0,0,1,1,0,0,11
Kilcarrig Quarries (Ireland) Limited,2,5,0,0,1,0,0,0,0,1,1,1,11
Holy Faith Convent,1,1,1,0,0,1,1,1,4,1,0,0,11
Domanska Ltd,2,0,6,0,0,1,1,0,1,0,0,0,11
Killarney Telecommunications Ltd,0,0,9,1,0,0,0,0,0,0,0,1,11
Aer Lingus  Limited,4,0,0,1,3,0,0,1,0,0,1,1,11
Bartra Propco (No. 26) Limited,9,0,2,0,0,0,0,0,0,0,0,0,11
Toasttab Ireland Limited,0,0,2,1,1,2,2,0,1,1,1,0,11
Brophy Produce LTD,0,0,0,0,8,0,0,0,0,0,0,3,11
Tara Winthrop Private Clinic Limited,1,5,1,0,1,0,1,0,2,0,0,0,11
Springwood Nursing Homes Limited,2,2,2,0,0,3,2,0,0,0,0,0,11
PJ Logistics Ltd,0,0,0,1,5,0,0,1,0,0,2,2,11
Cummer Care Ltd,2,1,3,1,0,0,2,0,0,2,0,0,11
Brian McEnery,2,4,2,2,1,0,0,0,0,0,0,0,11
Brooklodge Nursing Home Limited,2,0,1,0,1,0,0,0,2,2,2,1,11
Globoforce Limited,2,1,0,0,0,0,0,2,3,0,3,0,11
Kilbrew Recuperation and Nursing Care Ltd,1,0,1,0,1,3,1,1,1,0,0,2,11
Stryker European Operations Limited,1,1,1,1,0,0,2,2,0,1,0,2,11
S & A Hayes Mechanical and Engineering Limited,0,0,1,0,6,0,1,1,0,1,1,0,11
Mater Private Cork,3,2,2,0,1,0,1,0,0,0,2,0,11
Willoway Nursing Home Ltd,3,2,1,1,0,0,0,1,0,2,0,1,11
Ennis Road Care Facility Limited,0,0,0,0,0,0,0,0,0,2,4,5,11
Willis Towers Watson (Ireland) Limited,5,1,1,1,0,0,1,0,1,1,0,0,11
Daktu Designated Activity Company,0,0,0,0,6,5,0,0,0,0,0,0,11
Connaught Electronics Limited,1,1,1,1,0,1,2,0,1,1,1,1,11
Glanua Ireland Limited,0,1,1,0,0,2,0,0,5,1,1,0,11
Gutyiera Limited,0,0,1,0,1,0,1,2,1,2,0,2,10
Atlantic Troy Limited,4,0,1,0,0,0,1,0,0,1,3,0,10
Connolly Meats Limited,0,0,0,0,0,1,2,5,2,0,0,0,10
Ventside Unlimited Company,2,0,3,0,1,0,1,0,0,0,2,1,10
Enache Contracting Limited,9,1,0,0,0,0,0,0,0,0,0,0,10
AECOM Ireland Limited,1,3,0,0,0,0,1,1,1,2,0,1,10
Lough Eske Developments Limited,6,0,0,0,0,0,0,0,0,0,0,4,10
Ormond Healthcare Ltd,0,1,1,0,0,0,1,1,5,1,0,0,10
BDO,0,0,0,0,1,4,1,1,1,1,1,0,10
Beaumont Convalescent Home,1,0,3,0,1,0,0,2,1,0,1,1,10
Motor Services Limited,2,1,1,0,0,2,1,0,0,3,0,0,10
Lesv Limited,3,1,0,0,0,1,0,1,2,1,1,0,10
Camile Thai Kitchen Limited,1,2,3,2,1,0,0,1,0,0,0,0,10
Sisters of Charity of the Incarnate Word,1,0,0,0,0,0,1,0,0,4,3,1,10
Lavina Nursing Agency Limited,0,0,2,0,5,0,0,0,1,1,1,0,10
Brendan Meehan Controls (Manufacturing) Limited,1,0,0,0,0,1,3,1,0,0,1,3,10
Castle Homecare Limited,1,0,0,1,4,0,0,2,2,0,0,0,10
Infineon Technologies Semiconductor Ireland Ltd.,0,1,2,0,0,0,1,1,0,1,1,3,10
Gourmet Tart Company Limited,1,0,0,0,0,0,3,5,0,0,1,0,10
Our Lady's Manor CLG,0,1,0,0,2,1,2,1,1,1,1,0,10
Treehouse Media Limited,1,0,0,0,0,0,3,0,3,3,0,0,10
University of Limerick,1,1,1,0,1,1,1,0,1,2,1,0,10
Avanacar Ltd,3,2,0,1,0,0,0,0,1,3,0,0,10
Nicholas O'Dwyer Limited,2,0,1,0,0,0,1,0,1,1,3,1,10
Goggins Transport Company Limited,4,0,2,1,1,0,0,0,0,0,1,1,10
Go-Ahead Transport Services (Dublin) Limited,0,0,0,0,0,0,0,7,2,1,0,0,10
Glenmore Farms Limited,0,0,0,0,4,3,1,2,0,0,0,0,10
Keeva Consulting Limited,0,0,0,0,0,0,0,1,3,5,1,0,10
Cahercalla Community Hospital,3,0,4,0,0,0,0,0,0,3,0,0,10
National Rehabilitation Hospital,2,0,0,0,0,0,2,3,0,1,2,0,10
GlobalLogic Software and Technology Ireland Limited,3,0,1,1,0,0,0,2,1,2,0,0,10
VIEC Two Limited,1,2,3,0,0,1,1,0,0,1,1,0,10
Cairn Homes Construction Ltd,0,0,1,0,1,0,1,3,2,0,2,0,10
Unique Fitout ULC,0,0,0,6,3,0,0,1,0,0,0,0,10
Global Asian Restaurants Limited,0,2,5,0,0,0,0,0,1,1,1,0,10
Tullow Mushroom Growers Limited,7,2,1,0,0,0,0,0,0,0,0,0,10
Kyte Powertech Limited,0,0,0,3,1,0,0,0,0,3,3,0,10
Glenmore Generation Ltd.,0,0,0,0,1,7,2,0,0,0,0,0,10
Cargo Power Logistics Ltd,2,0,0,0,2,2,0,0,0,4,0,0,10
SignaCare Bunclody Limited,5,1,0,0,0,0,0,3,1,0,0,0,10
Abbeylands Nursing Home & Alzheimers Unit Ltd,3,2,0,1,0,0,0,0,0,1,0,3,10
MHLB Limited,4,5,0,0,0,0,0,0,0,0,0,1,10
South East Technological University,1,2,1,1,0,0,0,2,2,1,0,0,10
Neville Hotels ULC,1,2,1,0,0,0,1,0,1,4,0,0,10
Wings International Cuisine Ireland Limited,3,1,4,0,0,1,0,0,0,0,1,0,10
Travglen Limited,0,0,4,0,0,0,1,0,2,1,0,2,10
SOTI Ireland Ltd,1,1,0,0,2,0,0,2,3,0,0,1,10
Apollo Electrical Limited,0,2,4,2,0,0,0,1,1,0,0,0,10
Hertel (Ireland) Ltd,0,0,3,3,0,0,0,0,0,4,0,0,10
Circus Gerbola (2013) Limited,0,0,0,0,0,0,0,0,0,9,1,0,10
Lintbrook Limited,0,3,1,0,1,1,0,1,0,0,1,2,10
Flannery's Nursing Home Limited,2,0,3,0,0,0,0,0,0,0,1,4,10
Alpine Healthcare Limited,1,0,1,0,0,0,0,5,0,3,0,0,10
Evergreen Tech Development Limited,0,0,0,0,0,0,0,2,0,5,1,2,10
Cleary & Doyle Construction Limited,1,0,1,0,2,1,0,1,2,1,1,0,10
Cosgrave Nursing Consultancy Limited,0,0,2,0,0,0,0,0,3,2,0,3,10
Little Rainbows Limited,2,0,0,0,3,0,0,0,0,2,3,0,10
Mirha & Aliha Limited,1,0,0,0,0,0,0,0,1,3,2,3,10
Mullally Haulage Limited,5,0,0,0,3,2,0,0,0,0,0,0,10
Dundrum Steel RHD Limited,4,1,0,1,1,0,1,0,0,0,2,0,10
St Luke's Radiation Oncology Network,1,3,0,0,0,2,0,0,1,0,3,0,10
Kare Plan Limited,0,0,0,0,0,0,3,1,0,2,1,3,10
Bridhaven Nursing Home Limited,2,1,2,0,0,2,1,2,0,0,0,0,10
Bus Éireann - Irish Bus,0,0,4,0,2,0,0,2,0,1,0,1,10
Applied Process Company Limited,5,0,0,1,0,0,0,0,1,1,1,1,10
Aptiv Global Operations Limited,1,0,2,1,0,2,0,2,1,1,0,0,10
O'Carroll Fitzgerald Project & Commercial Management Limited,2,0,0,0,1,0,0,1,1,2,3,0,10
Irish Rugby Football Union,0,0,1,2,0,1,0,2,0,2,1,0,9
NGS Products (Shannon) Ltd,3,0,2,0,3,0,0,1,0,0,0,0,9
Combilift Unlimited Company,0,0,0,0,0,0,0,0,0,6,1,2,9
Vhi Group Services Designated Activity Company,0,0,0,0,0,0,1,1,0,2,2,3,9
Budlite Healthcare Limited,0,0,0,0,0,0,0,0,0,1,2,6,9
Arnotree Limited,0,3,4,0,0,0,0,0,2,0,0,0,9
SITA Information Networking Computing Ireland Limited,1,1,3,2,0,0,0,0,0,0,1,1,9
Vodafone Ireland Limited,2,2,2,0,1,0,0,0,0,0,2,0,9
Endress + Hauser (Ireland) Limited,0,1,0,1,0,2,0,2,0,3,0,0,9
W.& H. Steel & Roofing Systems Limited,0,9,0,0,0,0,0,0,0,0,0,0,9
Powercomm Engineering Limited,2,0,2,0,1,1,0,0,2,0,1,0,9
Grid Team Services (Ireland) Limited,8,0,0,0,0,1,0,0,0,0,0,0,9
Capital Formworks Ltd,2,4,2,0,1,0,0,0,0,0,0,0,9
M and N Staff Agency Limited,1,2,1,1,0,0,3,0,0,1,0,0,9
Fairfield Nursing Home Ltd.,4,3,0,0,1,0,0,0,1,0,0,0,9
Vertex Roofing Systems Limited,1,2,0,0,0,0,0,2,0,0,2,2,9
Glenaulin Residential Care Limited,0,6,0,0,0,2,0,0,0,0,0,1,9
Kiernan Milling Unlimited Company,3,0,0,2,2,0,2,0,0,0,0,0,9
M.J. Quinn Unlimited Company,0,1,0,1,1,1,1,0,1,1,2,0,9
Ballincurrig Care Centre Ltd,0,0,0,0,0,0,0,8,1,0,0,0,9
Sunacrest Ltd,0,3,3,0,0,0,0,0,1,0,2,0,9
New Orient Limited,1,2,1,0,1,0,0,0,0,2,2,0,9
Three Ireland (Hutchison) Limited,0,0,0,0,0,1,0,1,2,2,2,1,9
Fáisc Miotail Eireann Teoranta,0,0,0,0,1,0,0,2,3,1,1,1,9
Protrans Limited,0,1,0,0,1,1,0,0,0,4,1,1,9
Kingdom Home Care Services Limited,3,3,3,0,0,0,0,0,0,0,0,0,9
Barretstown,0,0,1,0,0,0,5,0,3,0,0,0,9
Ti Rushmore Limited,0,3,0,0,1,0,1,1,2,0,1,0,9
PJ Martley Ltd,0,0,1,0,0,0,5,1,1,0,0,1,9
St Vincents Healthcare Group,0,1,0,0,0,3,2,2,0,0,0,1,9
A Willi Ltd,0,0,0,0,0,0,4,1,1,0,3,0,9
Bon Secours Health System Company Limited by Guarantee,1,0,3,0,1,0,0,0,2,1,1,0,9
Homecarer Trusted Independent Living,0,4,0,0,2,0,0,0,1,2,0,0,9
Bartra OPCO No.1 Limited,3,1,2,0,0,0,0,0,1,1,1,0,9
Lawson House Nursing Home Ltd,0,5,0,0,0,0,0,0,4,0,0,0,9
Trinity Biotech Manufacturing Limited,1,0,0,0,0,2,2,3,0,1,0,0,9
Purple Acorn Limited,4,3,0,0,0,0,1,0,0,0,0,1,9
Future Grass Technology Limited,0,0,3,1,1,0,0,0,0,2,1,1,9
Irish Dog Foods Limited,0,0,0,0,0,0,0,0,7,1,1,0,9
ASML Ireland Limited,1,1,1,1,2,1,0,0,0,1,1,0,9
People Resourcing,7,1,0,0,0,0,0,0,0,1,0,0,9
Jacobs Engineering Ireland Ltd,1,2,0,0,0,0,1,0,0,0,4,1,9
Gemcon Limited,0,4,1,0,0,0,1,0,1,2,0,0,9
Order of St Camillus,3,5,0,0,0,0,0,1,0,0,0,0,9
AbbVie Ireland NL BV,0,3,1,1,0,0,0,0,2,2,0,0,9
"Mental Health Services, Cork and Kerry",0,0,0,1,0,1,4,0,0,1,0,2,9
BKE Care Ltd,1,4,0,0,0,0,0,0,0,2,2,0,9
Templemichael Nursing Home Limited,2,1,2,1,0,0,0,0,0,1,2,0,9
Nalgec Limited,2,2,1,0,0,0,0,0,0,3,0,1,9
Irish Commercials (Sales) Ltd,1,0,1,1,3,1,1,1,0,0,0,0,9
Kilminchy Lodge Nursing Home Ltd,2,4,0,0,0,1,0,0,0,0,0,2,9
Cooksgrove Limited,0,0,0,2,0,0,0,0,0,0,0,7,9
Hotel Merrion Limited,0,0,4,0,1,0,0,1,1,0,2,0,9
Tipperary Sustainable Food Company,4,3,2,0,0,0,0,0,0,0,0,0,9
Mastek Limited,5,1,0,0,0,0,0,0,2,0,0,1,9
Beaumont Residential Care Limited,2,0,0,0,0,0,3,1,0,1,1,1,9
Smithstown Light Engineering Unlimited,1,1,3,0,0,0,0,2,0,2,0,0,9
Coldridge Scaffolding Limited,0,0,9,0,0,0,0,0,0,0,0,0,9
Angelshine Limited,3,0,0,0,1,0,0,0,0,3,2,0,9
St Joseph's Nursing Home Ltd,0,0,0,0,0,0,0,8,0,0,0,0,8
Verizon Services Ireland Limited,2,1,0,2,1,0,0,0,2,0,0,0,8
Borris Lodge Nursing Home Ltd,2,2,2,1,0,0,1,0,0,0,0,0,8
The Coombe Hospital,2,0,2,2,0,0,1,0,0,1,0,0,8
Ryan Hanley Limited,1,0,0,0,0,0,0,0,4,3,0,0,8
Musgrave Limited,2,0,0,0,1,0,0,2,1,1,0,1,8
Newpark Care Centre Ltd,1,2,0,0,1,0,1,1,0,1,0,1,8
Zoetis Belgium S.A.,0,1,0,0,0,0,1,1,1,2,1,1,8
RAH Home Care,0,0,0,0,0,0,1,0,2,3,1,1,8
Commission for Regulation of Utilities,2,0,2,0,0,0,0,0,2,1,1,0,8
KSK Rathmor Engineering Limited,0,0,0,0,0,4,0,1,0,2,1,0,8
Herbie Stephenson Limited,0,0,1,0,3,0,1,1,2,0,0,0,8
Atlantic Projects Company Limited,0,0,0,0,4,0,0,0,1,1,1,1,8
Thomond Care Services Limited,0,0,0,1,0,1,0,0,3,0,1,2,8
Aerogen Limited,1,0,1,0,0,0,0,1,1,0,1,3,8
Hertz Europe Service Centre Limited,0,0,0,1,0,2,2,1,0,0,2,0,8
Doonaroom Ltd,2,2,0,1,0,0,0,0,0,1,0,2,8
Foxberry Ltd,0,4,2,0,0,0,0,0,0,0,2,0,8
Blessington Stone + Concrete Plant Hire Ltd,0,0,0,0,3,0,2,0,2,0,1,0,8
A Willi Ltd.,0,7,1,0,0,0,0,0,0,0,0,0,8
Dornan Engineering Limited,2,1,3,0,0,0,1,0,0,0,1,0,8
Glengara Park Nursing Home Limited,1,1,0,2,0,0,1,3,0,0,0,0,8
Chanelle Pharmaceuticals Manufacturing Limited,0,0,0,1,0,0,6,0,0,0,0,1,8
Astatine Limited,2,0,1,0,1,1,1,2,0,0,0,0,8
Popular Motors Limited,0,5,0,0,0,0,3,0,0,0,0,0,8
Summit Scaffolding Ltd,0,0,7,0,0,0,0,0,0,1,0,0,8
Flamers Ltd,0,0,0,0,0,0,0,1,1,4,1,1,8
Duffy's Circus Limited,0,0,0,0,0,0,0,0,0,7,0,1,8
Isoft Digital Transformation Limited,0,0,0,0,0,0,2,0,0,3,2,1,8
Dunmurry West Care Homes Limited,5,0,0,0,0,0,0,2,0,1,0,0,8
Galway Truck and Van Centre Ltd,0,0,0,0,0,0,1,4,0,1,0,2,8
Ballon Meats UC,0,1,0,3,0,1,0,2,0,0,0,1,8
Unum Ireland Ltd.,0,0,3,1,1,1,0,0,0,1,1,0,8
McMorrow Haulage,0,0,0,0,3,0,4,0,0,0,0,1,8
Leonard Steel Limited,0,0,0,0,0,0,0,4,1,3,0,0,8
2K Games Dublin Limited,1,0,0,0,0,0,2,1,2,2,0,0,8
Innopharma Technology Limited,0,0,2,1,0,1,0,2,1,0,1,0,8
Omega Nursing Home Limited,0,2,1,1,0,0,0,0,4,0,0,0,8
Beech Tree Healthcare limited,0,2,0,0,0,0,0,1,0,0,4,1,8
Glenageary Nursing Home Limited,3,1,2,0,0,0,0,0,1,0,0,1,8
Andhra Bhavan Abbey Street Limited,2,0,0,0,0,1,2,0,0,0,1,2,8
MetLife Services EEIG,1,1,2,0,0,0,0,0,1,0,3,0,8
County Waterford Farm Relief Services limited,0,3,0,1,0,0,0,0,3,0,1,0,8
The Residence PL Limited,1,1,1,0,0,0,0,1,3,1,0,0,8
Eurofins Biomnis Ireland Limited,2,1,2,0,1,0,0,0,0,0,2,0,8
Alan Mulligan Contracts Limited,0,0,2,0,1,0,0,4,1,0,0,0,8
University College Cork,1,1,1,2,0,0,1,1,1,0,0,0,8
Trinity Support & Care Services Ltd,2,0,1,0,1,0,1,1,2,0,0,0,8
Alfa Electrical Ltd.,0,0,0,0,0,0,0,0,0,8,0,0,8
MDS Commercial Centre Europe Ltd,2,0,1,0,1,1,2,0,0,1,0,0,8
Nursing and Caring Services Limited,1,3,0,0,0,1,1,0,0,2,0,0,8
PayPal Europe Services Limited,0,0,0,0,1,0,0,0,1,2,3,1,8
Droimnín Nursing Home Limited,0,2,0,0,0,0,0,2,3,1,0,0,8
Claremount Nursing Home Ltd,0,1,0,0,2,0,1,3,0,0,1,0,8
Solus Healthcare Services Limited,0,4,4,0,0,0,0,0,0,0,0,0,8
Lyons of Limerick Ltd,5,2,0,0,0,1,0,0,0,0,0,0,8
Cherry Grove Nursing Home Limited,0,3,2,0,0,0,0,0,1,0,1,1,8
D. Leonard Civil Engineering Services Ltd,0,1,0,1,1,0,0,1,1,1,2,0,8
Gerson Lehrman Group (Ireland) Limited,0,2,0,1,0,0,0,0,1,0,4,0,8
Skeagh Farms Unlimited Company,0,0,0,0,0,0,2,1,0,3,1,1,8
Drumbo Mushrooms Limited,0,1,2,0,0,0,0,4,0,1,0,0,8
Stella Maris Residential Care Limited,2,0,0,1,0,0,0,0,0,4,0,1,8
Malanaphy Machinery Ltd,3,0,2,0,1,0,2,0,0,0,0,0,8
Maryborough Nursing Home Limited,3,3,0,0,0,0,0,1,0,0,0,1,8
DSW Homecare Services Limited,3,0,1,1,1,0,0,0,2,0,0,0,8
KLA-Tencor Ireland Limited,2,1,3,0,0,0,1,0,0,0,0,1,8
St. Attracta's Nursing Home UC,2,1,1,1,0,1,0,0,0,0,1,1,8
Freeburn Transport Limited,0,3,0,0,0,0,0,0,0,5,0,0,8
Darragh McArdle Engineering Limited,0,0,1,5,0,0,0,0,1,0,1,0,8
Belmont Care Limited T/A Belmont Nursing Home,0,0,1,1,0,0,0,1,2,1,1,1,8
Dell Products Unlimited Company,1,2,1,0,0,0,1,1,0,1,1,0,8
KETA Products Limited,1,1,0,0,2,0,0,0,1,0,3,0,8
Royal College of Surgeons In Ireland,0,0,2,0,0,0,5,0,1,0,0,0,8
Diva Design & Software Limited,0,0,0,0,0,0,0,0,1,3,1,3,8
The Cartoon Saloon Ltd,0,0,0,0,1,2,1,2,1,0,1,0,8
Brampton Care Ltd,0,1,1,1,0,0,1,1,1,0,2,0,8
SeaQuest Engineering Limited,2,0,0,1,2,1,0,0,1,0,1,0,8
HCL Technologies Limited,2,0,1,0,1,0,0,0,0,1,3,0,8
MongoDB Limited,0,0,1,0,0,0,2,1,0,0,2,2,8
Squarespace Ireland Limited,0,0,0,1,0,0,2,1,1,0,3,0,8
Automated Systems and Controls Limited,1,1,0,0,0,0,6,0,0,0,0,0,8
Power Leisure Bookmakers Limited,3,3,0,1,0,0,0,0,0,0,1,0,8
Kerry Mechanical Engineering Ltd,2,1,0,0,0,0,2,2,0,0,1,0,8
Enva Ireland Limited,0,0,0,0,0,0,0,0,4,1,0,2,7
Swim Max Limited,1,5,0,0,0,0,1,0,0,0,0,0,7
Tobin Consulting Engineers,0,0,2,0,2,0,1,1,0,1,0,0,7
Luke Bogue Enterprises Unlimited Company,0,0,0,3,0,0,4,0,0,0,0,0,7
Clondrisse Pig Farm Limited,0,0,0,0,0,3,0,0,0,2,1,1,7
John Paul Construction Limited,3,1,0,0,0,0,1,1,0,0,0,1,7
HSE CHO Dublin City and County,0,5,0,0,0,0,1,0,0,0,0,1,7
SW Restaurant Limited,1,1,0,0,0,0,1,1,0,0,3,0,7
Enable Ireland Disability Services,0,1,0,0,0,2,0,0,1,0,1,2,7
Hobartstown Ltd,0,0,5,0,0,0,0,1,0,0,0,1,7
Privapath Diagnostics Limited,5,0,0,1,0,0,0,1,0,0,0,0,7
Aon Broking Technology Limited,0,0,0,0,0,0,0,4,0,2,1,0,7
Rahat Perveen Holdings Limited,0,0,0,0,0,0,0,1,0,2,1,3,7
Apex Fund Services (Ireland) Limited,0,0,3,1,0,0,0,0,0,2,0,1,7
CareChoice Ballynoe Limited,2,1,1,0,0,0,0,1,1,0,0,1,7
GDC Construction Services Limited,0,2,0,0,0,0,0,0,5,0,0,0,7
Brookridge Farm Ltd,0,0,4,1,1,0,0,0,1,0,0,0,7
CareChoice Clonakilty Limited,2,1,0,0,0,0,0,0,1,0,1,2,7
S & R Tyres Limited,2,1,0,2,0,0,0,0,2,0,0,0,7
Gas Networks Ireland,0,0,0,0,2,0,0,1,1,2,0,1,7
Genpact Ireland Private Limited,0,0,1,0,3,0,0,0,2,1,0,0,7
Affidea Diagnostics Ireland Limited,0,0,0,1,0,1,0,0,2,0,0,3,7
Honeywell Control Systems Limited,0,4,1,1,0,0,0,0,0,1,0,0,7
Schivo Medical Limited,0,0,0,0,0,0,0,0,0,7,0,0,7
Windsor Motors Unlimited Company,0,0,0,0,1,0,5,1,0,0,0,0,7
Schneider Electric Ireland Limited,3,1,0,1,0,0,0,0,1,0,0,1,7
J.P. Ryan Limited,0,1,2,0,2,0,0,0,2,0,0,0,7
Mercury Engineering Limited,1,1,1,1,0,0,2,0,0,0,0,1,7
KKR Alternative Investment Management Unlimited Company,0,1,1,0,0,0,1,1,1,0,1,1,7
Portlaoise Logistics Limited,0,0,0,0,0,5,1,1,0,0,0,0,7
DOCO System Solutions Limited,1,0,0,0,0,0,0,0,0,2,4,0,7
Synopsys International Ltd,0,2,1,2,0,0,1,0,0,1,0,0,7
Black Shamrock Limited,0,3,0,0,0,2,0,0,2,0,0,0,7
Ashlawn Nursing Home Limited,0,0,1,0,0,1,0,1,1,3,0,0,7
Alltec Fibre Limited,2,0,0,0,0,1,1,0,0,0,3,0,7
Shannon Precision Engineering Limited,1,1,1,3,1,0,0,0,0,0,0,0,7
Worrell Harvesting Ltd,4,0,0,0,0,0,0,0,1,2,0,0,7
Teleflex Medical Europe Limited,2,0,0,0,0,0,1,1,0,2,0,1,7
Ashford House Nursing Home Limited,0,4,0,0,0,0,0,1,2,0,0,0,7
Midland Doorsets Limited T/A Doorsets Ireland,0,0,0,0,5,0,0,0,0,0,2,0,7
KVL Construction Limited,0,0,0,0,1,0,3,1,2,0,0,0,7
Mid Cork Pallets & Packaging Limited,0,0,0,0,0,0,0,7,0,0,0,0,7
Boston Scientific Cork,1,1,0,0,0,0,0,0,3,1,1,0,7
Liebherr Container Cranes Ltd,0,1,2,1,1,0,0,0,1,0,0,1,7
Terra Firma Stone Limited,1,2,0,0,0,0,0,0,3,1,0,0,7
Logitech Ireland Services Limited,0,0,2,0,1,0,0,1,0,1,1,1,7
Ethos Engineering Ltd,0,0,1,1,0,2,0,0,1,0,2,0,7
The Workman's Club Limited,1,2,0,1,1,2,0,0,0,0,0,0,7
M&M Moore Limited,0,0,0,2,1,0,0,3,1,0,0,0,7
Bord Gáis Energy,1,1,0,0,0,0,3,1,0,0,1,0,7
Castleross Nursing Home Limited,3,0,0,0,0,0,0,0,0,0,0,4,7
Comet Care Limited,1,0,1,1,0,0,0,0,1,3,0,0,7
Custom Compost UC,0,0,0,4,0,0,0,3,0,0,0,0,7
The Health Products Regulatory Authority (HPRA),1,3,0,0,1,0,0,0,0,1,0,1,7
Total Highway Maintenance Limited,0,0,2,1,0,0,0,2,0,1,0,1,7
Noel O'Shea (Plant) Limited,2,0,0,3,1,0,0,0,0,1,0,0,7
Watershed Company Limited,0,0,2,0,0,2,0,0,1,1,1,0,7
G & T Gallen Ltd,1,1,0,0,1,1,0,0,2,0,0,1,7
M&P O Sullivan Ltd,0,0,0,0,0,0,0,1,0,0,6,0,7
Resot Ltd,0,0,0,0,0,2,1,1,0,2,1,0,7
Saivikasdal Limited,0,2,3,0,0,0,2,0,0,0,0,0,7
E and R Formwork Limited,0,1,1,2,0,0,0,0,3,0,0,0,7
Milgan & Dilgan Limited,0,1,1,0,0,0,0,0,0,1,4,0,7
KNC Construction Limited,0,0,0,1,0,0,0,0,6,0,0,0,7
Guidewire Software (Ireland) Limited,0,1,0,1,0,0,1,0,1,0,0,3,7
Central Remedial Clinic,1,1,0,0,0,1,1,1,0,0,2,0,7
We Love Duck Ltd,1,0,1,0,0,2,0,0,1,0,1,1,7
Eaton Industries (Ireland) Limited,1,1,0,1,0,0,0,0,0,2,1,1,7
P Mulrine & Sons (Sales) Unlimited Company,0,0,0,0,1,0,0,2,0,4,0,0,7
H&MV Engineering Limited,0,1,2,0,1,0,0,3,0,0,0,0,7
H & D Meats Ltd. Trading as Robinson Meats,2,0,0,1,2,0,0,0,0,0,2,0,7
Kinara Restaurant Limited,2,1,1,1,0,1,1,0,0,0,0,0,7
Newpark Hotel Limited,5,0,0,0,0,0,1,0,0,1,0,0,7
The Schoolhouse Hotel Limited,0,0,2,0,0,0,1,0,1,1,1,1,7
Sequana Management Limited,4,1,1,1,0,0,0,0,0,0,0,0,7
Reilly Mushrooms Ltd,0,7,0,0,0,0,0,0,0,0,0,0,7
Jamestown Manufacturing Limited,2,0,0,0,0,0,0,0,5,0,0,0,7
AWP Health & Life SA,1,2,1,1,1,0,0,0,0,1,0,0,7
Inland Properties Limited,3,2,0,0,1,0,0,1,0,0,0,0,7
Stephen Quinn Stone Mason Limited,3,0,0,0,0,1,0,1,1,0,1,0,7
Stepping Stones Care Limited,4,0,0,0,1,0,0,1,0,0,0,1,7
Proofpoint Ireland Limited,0,1,0,0,0,0,2,1,2,0,1,0,7
DPS Engineering & Construction Limited,5,0,0,0,0,0,0,2,0,0,0,0,7
Tara Pig Farms Ltd,2,0,2,1,0,0,0,1,0,0,0,1,7
Susquehanna International Group Limited,0,0,0,0,1,0,1,3,0,0,1,1,7
North Cork Electrical Limited,0,3,4,0,0,0,0,0,0,0,0,0,7
Zinc Processors Ltd,1,1,1,0,0,0,0,0,2,0,2,0,7
Ardancare Limited,1,0,0,1,0,1,0,2,0,0,0,2,7
Ballyconnell Pig Farms ULC,0,0,0,0,0,0,0,1,1,5,0,0,7
Diageo Ireland Holdings Unlimited Company,2,1,2,0,1,0,0,0,0,0,1,0,7
Citco Technology Management Ireland Limited,0,0,1,0,0,0,1,1,0,1,3,0,7
Oakwood Private Nursing Home Limited,0,2,1,3,0,0,0,0,0,0,0,1,7
CJ Hannon Construction Limited,0,0,0,0,0,0,0,3,2,2,0,0,7
Hitachi Energy Ireland Limited,1,0,0,0,1,0,0,2,0,1,1,1,7
Lincoln Healthcare Recruitment And Training Ltd,1,1,1,0,0,1,0,1,1,1,0,0,7
Kiernan Farms (Aughafad),0,0,0,0,0,0,0,3,1,1,2,0,7
Agri General Staff Solutions Ltd,0,0,0,1,1,0,0,5,0,0,0,0,7
VHI Health & Wellbeing DAC,1,0,0,1,0,1,4,0,0,0,0,0,7
PKF Brenson Lawlor Limited,1,1,0,1,0,0,0,1,1,1,0,1,7
O'Dwyer Transport and Warehousing Ltd,1,1,0,0,0,0,4,1,0,0,0,0,7
JMC Van Trans Ltd,4,3,0,0,0,0,0,0,0,0,0,0,7
BREFFNI CAREER SOLUTIONS LTD,0,0,0,0,0,0,0,0,0,0,0,7,7
Nikon Precision Europe GMBH,0,1,0,0,1,0,0,0,0,3,0,2,7
Realtime Technologies Ltd,4,0,0,0,0,1,0,0,1,0,1,0,7
Carriglea Cairde Services,0,0,0,0,4,0,0,0,0,2,1,0,7
Clune Mushrooms Ltd,6,0,0,0,0,0,0,0,1,0,0,0,7
Butterfly Care Limited,0,2,2,0,0,0,1,1,0,0,0,0,6
Brown Bag Films Unlimited Company,3,0,0,0,0,0,1,0,2,0,0,0,6
Bloomfield Care Centre CLG,0,0,1,0,0,0,0,0,0,1,1,3,6
Sergiy Melnyk,0,0,0,0,0,0,0,0,0,2,3,1,6
GE Healthcare Ireland Limited,1,0,1,0,0,0,0,1,1,1,1,0,6
Boogran Limited,1,0,3,0,0,0,0,0,2,0,0,0,6
McCulla (Ireland) Limited,0,5,0,0,0,1,0,0,0,0,0,0,6
Firstcare Earlsbrook House Limited,4,1,0,1,0,0,0,0,0,0,0,0,6
Bloomberg Data Management Services Limited,0,1,0,0,1,0,0,0,0,0,2,2,6
Tulway Limited,0,0,0,0,0,0,0,0,0,0,0,6,6
Tyrone Formwork Limited,0,0,0,0,0,0,0,0,0,0,4,2,6
Screen SPE Ireland Limited,1,3,2,0,0,0,0,0,0,0,0,0,6
Mediavest Ltd,1,0,0,0,1,1,0,0,1,0,1,1,6
Serenity Supported Homecare Limited,0,0,3,1,0,0,0,0,0,0,1,1,6
Candela Healthcare Ltd,4,1,0,1,0,0,0,0,0,0,0,0,6
BGH Ltd,3,0,0,1,0,0,0,1,0,1,0,0,6
Blue Demons Basketball Club,1,0,0,0,0,0,0,0,0,3,0,2,6
Galaxy Ireland Opco Limited,1,0,1,0,1,0,0,0,0,0,2,1,6
Bellurgan Precision Engineering Ltd,0,0,1,1,0,0,0,1,3,0,0,0,6
MCR Outsourcing Limited,0,1,3,0,0,0,1,0,0,0,1,0,6
"Userpilot, Inc.",0,0,0,0,0,0,0,0,0,1,5,0,6
McGraths Concrete Products Ltd,0,0,1,3,0,0,0,0,0,0,1,1,6
Sheephaven Properties,0,0,0,2,2,2,0,0,0,0,0,0,6
Fallon & Byrne Limited,2,0,0,0,0,0,1,2,0,1,0,0,6
McHale Engineering Unlimited Company,0,0,0,0,0,0,0,0,0,0,2,4,6
Sacred Heart Nursing Home,0,0,1,1,0,0,0,0,0,0,2,2,6
SDS (Structural Design Solutions) Limited,0,0,0,0,0,4,0,0,1,1,0,0,6
Saotharlann Chonamara Teo,0,1,0,0,1,0,0,2,1,0,0,1,6
Galway Roscommon Mental Health Service,1,0,0,1,0,0,2,1,0,1,0,0,6
Caceis Ireland Limited,4,0,0,0,0,0,0,0,1,0,1,0,6
BMC Nursing Home Limited,1,1,0,1,0,0,0,0,2,1,0,0,6
Byrne Mech Ltd,2,1,0,0,0,0,0,0,0,1,2,0,6
Kokoro Sushi Bento Limited,0,1,0,1,1,0,0,1,0,0,1,1,6
The Inn on Hibernian Way Limited,1,1,1,0,0,0,1,0,0,0,1,1,6
Ashley Lodge Nursing Home Ltd,2,0,1,1,1,0,0,1,0,0,0,0,6
Harvey Norman Trading (Ireland) Limited,0,2,0,1,1,0,0,0,0,0,1,1,6
Deel Ireland EOR Limited,0,0,0,1,1,0,1,2,1,0,0,0,6
Ashbury Nursing Home Ltd,1,1,0,1,0,0,1,0,0,0,0,2,6
Liberty Homecare Limited,0,3,0,1,0,0,0,1,1,0,0,0,6
Deerpark Civil Engineering (Ireland) Limited,0,0,1,0,1,1,1,0,0,0,0,2,6
Liberty Information Technology Limited,0,0,0,0,0,0,0,2,1,3,0,0,6
Mott MacDonald Ireland Ltd.,0,0,0,0,0,0,4,1,1,0,0,0,6
Xilinx Ireland Unlimited Company,0,2,0,0,0,0,0,2,0,0,2,0,6
Armalou Group Management Services Ltd,0,0,0,0,0,0,1,0,0,4,0,1,6
Drimbawn Mushrooms Ireland Unlimited Company,0,0,0,0,0,0,0,0,0,6,0,0,6
The Fruit People Limited,4,0,0,0,0,0,0,0,1,1,0,0,6
Inishowen Mushrooms Ltd,0,2,0,0,1,1,1,1,0,0,0,0,6
Commonstown Racing Stables Ltd,0,0,1,4,0,0,0,0,0,0,1,0,6
Drescator Limited,5,0,0,0,0,1,0,0,0,0,0,0,6
Moorehall Living Limited,2,0,0,0,2,0,0,0,1,1,0,0,6
Noragg Limited,2,0,1,0,0,0,0,0,1,0,1,1,6
H.A O'Neil Limited,0,2,0,0,0,1,0,1,1,0,0,1,6
Centric Health Primary Care Limited,0,0,1,0,0,1,0,1,0,0,2,1,6
Yivee Ltd,2,0,0,0,0,0,0,0,2,1,1,0,6
SLMW Restaurant Limited,0,1,1,0,0,0,0,0,2,0,1,1,6
Smith Groundworks Engineering Ltd,0,0,1,0,1,1,1,0,0,0,0,2,6
Waterman Moylan Consulting Engineers Limited,0,0,0,1,1,0,1,1,0,1,1,0,6
PFH Technology Group Unlimited Company,0,1,1,1,0,1,1,0,0,1,0,0,6
Yellowshar Bar & Restaurant Limited,1,0,2,1,0,0,0,1,0,0,1,0,6
"O'Connor, Sutton, Cronin & Associates Limited",1,1,1,0,0,0,0,1,1,0,1,0,6
Athassel House Stud Limited,0,0,2,1,0,0,0,0,0,0,0,3,6
The National Ballet of Ireland,0,0,0,0,0,0,0,3,3,0,0,0,6
Ducalla Limited,2,1,2,0,0,0,0,0,0,0,0,1,6
ASM Service Support Ireland Ltd,0,4,1,0,0,0,0,0,0,0,0,1,6
Web Hill Ltd,1,0,0,0,0,0,1,2,0,1,0,1,6
MSD International GmBh T/A MSD Ireland (Brinny),0,1,0,0,0,1,0,1,3,0,0,0,6
MSD International GmBh T/A MSD Ireland (Carlow),0,0,0,1,0,0,0,2,1,1,1,0,6
Process Engineering Specialists Limited,1,0,2,0,0,0,0,1,0,2,0,0,6
Tarrant International Transport Limited,0,0,0,0,3,1,0,0,1,1,0,0,6
DePuy Ireland Unlimited Company,0,0,0,0,1,0,0,0,1,1,0,3,6
People Pro Hr Limited,0,1,2,0,0,0,0,1,1,1,0,0,6
Derg Healthcare Limited,0,0,0,0,0,0,1,1,0,0,0,4,6
St. Joseph's Foundation CLG,0,0,0,0,0,0,0,0,0,5,1,0,6
Cloud Intersoft Limited,5,0,0,1,0,0,0,0,0,0,0,0,6
HSE Mid West,1,0,0,0,1,0,1,0,2,0,1,0,6
Quinn Downes Limited,1,1,0,0,1,0,0,1,1,0,0,1,6
Test Triangle Limited,0,0,0,0,0,0,1,0,0,2,2,1,6
TELUS International Services Limited - Reseller,0,0,0,0,0,0,0,1,2,3,0,0,6
HSE North Dublin Mental Health Services,0,0,0,0,0,0,0,3,0,0,3,0,6
Novartis Ireland Limited,1,0,1,0,1,0,0,1,1,1,0,0,6
Novelplast Teoranta,0,0,0,0,0,0,1,0,1,2,2,0,6
TH Mushrooms Ltd,0,0,4,2,0,0,0,0,0,0,0,0,6
DFDS Logistics Contracts (Ireland) Ltd,0,0,0,0,0,1,0,0,2,1,1,1,6
St. Helen's Hotel Unlimited Company,0,0,3,1,0,1,0,1,0,0,0,0,6
Huntsman (Western) Bottlers Limited,1,1,0,0,0,1,0,1,1,0,1,0,6
Hussein & Jeanette Ali Ltd,0,0,0,0,0,0,4,0,0,0,0,2,6
Amgen Technology (Ireland) Unlimited Company,1,1,1,0,1,0,0,0,0,2,0,0,6
Hibernia Services Limited,1,1,0,0,0,1,0,0,1,1,1,0,6
Murphy's New Homes Banteer Limited,0,0,0,0,3,0,1,2,0,0,0,0,6
Lin Kee Limited,0,1,2,0,0,1,0,0,0,2,0,0,6
Hitianland Limited,0,0,2,3,0,1,0,0,0,0,0,0,6
Coffey Construction (I) Ltd,1,0,2,1,0,0,0,0,1,0,0,1,6
Whisbay Ltd,0,0,0,0,0,0,0,3,1,0,0,2,6
Apleona Ireland Limited,1,0,0,1,1,2,1,0,0,0,0,0,6
Tempowell Ltd,1,0,0,0,0,0,0,5,0,0,0,0,6
SS&C Wealth and Insurance Ireland Ltd,0,2,1,1,0,0,0,0,1,0,1,0,6
Coffee Angel Limited,3,0,0,0,0,0,1,0,0,0,0,2,6
Mallow Road Motors (Cork) Ltd,0,2,4,0,0,0,0,0,0,0,0,0,6
Northern Trust Management Services (Ireland) Ltd,1,3,0,0,0,0,1,0,0,0,1,0,6
Depaul Ireland,0,2,0,0,0,0,0,0,1,1,2,0,6
Listonmill Limited,0,0,1,0,2,1,1,0,0,1,0,0,6
Raheny House Nursing Home Limited,1,1,1,0,1,0,0,1,0,1,0,0,6
Little Harvard Northside Ltd.,0,0,0,0,1,0,0,3,1,0,1,0,6
Clonmore Quality Foods,0,6,0,0,0,0,0,0,0,0,0,0,6
WHL Trading Ltd,0,1,0,0,1,0,0,1,2,0,0,1,6
B & D Healthcare Company Limited,0,0,2,0,0,0,0,0,0,0,1,3,6
Rock Boxes Limited,2,2,0,0,0,0,1,0,0,0,0,1,6
Vantive Manufacturing Limited,2,0,0,0,0,0,1,2,0,0,0,1,6
Painstown Precast Limited,3,0,0,0,0,0,0,0,0,3,0,0,6
Abhann Productions Limited,0,0,0,0,3,2,1,0,0,0,0,0,6
Coughlan Engineering (Tullamore) Ltd.,0,4,2,0,0,0,0,0,0,0,0,0,6
KEYRIDGE ASSET MANAGEMENT LIMITED,1,0,0,0,0,0,0,1,1,1,1,1,6
Get The Tables Limited,1,1,1,1,0,0,0,1,0,0,1,0,6
Carrons Haulage Ltd,0,0,0,0,1,0,0,3,2,0,0,0,6
Counter Products Marketing (Ireland) Limited,0,0,1,0,0,0,0,1,1,1,2,0,6
Country Clean Recycling Unlimited Company,1,1,0,0,0,0,0,0,0,4,0,0,6
Pisana Developments Limited,3,0,0,3,0,0,0,0,0,0,0,0,6
Jaguar Land Rover Ireland (Services) Limited,0,0,0,2,1,0,0,2,0,1,0,0,6
JCP Powdermill Care Centre Limited,1,0,1,0,0,1,1,0,0,0,2,0,6
SignaCare New Ross Limited,3,0,0,1,0,0,1,0,0,1,0,0,6
Siemens Healthcare Diagnostics Manufacturing Limited,0,1,0,0,1,0,1,0,0,0,3,0,6
Cunningham Contracts Ire Ltd,0,0,0,0,0,0,0,0,0,5,0,1,6
Carnehill Joinery Ltd,0,0,5,1,0,0,0,0,0,0,0,0,6
Barry's Coaches Limited,0,0,0,0,0,0,0,0,0,0,0,6,6
Rosenalee Care Centre Ltd,3,1,0,0,0,1,1,0,0,0,0,0,6
Globe Technical Services Limited,0,0,3,0,0,1,0,0,0,2,0,0,6
Roseville Nursing Home Ltd,1,0,0,0,0,2,0,0,1,0,1,1,6
Mervue Laboratories Limited,6,0,0,0,0,0,0,0,0,0,0,0,6
Barnacyle Nursing Home Limited,0,4,0,0,0,0,0,0,0,0,1,1,6
Metalworks Fabrication Limited,1,0,1,1,0,0,0,0,1,1,1,0,6
Glendonagh Residential Home,2,0,0,0,0,0,0,0,2,0,1,1,6
Signacare Killerig Limited,2,1,0,0,0,0,3,0,0,0,0,0,6
Philipstown Engineering Limited,0,0,0,0,0,0,0,1,4,0,1,0,6
Victoria View Developments Limited,2,1,1,0,0,0,0,0,1,0,0,1,6
Siemens Energy Limited,0,1,0,0,0,0,1,1,1,1,0,1,6
RH Wood Floors Limited,0,0,0,0,0,0,0,0,0,0,4,2,6
Darouiche Holdings Limited,1,0,0,0,1,0,0,0,2,0,1,1,6
MSD International GmbH,0,0,0,0,0,0,0,0,0,5,0,1,6
Rice Transport & Commercial Repairs Limited,0,0,2,0,0,0,0,0,0,0,3,1,6
Beechwood House Nursing Home Limited,1,3,0,0,0,0,1,1,0,0,0,0,6
Marsh & McLennan Innovation Centre Limited,0,2,2,0,0,0,0,0,0,2,0,0,6
Nirocon Limited,0,0,2,0,2,0,0,1,1,0,0,0,6
Oak Central Recruitment Services Limited,2,2,0,0,1,0,0,0,0,0,0,1,6
Autodesk Ireland Operations Unlimited Company,0,1,0,0,0,3,0,0,0,1,0,1,6
Style Blinds and Interiors Limited,0,0,0,0,0,0,0,0,0,0,6,0,6
M. Heffernan Engineering Limited,0,0,4,0,0,0,0,0,0,2,0,0,6
Eddie Rockets (Ireland) Limited,5,0,1,0,0,0,0,0,0,0,0,0,6
Ryanair DAC,1,0,0,2,0,1,0,1,0,1,0,0,6
Oakdale Nursing Home Ltd,1,0,1,1,0,0,0,1,0,1,0,1,6
Eirebloc Limited,0,0,0,0,1,0,1,0,0,2,2,0,6
Capital Care Limited,0,0,0,0,0,1,2,2,0,0,1,0,6
Walform Limited,5,0,0,1,0,0,0,0,0,0,0,0,6
Suir Engineering Ltd,0,1,3,0,0,0,0,1,0,0,1,0,6
Skibbereen Residential Care Centre Ltd,0,0,0,0,0,1,0,0,2,0,1,2,6
Vanguard Group (Ireland) Limited,1,0,0,0,1,1,1,1,1,0,0,0,6
Grianan Trux Limited,0,0,2,0,0,0,1,1,0,0,0,2,6
Lynmara Healthcare Limited,0,3,2,0,0,0,1,0,0,0,0,0,6
W P Mullins,1,1,0,0,0,0,4,0,0,0,0,0,6
J & M Transport Services Ltd,0,0,2,0,0,0,0,0,0,2,2,0,6
Creganna Medical Ireland Limited,0,0,1,0,0,1,0,0,0,1,1,2,6
Mountain Lodge Nursing Home Limited,1,3,1,0,0,0,0,0,1,0,0,0,6
Castlerea Nursing Home,0,0,0,0,1,1,1,0,1,0,1,1,6
Valeo Foods (Ireland),0,0,0,0,0,1,0,0,1,1,1,2,6
SEI Investments - Global Fund Services Limited,0,0,1,0,0,0,0,0,3,1,0,0,5
LWL Catering Limited,1,0,2,0,0,0,0,0,0,1,0,1,5
M.H.L. Events Management Limited,2,0,0,0,0,0,1,0,0,1,1,0,5
Feakle Gas And Plumbing Ltd.,0,0,2,0,0,0,0,0,3,0,0,0,5
Sugarloaf Ventures Limited,1,2,1,0,0,0,0,0,0,1,0,0,5
Stripe Payments Europe Limited,0,1,0,0,1,0,2,1,0,0,0,0,5
Cook Ireland Limited,0,1,1,0,0,1,1,1,0,0,0,0,5
Dawnlough Ltd,0,0,1,0,0,0,1,0,0,1,0,2,5
Fehily Timoney & Company,0,1,0,1,0,1,1,1,0,0,0,0,5
Summerville Healthcare Limited,1,0,1,0,0,0,0,1,2,0,0,0,5
DDAT Ireland Technology Limited,0,0,0,0,1,1,0,0,1,2,0,0,5
DAA Public Limited Company,0,1,1,0,0,0,0,0,2,0,0,1,5
Sun Life Information Services Ireland Limited,0,2,0,0,0,0,1,1,0,1,0,0,5
Sunbeam House Services CLG,1,0,0,1,0,0,0,0,2,0,0,1,5
Seven Squared Cuisine Limited,2,0,2,0,1,0,0,0,0,0,0,0,5
Ocuco Limited,0,0,0,0,2,0,2,0,0,1,0,0,5
LT Education Abroad Limited,0,2,0,0,0,0,2,0,0,0,0,1,5
Telus International AI Limited,0,3,0,0,0,0,0,0,0,0,2,0,5
Surehaul (Irl) Limited,0,0,0,0,0,0,1,1,2,0,0,1,5
LMH Engineering Limited,4,0,0,0,0,0,0,1,0,0,0,0,5
Stanley Asphalt Limited,0,4,1,0,0,0,0,0,0,0,0,0,5
Dentaltech Limited,2,0,0,1,0,0,0,0,0,1,1,0,5
Bright Valley Limited,3,0,2,0,0,0,0,0,0,0,0,0,5
FBD Corporate Services Ltd,0,1,2,0,0,1,0,0,0,1,0,0,5
Fenton Commercials Limited,3,0,1,0,0,0,0,0,1,0,0,0,5
Courtmacsherry Hotel Limited,0,0,3,0,0,0,2,0,0,0,0,0,5
Faughart Commercials Ltd,0,0,0,0,2,0,0,0,0,0,3,0,5
Currys Ireland Limited,0,0,1,0,0,0,0,0,0,2,1,1,5
Technimark Ireland Limited,2,0,1,0,0,0,0,1,0,1,0,0,5
Casa Carozzani Limited,0,0,0,1,1,0,0,0,0,3,0,0,5
El Grito Limited,0,0,1,0,1,0,0,1,0,0,0,2,5
Eircom Limited,1,0,0,0,0,0,0,2,1,1,0,0,5
Sirius XM Ireland Limited,0,0,0,0,0,0,0,0,4,1,0,0,5
EGC Gymnastics CLG,0,1,1,0,0,0,0,1,0,0,0,2,5
Mary Geary's Childcare Limited,1,0,0,3,1,0,0,0,0,0,0,0,5
Edish Limited,1,1,0,1,0,0,0,0,0,0,1,1,5
Euram Aircraft Engine Centre Ltd,0,2,0,0,0,0,0,0,0,0,2,1,5
Brazil & Co. (Steel) Limited,0,4,1,0,0,0,0,0,0,0,0,0,5
C&C Executive Travel Limited,0,0,2,0,0,0,0,0,0,0,3,0,5
C Thomas Machinery Limited,5,0,0,0,0,0,0,0,0,0,0,0,5
Martin Jennings Wholesale Ltd,1,0,0,0,0,0,0,3,1,0,0,0,5
Celestica Ireland Limited,0,0,0,0,0,0,0,0,1,2,2,0,5
EcoDouglas Limited,0,0,0,0,0,0,2,0,0,0,3,0,5
The Residence KK Limited,1,0,0,0,0,0,0,1,0,0,1,2,5
E.Murphy Motors Limited,3,2,0,0,0,0,0,0,0,0,0,0,5
Lerio Ireland Limited,2,2,0,0,0,0,0,0,0,0,1,0,5
Eurocare Healthcare Ltd,1,0,0,0,0,0,0,0,2,1,1,0,5
Tirlán Limited,0,2,0,0,0,0,0,3,0,0,0,0,5
Entegro Limited,0,0,1,1,2,0,0,0,0,0,1,0,5
Enfer Medical Limited,0,0,0,0,0,0,0,1,1,2,0,1,5
Cannakill Farm Limited,0,0,2,0,0,0,0,0,2,0,0,1,5
Capital Switchgear Limited,0,1,1,0,0,0,0,0,1,1,0,1,5
Enernoc Ireland Limited,2,0,0,0,0,0,0,1,2,0,0,0,5
CarCharger EV Limited,0,0,0,0,0,0,0,1,1,3,0,0,5
Lam Research (Ireland) Limited,0,0,0,0,0,0,0,2,1,0,1,1,5
ESK Plant Ltd,0,0,0,0,0,1,4,0,0,0,0,0,5
Carhue Piggeries Limited,0,3,0,0,0,0,0,0,1,1,0,0,5
Lanathai Kitchen Limited,0,3,0,0,0,0,0,0,0,2,0,0,5
Silent-Aire Europe Limited,2,0,0,0,0,0,0,0,0,1,2,0,5
Emagine Creative Carpentry Services,0,0,0,0,0,0,0,0,0,0,0,5,5
Elliott Building and Civil Engineering Ltd,2,0,0,0,0,0,0,0,0,1,1,1,5
eSentire EU Ltd.,0,1,0,0,0,0,0,0,0,2,2,0,5
Thunder Road Cafe Limited,0,1,0,0,0,1,0,0,0,0,2,1,5
Lansdowne Lodge Pre-School Montessori Limited,0,0,0,0,0,0,0,2,0,3,0,0,5
Elis Textile Services Limited,1,1,0,0,0,0,0,0,0,2,0,1,5
Orchard Residential Care,0,1,0,0,1,0,1,0,0,0,1,1,5
Sora Healthcare Limited,0,0,0,0,0,0,0,0,0,0,0,5,5
Ciaran Kerr and Kevin Jennings,5,0,0,0,0,0,0,0,0,0,0,0,5
Oliver Conroy (Pallets) Limited,0,0,0,0,0,0,0,0,1,4,0,0,5
Circana Market Research Company,3,0,0,0,0,0,0,2,0,0,0,0,5
South Infirmary Victoria University Hospital,0,0,0,0,0,1,3,1,0,0,0,0,5
Spanish Point Technologies Limited,0,1,0,1,0,0,1,1,0,0,1,0,5
Transact Campus Limited,0,0,2,0,1,0,2,0,0,0,0,0,5
Fairy Hill Nursing Home Limited,3,0,0,2,0,0,0,0,0,0,0,0,5
Dunlavin Nursing Home Ltd,0,2,0,0,3,0,0,0,0,0,0,0,5
Spice Avenue Limited,2,0,0,0,1,0,0,0,0,0,1,1,5
Lionbridge Digital Development Limited,0,0,0,0,0,0,0,0,0,1,1,3,5
DocuSign International (EMEA) Limited,0,1,0,1,0,0,0,0,0,1,0,2,5
SGNH Ltd,0,2,0,0,0,0,0,1,1,0,1,0,5
The All Plastering Company Ltd,0,0,0,0,0,1,1,3,0,0,0,0,5
McElvaney Motors Limited,0,0,0,0,1,4,0,0,0,0,0,0,5
Mainline Power Ltd,0,0,0,0,0,2,0,2,1,0,0,0,5
Brookhaven Nursing Home Limited,0,0,0,0,0,1,2,0,0,1,1,0,5
Little Sichuan Limited,0,0,0,0,0,0,0,5,0,0,0,0,5
Managed Automotive Repair Network Ltd,0,0,0,0,0,0,0,0,0,1,0,4,5
Torriam Hotel Operating Company Limited,1,4,0,0,0,0,0,0,0,0,0,0,5
Shannore Management Limited,1,0,0,0,0,0,0,1,0,0,2,1,5
McCann FitzGerald LLP,0,1,1,0,0,0,0,1,0,1,0,1,5
Marino Institute of Education,0,0,0,0,0,0,0,0,1,3,0,1,5
Chargebee Ireland Limited,0,1,0,1,2,0,0,0,0,1,0,0,5
Charles River Laboratories Ireland Ltd,1,0,0,0,0,0,0,0,4,0,0,0,5
Li Asiankitchen Ltd,0,2,1,0,0,0,0,0,0,1,1,0,5
Total ICT Services Limited,2,1,0,0,0,0,0,0,0,1,1,0,5
Lighthouse Studios Limited,0,0,3,0,1,0,0,0,0,0,1,0,5
The Irish Times DAC,1,1,0,0,0,0,0,0,0,0,3,0,5
Maracrest Limited,0,0,3,0,1,0,0,0,1,0,0,0,5
Ornua Co-Operative Limited,1,0,1,0,0,0,0,1,0,2,0,0,5
Shanid Ltd,1,2,0,0,0,0,0,0,1,1,0,0,5
Liffeyfield Limited,0,0,0,0,0,0,0,0,0,1,1,3,5
Expleo Technology Ireland Limited,0,0,1,0,0,0,1,0,0,0,1,2,5
BS2 Limited,0,0,0,0,0,0,0,1,2,1,1,0,5
Brymore House Nursing Home Ltd,1,0,0,0,0,0,0,2,2,0,0,0,5
McDermott Laboratories Limited,1,0,1,0,0,1,0,1,0,0,1,0,5
Soba Asian Cork Limited,0,0,0,0,0,0,0,0,2,0,2,1,5
AJM Prime Catering Limited,0,0,0,0,0,0,4,0,1,0,0,0,5
Ash Tree Productions DAC,0,0,0,0,0,0,0,2,3,0,0,0,5
Infosys BPM Limited,1,0,0,1,0,2,1,0,0,0,0,0,5
Ponderview Ltd,0,0,5,0,0,0,0,0,0,0,0,0,5
Galteemore Developments Ltd,5,0,0,0,0,0,0,0,0,0,0,0,5
Ashdale Care (Ireland) Ltd,0,0,0,1,0,1,0,0,0,3,0,0,5
NeoDyne Limited,2,0,0,0,0,0,0,0,1,2,0,0,5
Mylan Teoranta,1,0,0,2,0,0,0,0,0,1,1,0,5
Blackrocks Nursing Home Limited,0,0,0,0,1,0,0,3,0,0,1,0,5
Harmony Vale Produce Unlimited Company,0,0,0,0,0,0,0,3,0,2,0,0,5
Ganavan Limited,0,0,1,0,1,0,0,0,0,1,0,2,5
S&W Partners Employment Services (Ireland) Limited,0,0,0,0,0,1,1,1,0,1,0,1,5
Ashurst Supplies Limited,2,1,1,0,0,0,0,0,0,0,0,1,5
Padoca Limited,0,3,0,0,2,0,0,0,0,0,0,0,5
Portrane Hockey Club,1,0,1,0,0,0,0,0,0,3,0,0,5
Phantomarc Studio Limited,1,1,0,0,0,0,1,0,0,1,0,1,5
GBBS International Limited,0,0,0,0,0,0,0,0,0,0,3,2,5
GC Autos Ltd,0,1,0,2,0,1,0,0,0,0,1,0,5
ING Bank N.V.,0,0,0,1,1,0,0,1,1,0,1,0,5
HireDepot Construction Services Limited,4,0,0,0,0,1,0,0,0,0,0,0,5
Aras Mhuire Nursing Home,0,2,0,0,0,0,0,0,0,1,2,0,5
Plassey Food and Distribution Co. Limited,0,0,0,0,1,1,3,0,0,0,0,0,5
Alizashanza Medics Limited,0,0,0,0,0,1,0,1,0,1,0,2,5
Rathsheen Investments Limited,1,0,1,0,0,0,2,1,0,0,0,0,5
Westford Public House Limited,1,0,0,0,0,0,1,1,1,1,0,0,5
Qafla Limited,3,1,0,0,0,0,1,0,0,0,0,0,5
Hibernia Home Care Group Ltd.,3,1,0,1,0,0,0,0,0,0,0,0,5
Kilmurry Lodge Hotel Limited,0,0,0,1,0,0,0,1,0,1,1,1,5
Herbert Park Hotel 2 Limited,0,1,0,0,2,0,1,0,0,0,1,0,5
G Elliott Racing Limited,0,1,4,0,0,0,0,0,0,0,0,0,5
Underhill Investments Limited,0,0,0,0,0,1,1,0,1,0,1,1,5
KC Peaches (Ireland) Limited,0,1,0,0,0,0,0,3,0,1,0,0,5
Arm Ireland Limited,1,1,1,1,0,0,0,0,1,0,0,0,5
Mitsui & Co Europe  Ltd,0,0,0,0,0,2,0,1,1,1,0,0,5
Health Services Executive,5,0,0,0,0,0,0,0,0,0,0,0,5
ABCT Restaurant Limited,4,0,1,0,0,0,0,0,0,0,0,0,5
Health Service Executive CHO1,1,1,1,0,0,0,0,1,0,0,1,0,5
Persian Properties Unlimited Company,2,1,0,0,0,0,0,0,0,1,1,0,5
John Fitzgerald Vehicle Body Builders Cork Limited,0,0,1,0,1,2,0,1,0,0,0,0,5
Kenmare Nursing Home Limited,0,0,1,0,0,0,0,0,0,4,0,0,5
Villa Rotunda Limited,1,0,1,0,0,0,0,0,0,1,2,0,5
Roscommon University Hospital,0,0,1,0,0,0,0,2,1,0,0,1,5
Viotas Limited,1,0,2,1,0,0,1,0,0,0,0,0,5
Keohane Seafood Unlimited Company,0,0,3,0,0,0,0,0,0,1,1,0,5
Irish Life Financial Services Ltd,0,0,0,0,0,0,0,0,2,3,0,0,5
Xweb Design Technologies Limited,0,0,0,0,0,0,0,0,0,0,2,3,5
Handy Lads Solutions Limited,0,0,2,0,0,0,0,0,0,0,2,1,5
Keywords International Ltd.,0,0,1,0,1,1,0,0,0,2,0,0,5
Parakar Ireland Limited,0,0,0,0,2,1,0,0,0,0,0,2,5
Greatech Integration (Ireland) Limited,2,0,0,0,0,0,1,1,1,0,0,0,5
John Horan Transport Limited,0,0,0,0,0,0,2,0,0,0,3,0,5
MSD International GmBh T/A MSD Ireland (Biotech Dublin),1,1,0,0,0,0,0,0,2,0,0,1,5
MSD International GmBh T/A MSD Ireland (Ballydine),1,0,0,0,0,0,0,1,0,0,2,1,5
Kevin O’Leary (Bandon) LTD,3,0,0,0,0,0,0,0,1,1,0,0,5
Grace Healthcare (Holdings) Ireland - Dunshaughlin Care Home Ltd,1,1,1,1,0,0,0,0,0,0,1,0,5
Winthrop Technologies Limited,1,0,0,1,0,0,1,0,1,1,0,0,5
Parma Motors Limited,0,4,0,0,0,0,0,0,1,0,0,0,5
J & M Son Exports Ltd,0,0,2,0,2,0,0,0,0,0,1,0,5
Intact Insurance Ireland Designated Activity Company,0,0,0,0,0,0,1,0,1,1,0,2,5
Rent the Runway Ltd.,0,0,0,0,0,0,2,2,0,0,1,0,5
Astreya Consultancy Ireland Limited,0,1,0,0,0,0,0,0,2,1,1,0,5
Atex and Verification Services Ltd.,1,1,0,0,0,0,0,1,1,0,1,0,5
Hall Transport Ltd.,0,0,0,0,0,0,0,0,1,0,0,4,5
Mori King Limited,0,0,0,0,1,0,0,0,2,0,1,1,5
MS Renovations & Maintenance Ltd,0,0,3,0,0,0,2,0,0,0,0,0,5
Merrion Cricket Club,0,2,1,0,0,0,0,0,0,0,0,2,5
Pat Mc Gowan Transport Ltd,0,0,0,0,0,0,0,0,0,0,5,0,5
Gingko Restaurant Limited,0,0,0,0,3,0,0,0,0,1,1,0,5
Giraffe Childcare Limited,1,0,1,0,0,0,1,0,0,1,1,0,5
International Aerospace Coatings Limited,0,0,2,2,1,0,0,0,0,0,0,0,5
Veolia Water Ireland Limited,0,0,1,3,0,1,0,0,0,0,0,0,5
Navan Hire Hardware & Safety Training Limited,0,0,1,0,2,0,0,0,0,0,1,1,5
AG National Motors Ltd.,1,1,1,0,0,1,1,0,0,0,0,0,5
PRO Stainless (Designs) Limited,0,5,0,0,0,0,0,0,0,0,0,0,5
BAM Civil,2,1,0,0,0,0,0,0,0,2,0,0,5
BAM Building Limited,2,1,0,1,0,0,1,0,0,0,0,0,5
Pallas Taverns Limited,0,4,1,0,0,0,0,0,0,0,0,0,5
Amundi Ireland Limited,0,0,0,0,1,0,0,0,0,4,0,0,5
Appold Ireland Limited,0,0,1,0,0,0,1,1,0,1,0,1,5
Quilter Insulation Limited,0,0,0,0,1,0,2,0,1,1,0,0,5
Hossain BD Food Limited,4,0,0,0,0,0,0,0,1,0,0,0,5
Paulo Ribeiro's Limited,0,0,2,0,0,0,0,0,1,2,0,0,5
All Star Tiling Ltd,0,0,0,0,0,0,0,0,0,5,0,0,5
Fragomen Ireland Limited (employer),0,2,1,1,0,0,1,0,0,0,0,0,5
Yuno Limited,3,0,0,0,0,0,1,0,0,1,0,0,5
Blexford Productions DAC,2,2,1,0,0,0,0,0,0,0,0,0,5
Knockeen Nursing Home Limited,0,0,1,0,0,0,0,0,0,2,0,2,5
Alter Domus (Ireland) Limited,1,0,0,0,0,0,0,1,0,2,1,0,5
Hotel Doolin Limited,1,0,0,2,1,0,1,0,0,0,0,0,5
Alloy Tip Limited,0,1,1,0,0,0,0,0,0,0,2,1,5
Troia (UK) Restaurants Limited,1,0,0,0,0,0,0,0,0,2,1,1,5
Rah Brazilian Food Ltd,0,0,2,0,0,0,2,0,0,0,0,1,5
P & G Callaghan Windows Ltd,1,0,2,0,1,0,0,0,1,0,0,0,5
Pipe Arc Ltd,1,1,0,0,0,0,0,0,2,1,0,0,5
Allianz plc,1,0,1,0,0,0,0,1,0,1,1,0,5
Oxigen Environmental Unlimited Company,2,0,0,0,0,0,0,0,0,3,0,0,5
Wolfgang Digital Limited,1,0,0,0,0,0,0,1,0,0,2,1,5
Knockeen Racing Unlimited Company,0,0,0,0,0,0,0,0,0,5,0,0,5
Scream Queen Films DAC,0,0,0,0,4,0,1,0,0,0,0,0,5
Jia Zhou Limited,0,1,2,0,0,0,1,0,0,1,0,0,5
Juddmonte Farms Ireland Limited,0,0,4,0,0,0,0,1,0,0,0,0,5
Rascor Ireland Limited,0,0,0,0,0,0,1,0,0,2,2,0,5
Santry Food Services Limited,1,0,1,1,1,0,1,0,0,0,0,0,5
Bramley Lodge Limited,2,0,1,1,0,1,0,0,0,0,0,0,5
Wildcard Films Two Designated Activity Company,0,0,0,0,0,0,0,0,1,4,0,0,5
U.S. Bank Europe DAC,0,0,1,1,0,0,0,1,2,0,0,0,5
National Co-Operative Farm Relief Services Limited,0,0,0,0,0,0,0,1,1,0,0,3,5
AQ Metrics Limited,0,0,0,0,0,0,0,0,0,2,0,3,5
Croom Concrete Ltd,0,0,0,0,0,0,0,0,0,0,0,5,5
AMBF Electrical Services Ltd,0,0,0,0,0,0,2,0,3,0,0,0,5
U.S. Direct E-Commerce Limited,0,1,1,0,1,0,0,0,1,0,1,0,5
Murphy Geospatial Limited,1,0,1,0,1,0,1,0,1,0,0,0,5
Alter Domus Fund Services (Ireland) Limited,1,1,0,1,0,0,0,0,2,0,0,0,5
Flexifi Europe Services Limited,0,0,0,0,0,0,1,1,1,0,1,1,5
Eaton Intelligent Power Limited,1,0,0,0,0,0,0,0,0,2,1,0,4
Computer Placement Limited,0,1,1,1,0,0,0,0,0,0,1,0,4
Mile Tree Farms Limited,0,0,0,0,0,0,0,0,0,0,1,3,4
ECC Design and Engineering Limited,0,0,0,0,0,0,0,1,0,1,1,1,4
ECC Design & Engineering Ltd,3,1,0,0,0,0,0,0,0,0,0,0,4
The Old Orchard Inn,0,1,1,0,1,0,1,0,0,0,0,0,4
Compute Systems Ltd,2,2,0,0,0,0,0,0,0,0,0,0,4
Gurukirpa Ltd,0,0,0,2,2,0,0,0,0,0,0,0,4
Atlas Language Institute Limited,0,0,1,0,0,2,1,0,0,0,0,0,4
Wappinger Food Corporation Limited,0,1,1,0,0,0,0,1,0,0,1,0,4
Eaton Square Limited,0,2,0,0,0,0,0,0,1,1,0,0,4
Eatzen Limited,4,0,0,0,0,0,0,0,0,0,0,0,4
Athlone Town AFC CLG,0,0,4,0,0,0,0,0,0,0,0,0,4
CoalQuay Restaurants Limited,0,0,2,0,0,2,0,0,0,0,0,0,4
CLNH (Kildare) Limited,0,2,2,0,0,0,0,0,0,0,0,0,4
ANM Retail Ltd,2,0,1,0,0,1,0,0,0,0,0,0,4
Ohshima Ireland Ltd,1,1,0,0,0,0,0,0,0,0,1,1,4
Lenane Precision Ltd,3,1,0,0,0,0,0,0,0,0,0,0,4
Prodieco Limited,2,1,0,0,0,0,0,1,0,0,0,0,4
CG Business Consulting Ltd,0,0,0,0,0,1,0,0,1,1,1,0,4
Condon Engineering Limited,0,1,0,0,0,1,1,0,0,0,0,1,4
Athula's Food Limited,0,0,2,0,0,1,0,0,0,0,1,0,4
Interactive Brokers Ireland Limited,0,0,2,0,0,0,0,0,0,0,2,0,4
SquareUp International Limited,1,1,1,0,0,0,1,0,0,0,0,0,4
DCT Digital Construction Technologies Limited,1,1,0,0,0,0,0,0,0,1,0,1,4
Retella Limited,2,0,0,0,0,0,0,0,2,0,0,0,4
Smartbox Group Ltd,0,0,0,1,0,0,0,1,1,0,1,0,4
Sligo Commercial Centre Ltd,3,0,1,0,0,0,0,0,0,0,0,0,4
Slieve Russell Hotel Property Limited,3,1,0,0,0,0,0,0,0,0,0,0,4
Earthing Lightning Protection Ireland Limited,0,0,0,1,0,0,0,1,0,0,2,0,4
Atlantic Flight Training Limited,0,0,1,0,0,0,0,0,0,0,1,2,4
Hotel Minella Limited,1,1,0,0,0,0,0,2,0,0,0,0,4
Northside Home Care Services Company Limited by Guarantee,2,0,0,0,0,0,0,0,0,2,0,0,4
The Westport Plaza and Castlecourt Hotel Resort Unlimited Company,0,0,0,0,0,0,1,1,0,0,2,0,4
Peter Smith Engineering Services Limited,0,1,0,0,0,0,0,0,0,0,3,0,4
Rippling Ireland Limited,2,1,0,0,0,0,0,0,1,0,0,0,4
Digit Game Studios Limited,0,0,0,1,0,0,0,0,1,0,0,2,4
XZERV Ltd,1,0,0,0,0,0,0,2,0,1,0,0,4
Strand Leisure Investments Limited,0,0,1,0,0,0,0,1,0,1,1,0,4
Avoncourt Packaging Ltd,1,0,0,0,1,1,0,0,0,1,0,0,4
Eida Software Solutions Ltd,1,0,0,0,0,0,0,1,1,0,1,0,4
Amneal Ireland Limited,0,0,0,4,0,0,0,0,0,0,0,0,4
Riverside Mechanical Limited,1,0,1,0,0,0,0,0,0,0,1,1,4
Grove Bloodstock Ltd,2,0,0,0,0,0,0,0,0,2,0,0,4
Kerry Group Services Ltd,1,0,0,0,0,0,1,1,1,0,0,0,4
Strathroy Dairy ROI UC,0,0,4,0,0,0,0,0,0,0,0,0,4
Great Dublin Capital Limited,0,0,0,1,0,0,0,0,0,2,0,1,4
Irish Bacon Slicers Limited,1,0,0,1,0,0,0,0,1,0,0,1,4
Monart House Hotel Limited,0,2,0,0,0,0,0,0,0,0,0,2,4
Advanced Manufacturing Control Systems Limited,0,1,0,0,0,0,0,2,1,0,0,0,4
National Broadband Ireland Infrastructure DAC,3,0,0,0,0,0,0,0,0,0,0,1,4
Monbeg Stables Sean Doyle Ltd,0,0,0,0,1,0,0,0,0,0,3,0,4
EirGen Pharma Limited,1,0,2,1,0,0,0,0,0,0,0,0,4
Prime Steak Restaurant 2012 Limited,1,1,0,0,0,0,0,0,0,0,0,2,4
Yamamori Noodles Limited,1,1,0,1,0,0,0,0,0,0,1,0,4
Kerry Fish Trawlers Limited,0,0,1,0,0,0,0,0,2,0,1,0,4
Condron Concrete Limited,0,0,0,1,1,2,0,0,0,0,0,0,4
Walsh Printing Services Unlimited Company,3,0,0,1,0,0,0,0,0,0,0,0,4
Kem Sheet Steel and Metal Fabrication Ltd,0,0,0,0,0,0,2,0,0,0,0,2,4
Alpha Precision Limited,0,0,1,0,0,0,1,0,0,2,0,0,4
Inua Hospitality General Partner Limited,2,0,0,1,0,0,0,0,0,1,0,0,4
Afiniti AI Limited,0,1,1,0,0,0,0,0,0,2,0,0,4
Sky Subscribers Services Limited,2,0,0,0,0,0,0,1,0,0,0,1,4
GSA Cleaning Limited,0,0,0,0,0,0,0,0,1,1,2,0,4
EDC Engineering Design Consultants Limited,1,0,0,0,1,0,1,1,0,0,0,0,4
Mungret House Limited,3,0,0,0,0,0,1,0,0,0,0,0,4
Rickrad Limited,1,0,0,1,0,0,0,0,0,1,0,1,4
Multilane Limited,0,0,1,0,0,0,0,0,0,0,3,0,4
Daytona Heavy Haulage Ltd,0,0,0,0,0,0,0,0,0,4,0,0,4
Howth Railway Refreshment Rooms Limited,0,1,0,0,0,0,1,0,0,1,1,0,4
Edenmore LC Chinese Limited,0,2,0,0,1,0,0,0,0,0,1,0,4
Little Island Transport Company Limited,0,0,0,1,0,0,0,0,0,2,0,1,4
Mid West Healthcare Limited,3,0,0,0,0,0,0,0,1,0,0,0,4
GridBeyond Limited,0,0,0,0,0,0,0,0,1,0,1,2,4
Inua Limerick General Partner Limited T/A Radisson Blu Hotel Spa Limerick,0,0,0,0,1,0,0,0,0,1,0,2,4
MAAP Childcare Limited,1,0,0,0,1,0,0,0,1,1,0,0,4
Greenvolt Next Ireland Limited,0,0,1,0,0,0,2,1,0,0,0,0,4
HX46 Cafe And Pan Asian Casual Dining Ltd,0,0,0,0,3,0,0,0,0,1,0,0,4
Edward Lundy Haulage Unlimited Company,0,0,0,0,0,0,0,2,0,0,0,2,4
St. John's Hospital,1,1,0,0,0,0,0,0,0,0,0,2,4
Líne Radharc Ltd,0,0,0,1,0,1,0,0,0,1,1,0,4
Kandel Food Limited,2,0,0,1,1,0,0,0,0,0,0,0,4
Indeed Ireland Operations Limited,0,0,0,3,1,0,0,0,0,0,0,0,4
Arthur Cox LLP,0,0,0,1,0,0,1,0,0,0,0,2,4
Donegal Hospitality Limited,1,0,0,0,0,0,0,0,0,2,1,0,4
Artizan Catering Limited,0,0,0,1,0,0,1,1,0,0,0,1,4
Industrial and Domestic Furniture (Tullamore) Ltd,0,0,0,0,0,0,0,1,3,0,0,0,4
Moore SeaFoods Limited,0,0,0,0,0,0,0,0,3,1,0,0,4
Allen Cranes Limited,2,1,0,0,0,0,0,0,0,0,1,0,4
Health Information and Quality Authority (HIQA),1,0,0,1,0,0,0,2,0,0,0,0,4
Drumhill Inn Ltd,3,0,0,0,0,0,0,0,0,0,0,1,4
Keeraun Hospitality Limited,1,0,0,0,0,0,0,2,1,0,0,0,4
ChloKat Limited,0,0,0,0,0,0,1,0,0,0,1,2,4
Wygram Nursing Home Limited,1,2,1,0,0,0,0,0,0,0,0,0,4
Clareco Scaffolding Ltd,0,0,0,0,0,1,0,3,0,0,0,0,4
Codladh Sámh Teoranta,1,1,0,0,0,0,0,0,0,0,0,2,4
DS Ventilation Limited,0,0,0,0,0,0,1,1,0,2,0,0,4
Whitethorn Lodge Care Home Tralee Limited,2,0,0,0,1,0,0,0,1,0,0,0,4
Holyrood Hotel (Bundoran) Limited,0,0,3,0,0,0,0,0,0,1,0,0,4
O'Mahony Meats Limited,0,0,0,0,1,3,0,0,0,0,0,0,4
DSPD Limited,0,0,1,0,0,1,0,0,1,0,1,0,4
Spice Pot Limited,2,1,0,0,0,0,1,0,0,0,0,0,4
Xeolas Pharmaceuticals Limited,0,0,0,0,0,0,1,1,0,0,2,0,4
Infinity Lifts Ltd,0,1,0,0,0,0,0,0,0,0,0,3,4
All Fresh Wholesale Limited,0,1,0,0,0,0,0,1,0,0,2,0,4
The Dragon Commanders Limited,1,0,0,0,0,0,1,0,1,1,0,0,4
Southwest Marine Limited,0,0,0,2,2,0,0,0,0,0,0,0,4
Doran Motors Holdings LTD,0,0,0,0,0,0,0,0,0,0,2,2,4
Coillte Cuideachta Ghníomhaíochta Ainmithe,1,0,0,0,0,0,2,1,0,0,0,0,4
Coinbase Ireland Limited,1,0,1,0,0,0,0,0,0,2,0,0,4
Woodville Pig Farms Unlimited Company,0,0,0,0,0,0,1,0,1,2,0,0,4
ALIF PRIVATE LIMITED,0,0,0,0,0,0,0,2,2,0,0,0,4
Raunsun Ltd,2,2,0,0,0,0,0,0,0,0,0,0,4
North Dublin Inner City Home Care and Home Help Services CLG –T/A North Dublin Home Care,0,0,0,0,0,0,0,0,0,4,0,0,4
Temple Crow Catering LTD,0,0,0,0,0,1,1,2,0,0,0,0,4
Donnachadh O'Brien & Associates Consulting Engineers Limited,1,1,0,0,0,0,0,1,0,1,0,0,4
Karma Food and Beverage Ltd,1,1,0,0,0,0,1,0,0,0,0,1,4
South Coast Logistics Ltd,1,0,0,0,1,0,1,0,0,1,0,0,4
Start Solar Ireland Limited,0,3,0,0,0,0,1,0,0,0,0,0,4
Joseph Brennan Bakeries,2,0,0,0,0,1,0,0,0,0,0,1,4
West Wicklow Hospitality Limited,0,3,0,0,0,0,0,0,0,0,0,1,4
Manning Asian Food Limited,0,0,0,1,0,0,0,0,1,0,1,1,4
Alder Clover Limited,0,0,1,0,0,1,0,0,0,1,1,0,4
West Pharmaceutical Products Ireland Limited,1,2,1,0,0,0,0,0,0,0,0,0,4
Herps Food Limited,0,0,1,0,1,0,0,0,0,1,1,0,4
Realta Soft Limited,0,0,4,0,0,0,0,0,0,0,0,0,4
KC and Son and Sons Limited,2,0,1,0,0,0,0,1,0,0,0,0,4
Dennehy Commercials ltd,0,0,2,0,1,0,0,1,0,0,0,0,4
Tent Engineering Limited,1,0,1,0,0,0,0,0,0,2,0,0,4
AIG Europe SA,0,0,0,0,0,0,0,0,0,0,2,2,4
SMT Fund Services (Ireland) Limited,1,2,0,1,0,0,0,0,0,0,0,0,4
Define Barber Limited,0,0,0,0,0,0,0,0,0,1,1,2,4
Remote Management Technology Limited,0,0,0,0,0,0,0,3,0,0,0,1,4
Stepstone Group Europe Alternative Investments Ltd,1,0,2,0,0,0,1,0,0,0,0,0,4
Coco Asian Food Limited,0,0,0,0,1,0,0,0,0,0,3,0,4
Maria Goretti Nursing Home,0,0,0,0,0,0,1,0,0,2,1,0,4
Raise Developments Ltd,0,0,0,0,0,1,0,0,0,0,1,2,4
Profile Developments Unlimited Company,1,1,0,1,1,0,0,0,0,0,0,0,4
Noel Meade Horse Trainer Limited,0,2,0,0,0,0,0,0,0,1,1,0,4
Kearys Kinsale Road Roundabout Unlimited Company,0,0,0,0,0,1,2,0,0,1,0,0,4
Noel Lawler Green Energy Solutions Ltd.,0,2,0,0,0,0,1,0,0,0,1,0,4
Sportglade Limited,0,0,0,0,0,1,0,0,1,0,0,2,4
Channel Mechanics Technologies Ltd,0,0,2,0,1,0,0,0,1,0,0,0,4
Wildcard Films Three,0,0,0,0,0,0,0,4,0,0,0,0,4
Hamilton UK Services Limited,0,1,0,1,0,0,0,0,2,0,0,0,4
Millennium Operations Limited,0,0,0,1,0,0,0,1,0,1,1,0,4
Deenish Restaurants Limited,0,0,1,0,1,0,0,0,0,0,2,0,4
Pay and Shop Limited,1,0,0,0,0,1,1,0,0,0,1,0,4
Prodig Attachments Ltd,0,0,3,0,0,0,0,0,1,0,0,0,4
Waterfront Inns Limited,0,0,4,0,0,0,0,0,0,0,0,0,4
Integrity Communications,0,0,0,0,0,0,0,0,2,0,1,1,4
Wayfair Stores Limited,0,0,1,0,0,0,2,0,0,0,1,0,4
Ashley Catering Limited,2,0,0,0,1,0,0,0,0,0,0,1,4
Refresh Hospitality Dundrum Limited,0,1,1,1,0,0,0,0,0,0,0,1,4
The Hurlers Bar Ltd,0,0,0,0,0,1,2,1,0,0,0,0,4
AP EnvEcon Limited,2,0,0,0,0,0,0,0,0,2,0,0,4
Homecare Adaption Construction LTD,0,0,1,0,0,0,1,1,1,0,0,0,4
O'Donovan Engineering Company Limited,0,0,0,0,0,0,2,2,0,0,0,0,4
TechStar IT Limited,1,0,0,1,0,0,0,0,1,0,0,1,4
Delfin English School Limited,2,0,1,0,0,0,0,0,0,1,0,0,4
The Irish Air Navigation Service,2,0,1,0,0,0,1,0,0,0,0,0,4
Propylon Ltd.,0,0,0,0,1,0,0,0,0,2,0,1,4
"Commissioning Agents Ireland, Limited",0,0,0,0,0,0,1,0,2,1,0,0,4
Derek Byrne Construction Ltd.,0,0,4,0,0,0,0,0,0,0,0,0,4
Kearys of Cork Unlimited Company,0,4,0,0,0,0,0,0,0,0,0,0,4
Minasil Limited,0,0,0,1,2,1,0,0,0,0,0,0,4
The K Club Limited,0,0,0,0,0,0,0,1,2,0,0,1,4
Chase Paymentech Europe Limited,0,0,0,0,1,0,1,0,1,0,1,0,4
Xiaozuzhi Limited,0,0,0,0,0,0,0,0,0,1,2,1,4
Minana International Limited,0,0,0,0,1,1,0,0,0,1,1,0,4
Technowiz IT Solutions Limited,0,0,0,0,1,0,1,0,0,2,0,0,4
Aspen Green Ltd,3,1,0,0,0,0,0,0,0,0,0,0,4
MTG Import Company Limited,0,1,0,0,0,0,0,0,0,2,0,1,4
Lexisnexis Risk Solutions (Europe) Limited,0,0,0,0,0,0,0,0,2,1,1,0,4
Duggan Allied Steel Limited,0,0,0,0,0,0,0,0,0,0,1,3,4
Inishowen Motors (JMCL) Ltd,1,1,0,0,0,0,0,0,0,2,0,0,4
Garbally View Nursing Homes Limited,0,0,2,0,1,0,0,0,0,0,1,0,4
Tokyo Foodie Limited,0,0,0,0,0,2,1,0,0,0,1,0,4
Erneside Engineering Limited,0,0,0,0,0,0,3,1,0,0,0,0,4
Cahir House Court Hotel Limited,0,1,1,0,0,0,0,0,0,0,2,0,4
Gannons City Recovery and Recycling Services Ltd,0,0,0,0,0,0,0,0,1,2,1,0,4
Oriel Attachments Limited,1,0,0,2,0,0,0,0,1,0,0,0,4
Killucan Nursing Centre Limited,0,0,1,0,0,0,1,0,1,0,1,0,4
BHA Construction Limited,1,1,0,0,0,2,0,0,0,0,0,0,4
BHD Restaurant Limited,1,0,0,0,0,0,0,0,1,0,1,1,4
Mountbellew Nursing Home Limited,0,1,0,0,0,0,0,0,2,1,0,0,4
BHP Laboratories Ltd,2,0,0,2,0,0,0,0,0,0,0,0,4
Summerun Limited,0,1,0,0,0,0,1,0,1,1,0,0,4
Boeing Ireland Limited,0,0,0,1,0,1,0,0,0,1,0,1,4
Superior Health Limited,0,2,1,0,0,0,1,0,0,0,0,0,4
Big World Limited,1,2,1,0,0,0,0,0,0,0,0,0,4
Bill Brennan Crash Repairs Limited,0,0,1,0,0,0,0,0,0,0,2,1,4
Turkish Airlines Inc,0,2,0,0,0,0,0,0,1,0,0,1,4
M Cunninghams Garage Ltd,0,0,0,0,0,1,0,0,0,3,0,0,4
Fleury Engineering (Services) Ltd,0,2,1,0,0,0,1,0,0,0,0,0,4
United Lifting Gear Limited,1,1,2,0,0,0,0,0,0,0,0,0,4
Gallaghers Seafood Restaurant Ltd,0,1,0,0,0,0,0,0,0,3,0,0,4
Sai Construction Limited,2,0,0,0,2,0,0,0,0,0,0,0,4
Uniphar Wholesale Limited,0,1,0,0,0,0,0,1,1,0,1,0,4
LSM Engineering Limited,1,0,0,0,0,0,0,1,2,0,0,0,4
Valentia Nursing Home Ltd,0,0,0,0,0,1,2,0,1,0,0,0,4
JFK Autotech Limited,0,2,1,0,0,0,0,1,0,0,0,0,4
Cork City Council,0,0,0,0,1,0,0,0,1,0,2,0,4
Ryanair Labs Limited,0,0,1,0,0,0,0,1,0,1,1,0,4
PH Contracting PRO Limited,0,0,0,0,0,0,0,0,0,0,3,1,4
Mayo Mental Health Services,1,0,0,1,0,0,0,0,2,0,0,0,4
Kilkenny Cooling Systems Limited.,0,0,0,0,0,0,0,0,0,3,1,0,4
A&M Interior Glazing Limited,4,0,0,0,0,0,0,0,0,0,0,0,4
Francis Ely Transport Limited,0,0,0,0,0,0,0,2,0,0,2,0,4
TKY Nursing and Healthcare Agencies Limited,0,0,2,0,1,0,1,0,0,0,0,0,4
Gaynestown Stud Ltd,0,1,0,0,0,0,1,0,0,2,0,0,4
Cube Dental Co. Ltd,0,0,1,0,0,1,0,0,1,0,1,0,4
Da Vincis Restaurant Ltd,0,0,0,1,0,0,1,0,1,0,0,1,4
Urban Pizza Limited,1,0,1,0,1,0,0,1,0,0,0,0,4
Tall Trees Childcare Limited,0,0,0,0,1,1,0,1,0,0,1,0,4
Shirley Arms Hotel Ltd,0,0,2,0,1,0,0,0,0,1,0,0,4
Boland Rice ltd,4,0,0,0,0,0,0,0,0,0,0,0,4
KQ Accommodation Limited,0,2,0,1,1,0,0,0,0,0,0,0,4
Gartner Ireland Limited,1,0,0,0,0,0,1,1,0,1,0,0,4
Nutritics Limited,0,1,0,0,1,1,0,0,0,0,0,1,4
A.R.D. Precision (IRL) LIMITED,3,1,0,0,0,0,0,0,0,0,0,0,4
Tógáil Veilbhit Glas Teoranta,0,0,0,0,0,0,0,1,0,0,0,3,4
Cylance Ireland Limited,1,0,0,0,0,0,0,1,0,2,0,0,4
Bridgelynn Limited,1,0,0,0,0,0,0,0,1,0,1,1,4
Fountain Dale Limited,0,0,0,0,0,0,1,0,2,1,0,0,4
Pizza Dog Ltd,1,1,0,0,0,0,0,0,0,0,2,0,4
Eversheds Sutherland LLP,0,2,0,0,2,0,0,0,0,0,0,0,4
Coyle Complete Limited,1,0,0,0,0,0,0,0,0,0,0,3,4
Kingscourt Castle Limited,3,1,0,0,0,0,0,0,0,0,0,0,4
Foxfield Properties Ltd,1,0,0,1,0,0,0,0,1,1,0,0,4
Shannon Lodge Nursing Home Rooskey Limited,0,0,0,0,0,0,1,0,0,0,2,1,4
Susan O Gorman,0,0,0,0,0,0,0,0,0,0,2,2,4
Cully Automation Limited,0,0,0,1,1,0,0,0,1,1,0,0,4
Fairlawns Nursing Home Limited,0,0,2,0,0,0,0,0,2,0,0,0,4
Brown Thomas Arnotts Limited,1,2,0,0,0,0,0,0,0,1,0,0,4
P.J. Brennan & Company Limited,1,0,0,0,1,0,0,1,0,0,1,0,4
Kroll Bond Rating Agency Europe Limited,0,0,1,1,0,0,0,0,0,0,0,2,4
Blacklion Produce Limited,0,0,1,0,0,0,0,1,0,0,1,1,4
Santa Sabina House Ltd,2,0,0,0,0,0,1,1,0,0,0,0,4
Buckfast DAC,2,2,0,0,0,0,0,0,0,0,0,0,4
Santry Food Restaurants Limited,2,0,1,0,0,0,0,0,0,1,0,0,4
MCD Garden Sheds Ltd,0,0,0,0,0,0,0,3,1,0,0,0,4
Kvalito Ireland Ltd,0,0,1,0,0,0,0,0,0,0,2,1,4
Satyanarayan Limited,1,0,0,0,0,0,0,0,0,2,1,0,4
Kurgan Construction Limited,0,0,0,0,0,1,1,0,2,0,0,0,4
Kuehne & Nagel (Ireland) Limited,0,1,0,0,0,0,0,1,0,1,1,0,4
Cunningham Civil & Marine Limited,0,0,0,0,0,0,1,1,0,0,0,2,4
Building Design Partnership (Architects Designers Engineers) Ltd,2,0,0,0,0,0,0,0,0,0,2,0,4
ABEC Technologies Europe Limited,1,0,0,1,0,1,1,0,0,0,0,0,4
Shareridge Utilities Ltd,1,3,0,0,0,0,0,0,0,0,0,0,4
Obelisk Communications Limited,0,0,0,3,0,1,0,0,0,0,0,0,4
Broadridge Ireland Limited,0,0,1,0,0,0,1,0,1,1,0,0,4
Moy Materials Limited,0,0,1,0,0,0,1,1,1,0,0,0,4
Shareridge Utilities Limited,0,0,0,0,0,0,0,1,0,0,0,3,4
McCabes Pharmacy Limited,0,0,1,0,1,0,0,0,0,0,1,1,4
Farnakill Limited,1,0,0,0,0,0,1,2,0,0,0,0,4
"BNP Paribas, Dublin Branch",2,1,0,0,0,0,1,0,0,0,0,0,4
BMCC Energy Limited,0,1,0,1,1,1,0,0,0,0,0,0,4
Scotiabank (Ireland) Designated Activity Company,1,0,0,0,0,0,1,0,0,1,0,1,4
JMC Masonry Limited,0,0,1,1,1,0,0,0,1,0,0,0,4
ABB Limited,0,0,1,0,1,0,1,0,0,0,1,0,4
Salons Expert Limited,1,1,1,0,0,1,0,0,0,0,0,0,4
Bishopsisland Plant Hire and Groundworks Ltd,0,0,0,0,1,1,1,0,0,1,0,0,4
Shannondoc Company Limited by Guarantee,0,1,0,0,1,0,2,0,0,0,0,0,4
Bushfield Nursing Home Limited,2,0,0,0,0,1,0,0,0,0,0,1,4
24 Doc (Doctor On Call) Limited,0,0,0,0,0,1,0,0,0,1,0,2,4
Zendesk International Limited,0,0,0,0,0,0,0,1,0,0,1,2,4
Kilsaran Concrete Unlimited Company,0,0,0,0,0,1,0,0,1,1,1,0,4
Umami Catering Limited,1,0,0,0,0,2,0,0,0,0,1,0,4
Cullen Cleaning Unlimited Company,1,0,1,0,2,0,0,0,0,0,0,0,4
PLR Worldwide Sales Limited,1,0,0,0,0,0,1,1,1,0,0,0,4
Burger Chick Cork Limited,2,1,0,0,0,0,0,0,0,1,0,0,4
McElwain Scaffolding Ltd,4,0,0,0,0,0,0,0,0,0,0,0,4
Premier Precast Solutions Limited,0,0,0,0,0,0,4,0,0,0,0,0,4
Romero Games Ltd,1,0,1,1,1,0,0,0,0,0,0,0,4
RongCheng Chinese Restaurant Ltd,0,0,0,0,0,0,2,0,0,0,0,2,4
Khukuri Limited,2,0,0,0,0,0,2,0,0,0,0,0,4
Ballincaorigh Ltd,0,0,0,0,1,3,0,0,0,0,0,0,4
Nibeck Limited,0,0,1,0,0,0,0,0,0,1,0,2,4
Rory Lynch Transport Limited,0,0,3,0,0,0,0,1,0,0,0,0,4
Glorial Software Solutions Limited,1,0,1,0,0,0,0,0,0,1,0,1,4
Global Shares Ireland Limited,0,0,0,0,0,1,0,1,0,1,1,0,4
Pfizer Ireland Pharmaceuticals Unlimited Company,0,0,2,1,0,0,0,0,1,0,0,0,4
Carne Global Financial Services Ltd,0,1,0,0,0,1,1,0,1,0,0,0,4
Glenn Anthony Hospitality Limited,1,1,0,1,0,1,0,0,0,0,0,0,4
Roskell Transport Ltd,1,0,0,0,1,0,2,0,0,0,0,0,4
SENSEI Cork Café Limited,0,0,2,0,0,0,0,0,2,0,0,0,4
Embecta Penel Limited,1,1,0,0,0,0,0,0,1,0,1,0,4
EMC Information Systems International Unlimited Company,2,0,0,0,1,0,0,0,0,1,0,0,4
Ballyhugh International Transport Limited,3,0,0,0,0,1,0,0,0,0,0,0,4
Pilz Ireland Industrial Automation Limited,0,0,0,1,0,0,1,1,0,1,0,0,4
Maurice Moffett Ltd,0,2,0,0,0,0,0,0,0,0,2,0,4
Daniel Sajfert,0,0,2,0,0,0,0,1,0,0,1,0,4
Ishaarnavi Foods Limited,0,1,0,0,1,0,0,0,0,0,0,2,4
Triur Construction Limited,0,0,0,0,0,0,2,1,0,1,0,0,4
Caring Hands Ltd,0,0,0,0,1,0,0,0,1,1,1,0,4
Rosewell Racing Ltd,0,0,0,3,1,0,0,0,0,0,0,0,4
Motor Import Unlimited Company,0,0,2,1,0,0,0,0,0,0,0,1,4
Michael Goff,0,1,3,0,0,0,0,0,0,0,0,0,4
Kevin McAllen Building Services Limited,0,3,1,0,0,0,0,0,0,0,0,0,4
Thomas Garland and Partners Limited,0,0,1,0,0,0,0,0,0,2,0,1,4
Rocatil Limited,0,0,1,2,0,0,0,1,0,0,0,0,4
Irish Country Meats (Sheepmeat) Unlimited,2,2,0,0,0,0,0,0,0,0,0,0,4
Mott MacDonald Ireland Ltd,0,0,1,2,1,0,0,0,0,0,0,0,4
Davencrest Limited,0,0,0,0,0,0,0,0,2,0,0,2,4
Adecco Ireland Ltd,0,0,0,0,0,0,0,0,0,0,4,0,4
Croom Concrete Limited,1,0,1,0,0,0,0,0,0,1,0,1,4
Rock Vision Limited,1,0,0,0,1,0,0,0,0,0,2,0,4
Symbioxis Healthcare Limited,0,0,2,0,0,0,1,0,0,0,0,1,4
Good People Homecare Limited,1,0,2,0,0,0,0,0,0,0,1,0,4
Electrical & Pump Services Ltd,0,0,1,0,1,0,0,0,0,1,0,1,4
Cross Atlantic Properties Limited,0,1,0,0,0,0,0,1,1,1,0,0,4
Crossflow Airconditioning Ltd,3,0,0,0,0,1,0,0,0,0,0,0,4
Crowleys DFK Limited,0,0,1,0,0,0,0,0,1,1,1,0,4
ElectroRoute Market Access Limited,1,0,1,0,1,0,1,0,0,0,0,0,4
Laois/Offaly Mental Health Services,3,1,0,0,0,0,0,0,0,0,0,0,4
Finnis Contracts Limited,0,0,0,0,0,0,0,0,0,0,4,0,4
Bainistiocht Áras Ghaoth Dobhair Faoi Theorainn Rathaiochta,2,0,0,1,0,0,0,0,0,1,0,0,4
Datadog Ireland Limited,1,0,0,0,0,0,0,1,1,1,0,0,4
Virtu Financial Ireland Limited,0,1,1,0,0,0,0,2,0,0,0,0,4
Gortana Limited,0,1,0,2,0,0,0,0,0,0,1,0,4
GL Student Services Limited,0,1,1,0,0,0,1,0,0,0,1,0,4
Bounce Marketing Limited,0,0,2,0,0,1,0,0,0,1,0,0,4
Boss Catering Limited,0,0,0,1,0,2,0,0,0,0,0,1,4
BearingPoint Ireland Limited,1,0,1,0,1,0,1,0,0,0,0,0,4
Ghrian Contracting Limited,1,0,0,1,1,1,0,0,0,0,0,0,4
New Payment Innovation Limited,2,0,0,2,0,0,0,0,0,0,0,0,4
Lakeview Retirement Home Ltd,0,0,0,0,0,0,0,0,0,1,1,2,4
TSFY Limited,0,1,0,0,2,0,0,0,0,0,1,0,4
RP Tradeco Limited,0,1,0,0,0,1,1,1,0,0,0,0,4
Lakedale Leisure Limited,1,0,2,0,0,1,0,0,0,0,0,0,4
Cappoquin Transport Ltd,0,0,0,0,2,1,0,0,0,0,1,0,4
Vento Naas Catering Limited,1,2,0,0,0,0,0,0,0,0,0,1,4
Bon Secours Care Village - St Joseph's,0,0,0,0,0,2,2,0,0,0,0,0,4
NBC Global Finance Limited,1,0,0,0,0,0,0,1,1,1,0,0,4
BDOZ88 Limited,0,0,0,1,0,0,0,0,0,1,0,2,4
Capital Care Zahidbarakatli,0,0,0,0,0,0,0,0,0,1,3,0,4
Cordavis Limited,0,1,2,0,0,0,0,1,0,0,0,0,4
Capital Care Moate Limited,1,1,0,0,1,0,0,0,0,1,0,0,4
Beachline Limited,0,0,0,0,0,0,3,0,0,1,0,0,4
Enforge Exchequer Street Limited,0,0,1,0,0,0,1,0,0,2,0,0,4
Gentle Hands Homecare Ltd,1,0,0,0,0,1,0,0,0,2,0,0,4
Rushmore Nursing Home Limited,0,2,1,0,0,0,0,0,0,1,0,0,4
Belmont Plant & Equipment Ltd,0,1,1,0,1,0,0,0,0,0,1,0,4
Mergon International,2,1,0,0,0,1,0,0,0,0,0,0,4
Tang Abbey Limited,2,1,0,0,0,0,0,1,0,0,0,0,4
Seatang Limited,0,0,0,0,3,0,0,0,0,1,0,0,4
Balreask Farms Limited,0,0,1,0,0,0,0,0,1,0,1,1,4
VGL Support Services Ireland Ltd (Viagogo),1,0,0,1,0,0,0,0,0,0,1,1,4
Aclare Nursing Home LTD,1,0,2,0,0,0,0,0,1,0,0,0,4
National Treasury Management Agency,0,0,1,0,0,0,0,0,1,1,1,0,4
Bank of China (Europe) S.A.,1,1,0,0,0,0,0,0,1,1,0,0,4
Banta Restaurants Limited,1,0,0,0,0,0,0,0,0,1,1,1,4
Panda Asian Foods Limited,0,0,0,0,0,0,0,1,1,1,0,1,4
Kiernan Structural Steel Ltd.,4,0,0,0,0,0,0,0,0,0,0,0,4
Pinestream Ltd,0,1,0,0,0,0,0,0,1,2,0,0,4
Firstcare Mountpleasant Lodge LTD,1,0,0,1,0,0,1,0,1,0,0,0,4
Kilcawley Building & Civil Engineering (Sligo) Limited,0,0,2,0,0,0,0,2,0,0,0,0,4
Barry Quinn Transport Ltd,0,2,0,0,0,0,0,0,0,0,2,0,4
CS Calzature  Limited,0,0,0,0,0,0,2,0,0,0,0,1,3
HZC Restaurant Limited,0,0,3,0,0,0,0,0,0,0,0,0,3
JJ Rhatigan & Company Unlimited Company,0,1,0,0,0,0,0,1,1,0,0,0,3
Pinterest Europe Limited,0,1,0,0,1,0,0,0,0,1,0,0,3
HZY Restaurant Limited,0,1,0,0,0,0,0,0,0,0,0,2,3
Derradda Financial Services Limited,1,0,0,0,0,0,0,1,0,1,0,0,3
Jin Sheng Limited,1,1,0,0,0,0,0,1,0,0,0,0,3
Hughlin Properties Ltd,1,0,0,1,0,0,0,0,0,1,0,0,3
Penston MEP Consulting Limited,0,0,1,0,2,0,0,0,0,0,0,0,3
Sutton Central Production Limited,0,0,0,0,0,0,0,0,0,0,2,1,3
JTI Ireland Limited,1,0,1,0,0,0,0,0,0,0,0,1,3
Peony Garden Limited,1,0,1,0,0,0,0,0,0,0,1,0,3
Phoenix Tyre Company Limited,0,0,1,0,0,0,0,0,1,0,0,1,3
Quality First Limited,0,0,0,0,0,0,0,0,1,0,1,1,3
Hunt Company Accountants Limited,1,0,0,1,0,0,1,0,0,0,0,0,3
SYA Food Holding Limited,0,0,3,0,0,0,0,0,0,0,0,0,3
Crown Gaming Ireland Limited,0,1,0,0,0,0,0,0,0,1,0,1,3
Jetwash International LTD,0,0,0,0,0,0,0,0,0,1,0,2,3
St. John of God Carmona Services,0,0,1,0,0,1,0,0,0,0,0,1,3
CSC Finance Holding Ireland Limited,0,0,0,0,0,0,1,0,1,0,0,1,3
Hyper Trust Limited t/a Leopardstown Inn,0,0,0,0,1,0,0,0,2,0,0,0,3
Jerry Summerinn Limited,0,0,1,1,0,0,0,0,0,1,0,0,3
St. Paul's Nursing Home Limited,0,0,0,0,0,0,1,0,0,0,0,2,3
Desmond McCormack Limited,0,0,0,0,0,0,0,0,0,3,0,0,3
QXCY Restaurant Limited,0,0,0,0,1,0,0,0,1,0,1,0,3
Stafford Arms Limited,0,1,2,0,0,0,0,0,0,0,0,0,3
Queen Of Peace Nursing Home,0,0,0,1,0,0,1,0,0,1,0,0,3
PJB Management Ltd,0,0,0,0,0,0,0,0,0,0,3,0,3
PGA Global Services LLC,1,0,0,0,0,0,0,0,0,2,0,0,3
Storyful Ltd,1,0,0,0,0,1,0,0,0,0,1,0,3
Suirview Stables Limited,0,0,0,0,0,0,0,0,0,1,1,1,3
Daleside Plant Sales and Repairs Ltd,0,0,0,0,1,0,0,0,1,1,0,0,3
Sullane Automation Limited,0,0,1,0,0,0,0,0,0,0,0,2,3
Stillorgan Park Hotel Limited,1,1,0,0,0,0,0,0,1,0,0,0,3
Decawave Limited,0,0,2,0,0,0,0,0,0,1,0,0,3
Intercambio Study Travel Limited,0,1,0,0,0,0,0,0,2,0,0,0,3
Hughes Agriculture & Farming Ltd,3,0,0,0,0,0,0,0,0,0,0,0,3
J & E Davy Holdings,0,0,0,1,0,0,0,0,0,0,2,0,3
Sumitomo Mitsui Finance and Leasing Company Ltd,0,0,1,1,0,0,0,0,0,0,0,1,3
Sterling Pharma Ringaskiddy Limited,0,0,2,0,0,0,0,1,0,0,0,0,3
Innvik Foods Limited,2,0,0,0,0,0,0,0,0,1,0,0,3
Stephenson Transport LTD,0,0,0,0,0,0,0,1,1,0,1,0,3
Portlaoise Panthers Basketball Club,1,0,0,0,0,0,0,1,0,1,0,0,3
J.F. Building and Civil Engineering Contractors Limited,0,0,1,0,1,1,0,0,0,0,0,0,3
Joe Norris Motors Limited,0,0,1,0,1,0,0,0,1,0,0,0,3
Ivory Fusion Limited,0,0,0,0,0,0,1,0,0,0,1,1,3
Irish City Tours Limited,1,0,0,0,0,0,1,0,0,0,1,0,3
Irish Green Building Council Company Limited by Guarantee,0,0,1,0,0,0,0,0,1,1,0,0,3
Ocean River Catering Ltd,0,0,0,0,0,0,0,2,0,1,0,0,3
Principle HR Limited,0,0,0,0,0,0,0,0,0,0,2,1,3
Irish International Trading Corporation (Cork) Plc,1,0,0,0,0,0,1,0,1,0,0,0,3
Lorruano Lar Solutions Limited,2,1,0,0,0,0,0,0,0,0,0,0,3
Lorien (Camden) Limited,3,0,0,0,0,0,0,0,0,0,0,0,3
Structive Civil Engineering Ltd,0,0,0,0,0,0,0,0,0,1,1,1,3
Ishka Irishspringwater Limited,1,0,1,0,0,0,0,1,0,0,0,0,3
Invesco Investment Management Limited,0,0,0,0,0,0,0,2,0,1,0,0,3
Structure Tone Limited,0,0,0,0,0,1,0,1,1,0,0,0,3
Darraglynn Nursing Home Limited,0,0,0,0,0,0,0,0,0,0,3,0,3
Irish Red Cross,1,0,2,0,0,0,0,0,0,0,0,0,3
Precision Interiors Limited,0,0,0,0,0,0,0,1,0,0,0,2,3
Storytoys Ltd,1,1,0,0,0,0,0,0,0,1,0,0,3
Suesey Street and No.25 Limited,0,1,0,0,1,0,0,0,0,0,1,0,3
DB Business Information Solutions UC,0,2,0,1,0,0,0,0,0,0,0,0,3
Premium Power Limited,0,0,0,0,0,0,1,0,0,1,0,1,3
Jamelljef Limited,0,0,0,0,0,0,0,0,0,2,0,1,3
JMG EHS Solutions Limited,0,0,0,1,0,0,0,0,0,1,1,0,3
James J. O’Donnell General Engineering Works Limited,0,1,0,0,1,0,0,1,0,0,0,0,3
IN2 Design Partnership Ltd,0,1,0,0,0,0,0,0,0,0,1,1,3
Imperial Garden Ltd,0,0,0,0,0,0,0,0,1,1,1,0,3
O'Flynn Meats Gracedieu Unlimited,0,2,1,0,0,0,0,0,0,0,0,0,3
Dennehy Pro Plus Ltd,2,0,0,0,0,0,0,1,0,0,0,0,3
Plazamont Limited,0,0,0,0,0,0,0,2,0,1,0,0,3
Johnny Jugnu Limited,1,1,1,0,0,0,0,0,0,0,0,0,3
Oakwood Private Nursing Home Ltd,0,0,0,0,0,0,0,0,0,0,0,3,3
Curamach Strings Ltd,0,2,1,0,0,0,0,0,0,0,0,0,3
Susquehanna Dublin Limited,0,0,1,1,1,0,0,0,0,0,0,0,3
Dental Care Ireland Management Limited,1,0,0,0,0,0,1,0,0,0,1,0,3
Perfect Kebab Limited,2,1,0,0,0,0,0,0,0,0,0,0,3
Cúram Altranais:Paediatric Adult Case Management Service Ltd,0,0,0,0,0,0,0,0,1,0,1,1,3
Ichiban Catering Limited,1,0,0,1,0,0,0,0,0,0,1,0,3
Phoenix Group Management Services,0,0,0,0,1,0,0,0,0,0,2,0,3
JAMES WELDON TRANSPORT LIMITED T/A JVW GROUP,0,0,0,0,0,0,0,0,0,1,2,0,3
Joe McGovern Transport Limited,0,0,0,0,1,1,1,0,0,0,0,0,3
Sundyp Ltd,0,0,2,0,0,0,0,0,0,1,0,0,3
Joe Mallon (Motors) Limited,0,0,0,0,0,0,0,0,3,0,0,0,3
LPT Foods Limited,0,3,0,0,0,0,0,0,0,0,0,0,3
Poolville Limited,0,2,0,0,0,0,0,0,1,0,0,0,3
Jack Cuthbert's Handmade Bread Limited,1,2,0,0,0,0,0,0,0,0,0,0,3
Inflight Audio Unlimited Company,2,0,0,0,0,0,0,0,1,0,0,0,3
Pomeroy IT Solutions UK Ltd,1,0,0,0,0,0,0,0,0,0,1,1,3
State Street Technology (Ireland) Ltd,0,0,0,0,0,0,0,0,1,1,1,0,3
Provincial Security Services Limited,0,2,0,0,0,0,0,1,0,0,0,0,3
Independent Pizza Company (Drumcondra) Limited,1,1,0,0,0,0,1,0,0,0,0,0,3
JNDT Limited,3,0,0,0,0,0,0,0,0,0,0,0,3
Independent Colleges Limited,2,0,0,0,0,0,0,0,0,1,0,0,3
LocalEyes Limited,0,1,0,0,1,0,0,0,0,0,0,1,3
Jadeloft Limited,1,1,0,0,0,0,0,0,0,1,0,0,3
Statkraft Ireland Limited,1,0,1,0,0,0,0,0,0,1,0,0,3
Denis Leahy,0,0,1,0,0,0,0,0,0,1,1,0,3
Jaite Limited,0,0,0,0,0,0,1,2,0,0,0,0,3
Infineon Technologies Ireland Limited,0,0,0,2,0,0,0,0,1,0,0,0,3
Glenmar Construction Limited,0,0,0,3,0,0,0,0,0,0,0,0,3
Emmet Place Aroma Limited,0,0,0,0,0,0,0,2,0,0,1,0,3
Glenlorn Limited,0,0,1,0,0,0,1,0,1,0,0,0,3
Glasha Farms Limited,0,1,1,0,0,0,1,0,0,0,0,0,3
Ginger House Restaurant Limited,1,0,1,0,0,0,0,1,0,0,0,0,3
Gill Ventures Limited,0,0,0,0,1,0,0,1,1,0,0,0,3
Gihan Restaurants Limited,0,0,0,0,1,0,0,1,0,0,0,1,3
Rushbell Catering Limited,0,0,0,0,0,0,0,0,0,0,0,3,3
Rushbell Construction Limited,1,0,0,1,0,0,0,0,0,0,1,0,3
Enforge PCC Limited,0,0,0,0,0,0,1,1,0,1,0,0,3
Genesis Red Earth Limited,0,1,0,0,0,0,0,0,0,0,2,0,3
Ruthvik Technology Limited,0,1,2,0,0,0,0,0,0,0,0,0,3
General Paints Limited,0,0,0,0,2,0,0,0,1,0,0,0,3
Entrust Limited,1,1,0,0,0,0,0,0,0,0,0,1,3
Jingdong Group Ireland Limited,0,0,0,0,0,0,0,0,0,0,0,3,3
GE Vernova International LLC,1,1,0,1,0,0,0,0,0,0,0,0,3
Gavin and Doherty Geosolutions Ltd,2,0,0,0,0,1,0,0,0,0,0,0,3
Eochiall Enterprises Limited,0,0,1,0,1,0,0,1,0,0,0,0,3
Shrewsbury House Nursing Home Limited,1,0,1,0,0,0,0,0,0,0,0,1,3
S & B Barrett Farms Limited,0,0,1,0,0,0,0,1,0,0,0,1,3
Garuda Unlimited Company,1,0,0,0,0,0,0,0,0,0,2,0,3
GartnetPark Limited,0,0,1,0,0,0,0,0,0,1,1,0,3
La Siciliana Limited,0,0,1,0,0,0,0,0,2,0,0,0,3
Garryhinch Wood Exotics Limited,0,0,0,0,0,0,3,0,0,0,0,0,3
Garryduff Dairy Farm Limited,0,0,2,0,0,0,0,1,0,0,0,0,3
Eric Wong Tan Limited,0,0,1,0,1,0,0,1,0,0,0,0,3
Shillelagh Quarries Limited,1,0,0,2,0,0,0,0,0,0,0,0,3
Erin School Of English T/A Erin College,1,0,1,0,0,0,0,0,0,1,0,0,3
Garry Catering Limited,0,0,1,0,0,0,1,0,0,1,0,0,3
Sacre Coeur Nursing Home Limited,0,0,2,0,1,0,0,0,0,0,0,0,3
GEM Construction Company Limited,0,0,0,0,0,1,0,0,0,2,0,0,3
Kerry Senior Care LTD,0,0,0,0,1,0,0,0,0,0,0,2,3
Parknageragh Pig Breeders Company Limited,0,0,0,0,0,0,0,1,2,0,0,0,3
Eirefacades Limited,0,1,1,0,0,0,0,0,0,1,0,0,3
Eirgen Pharma Ltd.,0,0,0,0,0,0,0,2,0,0,0,1,3
Roadstone Limited,0,0,0,0,0,0,0,0,0,2,0,1,3
Granagh Concrete Products Ltd,0,0,0,0,0,0,0,0,0,2,0,1,3
Optinergy Limited,2,0,1,0,0,0,0,0,0,0,0,0,3
GPL Motor Factors Limited,0,0,0,0,0,0,2,0,0,0,0,1,3
Eirtrans (Vb) Limited,0,1,0,0,0,0,0,0,0,2,0,0,3
Sino-EU Union International (Irl) Trading Limited,0,0,1,0,0,1,0,0,1,0,0,0,3
EisnerAmperMKO Limited,0,0,0,0,0,0,0,0,1,1,1,0,3
GP Wood Lissarda Limited,0,0,0,0,1,0,1,0,0,0,1,0,3
Oracle Cerner Ireland Limited,1,0,0,0,0,0,0,0,0,2,0,0,3
GP Wood Limited,0,0,0,1,2,0,0,0,0,0,0,0,3
EMG Tyres Ltd,0,1,0,0,1,0,0,1,0,0,0,0,3
Orangeseed DAC,0,0,0,0,0,0,0,1,0,1,0,1,3
Roland Foresty Ltd,0,0,0,0,0,0,0,0,1,1,1,0,3
Element Six Ltd,1,0,0,0,1,0,0,0,0,1,0,0,3
Lao Restaurant Limited,0,0,0,1,0,0,0,0,0,1,0,1,3
Golden Spices Limited,0,0,0,0,0,0,0,0,1,0,2,0,3
Golden Forest Limited,0,0,0,0,2,0,0,0,0,1,0,0,3
Golden Elephant Restaurant & Takeaway Limited,0,1,0,0,0,0,0,0,0,0,2,0,3
Khow Thai Ltd,0,1,0,0,0,0,0,1,0,0,0,1,3
Silver Hill Foods Unlimited Company,0,0,0,0,0,0,0,0,3,0,0,0,3
Silva's Catering Limited,1,0,0,0,1,0,0,0,0,0,0,1,3
Global EntServ Solutions Ireland Limited,0,0,0,0,1,0,0,0,0,1,1,0,3
Sillis Green Veg Ltd,1,2,0,0,0,0,0,0,0,0,0,0,3
Global EntServ Solutions Galway Limited,0,1,0,0,0,0,1,0,0,0,0,1,3
Glenview Hotel Ltd,1,0,0,0,1,0,0,0,0,1,0,0,3
SignaCare Waterford Limited,2,0,0,0,0,0,0,0,0,0,0,1,3
Gourmet Inn Limited,1,0,0,0,0,0,0,1,0,1,0,0,3
Osborne Lodge Racing Ltd,0,0,0,0,0,0,0,0,0,1,2,0,3
Fabricated Products (Shannon) Ltd.,0,0,1,0,1,0,1,0,0,0,0,0,3
Fainne Entertainment Limited,1,0,0,0,0,0,0,0,0,1,1,0,3
Fairways Hotel Management Limited,0,1,0,0,0,0,1,0,1,0,0,0,3
Fox's Pub Limited,3,0,0,0,0,0,0,0,0,0,0,0,3
Savorsage Foods Ltd,0,0,0,0,0,0,1,1,0,0,1,0,3
SGS Management Services Limited,0,0,0,0,2,0,0,0,0,1,0,0,3
Fort Motors Limited,0,0,0,0,0,0,0,0,0,2,0,1,3
Forest Laboratories Ireland Limited,0,0,1,0,0,0,0,0,1,1,0,0,3
Kinvara House Ltd,0,0,1,0,0,0,0,1,1,0,0,0,3
Scrumdiddly's Ice Cream Limited,1,0,0,1,1,0,0,0,0,0,0,0,3
FJS Joinery Limited,1,0,0,0,0,0,0,1,0,0,0,1,3
FJ Restaurants Limited,1,0,0,0,0,2,0,0,0,0,0,0,3
Seamus Brennan,0,0,0,0,1,1,0,1,0,0,0,0,3
Shein Technology Co. Ltd,2,0,0,0,0,0,0,0,0,0,0,1,3
Fitzgerald Commercials Limited,0,0,1,0,2,0,0,0,0,0,0,0,3
Fisherhook LTD,1,0,0,0,0,0,1,1,0,0,0,0,3
Knockbrack Catering Limited,0,0,2,0,0,0,0,0,1,0,0,0,3
Sean Maher Plant Hire Ltd,1,1,0,0,0,0,0,0,0,0,1,0,3
First Steps Academy Creche and Montessori Limited,0,0,1,0,0,0,0,0,0,0,0,2,3
Fenor Pig Farms Limited,0,1,0,0,0,0,0,0,1,1,0,0,3
Knolad2 Limited,1,0,0,0,0,0,0,0,0,2,0,0,3
Fiontar Safety Management Limited,0,0,0,0,0,0,0,0,0,1,1,1,3
Ferm Eng LTD,0,0,0,0,0,0,0,0,0,0,1,2,3
Fingal County Council,2,0,0,0,0,0,0,0,0,1,0,0,3
Ougham House Ltd,0,0,0,0,0,0,3,0,0,0,0,0,3
Fexco Limited Company,0,0,0,0,1,1,0,1,0,0,0,0,3
Filo Aesthetic Limited,0,0,0,0,0,0,0,0,0,3,0,0,3
Fikados Care Services Limited,0,0,0,0,1,1,0,0,0,0,1,0,3
Field Management Ireland Limited,0,1,0,0,0,0,0,0,1,0,0,1,3
Sean Brady Construction and Engineering Limited,0,0,0,0,0,0,0,0,0,3,0,0,3
Killure Bridge Nursing Home Ltd,0,0,2,0,0,0,1,0,0,0,0,0,3
Saffron Bombay Bistro Limited,0,0,0,0,0,0,0,0,0,0,3,0,3
Eugene Brennan & Jean Grace,1,0,0,0,0,0,0,0,1,1,0,0,3
Saffron Catering Limited,3,0,0,0,0,0,0,0,0,0,0,0,3
SAGE 2GO LTD,0,0,0,0,0,0,0,0,0,2,1,0,3
Eurofins Biopharma Product Testing Ireland Limited,2,0,0,1,0,0,0,0,0,0,0,0,3
Eurofins Food Testing Ireland Limited,0,1,0,0,1,0,0,1,0,0,0,0,3
Orix Aviation Systems Limited,0,2,0,0,0,0,0,0,0,1,0,0,3
Saint John of God Community Services Company Limited by Guarantee,1,0,0,0,0,0,1,0,0,0,1,0,3
Saint Louis Nursing Home Limited,0,0,1,0,0,0,2,0,0,0,0,0,3
Europlan Personnel Services Limited,0,0,0,0,0,0,0,0,0,0,1,2,3
P.B. Machine Tech Ltd,0,0,0,0,0,0,0,0,0,3,0,0,3
Shao Summerinn Limited,0,0,0,0,0,2,0,1,0,0,0,0,3
Sajjad Makhdoom Consultancy Services Ltd.,1,1,0,0,0,0,0,0,1,0,0,0,3
Ezra Collective Limited,0,0,0,0,0,0,0,0,0,2,0,1,3
Shannonview Rainbow Childcare Academy Limited,1,0,0,0,0,0,0,1,0,0,0,1,3
Kilroy Tyre Depot Limited,1,0,0,0,0,0,0,0,0,2,0,0,3
FYC My Homecare Angles Limited,0,0,0,0,0,0,0,0,0,0,2,1,3
Samdor Health Care Services Limited,0,1,0,0,0,0,0,0,0,1,0,1,3
Full Circle Packaging UC,0,0,0,0,0,3,0,0,0,0,0,0,3
Eversafe Motor Limited,0,2,1,0,0,0,0,0,0,0,0,0,3
Shannon Starcourt Unlimited Company,0,1,0,0,0,0,1,0,0,0,0,1,3
Sánas Community Services Ltd,1,0,1,1,0,0,0,0,0,0,0,0,3
Excellent Food Caterings Limited,0,0,1,0,1,0,0,0,0,0,0,1,3
Executive Edge Limited,0,0,0,0,0,0,0,0,0,0,3,0,3
FRS Maintenance Limited,0,0,0,0,0,0,0,3,0,0,0,0,3
EXLSERVICE (IRELAND) LIMITED,0,1,1,0,1,0,0,0,0,0,0,0,3
Freshways Ltd.,0,0,0,0,1,0,0,0,0,1,1,0,3
Freshly Chopped Ltd,1,0,0,0,0,0,0,1,0,0,0,1,3
Sanjay's Kitchen Indian Restaurant Limited,0,1,0,1,0,0,0,1,0,0,0,0,3
Salliemont Limited,0,0,0,1,0,0,1,0,0,0,1,0,3
Link Healthcare Limited,0,0,0,0,2,0,0,0,0,0,1,0,3
Specsavers Swords Ltd,0,0,0,0,0,0,0,2,0,1,0,0,3
Randstad Ireland Operations Limited,0,0,1,0,0,0,2,0,0,0,0,0,3
Kaneco Ltd,1,0,0,1,0,0,0,0,0,0,1,0,3
RAR Resources Limited,1,0,0,0,0,0,0,0,0,1,0,1,3
HJH China Supplies Limited,1,0,0,1,1,0,0,0,0,0,0,0,3
Rath Hospitality,0,0,0,0,0,0,0,2,0,0,1,0,3
Southern Sandblasting & Powder Coating Limited,0,0,0,0,0,0,0,3,0,0,0,0,3
Douglas Gymnastics Club Limited,0,0,0,0,1,0,1,0,0,1,0,0,3
Southern Control Systems Ltd,1,0,0,0,0,0,0,1,0,0,0,1,3
Doyle Hotels (Holdings) Limited,1,0,1,0,0,0,0,0,0,0,1,0,3
Southborough Taverns Limited,2,0,1,0,0,0,0,0,0,0,0,0,3
Hineys of Crossmolina Limited,2,0,0,0,0,0,0,1,0,0,0,0,3
Ratoath Nursing Home Ltd,0,2,1,0,0,0,0,0,0,0,0,0,3
Great Fuqing Limited,0,0,0,0,0,0,1,0,0,1,1,0,3
Hillbilly's Distribution Limited,1,0,0,0,0,0,0,0,0,0,2,0,3
Kari Restaurant Limited,1,0,0,0,0,0,0,1,0,1,0,0,3
Hidden Valley Restaurant Limited,0,2,0,0,0,0,0,0,1,0,0,0,3
South Dublin County Council,0,0,0,0,0,0,0,0,1,0,1,1,3
South Doc Services Limited,0,0,0,0,0,0,0,0,0,0,3,0,3
Dr James Hiney,0,0,1,1,0,0,1,0,0,0,0,0,3
Hi Spec Engineering Ltd,0,0,0,0,0,0,0,0,0,0,0,3,3
Re:Cycle Reverse Logistics Ireland Limited,0,1,0,0,0,1,1,0,0,0,0,0,3
Lily Haosi Limited,0,0,0,0,1,2,0,0,0,0,0,0,3
Patrick Trant,1,0,0,0,0,0,0,0,0,2,0,0,3
Heng Hui Limited,0,0,0,0,0,0,1,0,1,1,0,0,3
OLT Haulage Limited,0,0,0,0,1,0,0,0,0,0,2,0,3
Drogheda Hire & Sales Limited,0,0,0,0,0,0,0,0,0,2,1,0,3
Helsinn Birex Pharmaceauticals Ltd,0,0,0,1,0,0,0,0,0,1,0,1,3
KCP Huguenot Limited,0,0,0,0,0,0,0,0,0,0,1,2,3
Ray Whelan,0,0,0,0,0,0,0,2,0,1,0,0,3
Ogma Concepts Limited,0,0,0,2,0,0,0,0,0,1,0,0,3
DHG Burlington Road Limited,1,0,0,0,1,0,0,0,1,0,0,0,3
St Michaels Hospital,0,1,0,0,0,0,0,0,0,0,1,1,3
Hugh Courtney Limited,0,0,0,0,0,0,0,0,2,1,0,0,3
Diamond Cuisine Limited,2,0,0,0,0,0,0,0,0,1,0,0,3
Pegaso Limited,0,0,0,0,0,1,0,1,1,0,0,0,3
HSE Service Executive (CHO 5),1,0,0,0,0,0,0,2,0,0,0,0,3
HSE Intergrated Health Area (IHA) - Louth Meath,1,1,1,0,0,0,0,0,0,0,0,0,3
PD Smart Homes Limited,0,0,0,0,0,0,0,0,0,0,0,3,3
PCE Coaches Limited,0,0,0,0,0,0,0,0,0,1,2,0,3
Little Nepal Food Restaurant Ltd,0,0,1,0,0,1,1,0,0,0,0,0,3
Sri Laxmi Consulting Limited,0,0,0,0,0,0,0,0,0,1,1,1,3
O'Gríofa Woodcraft Ltd,0,0,1,0,0,0,0,0,0,0,2,0,3
Howard Farms Limited,0,0,0,1,0,0,2,0,0,0,0,0,3
Home and Away Care Limited,0,0,0,0,0,0,0,2,1,0,0,0,3
Railway & Steam Packet Union S C,0,0,2,0,0,0,0,0,1,0,0,0,3
Springwater Home Limited,0,0,3,0,0,0,0,0,0,0,0,0,3
O'Keeffe Pig Farms Limited,0,0,0,0,0,0,1,0,0,0,2,0,3
Pavilion Garden Centre Ltd,1,0,1,1,0,0,0,0,0,0,0,0,3
Okta Identity Ireland Limited,1,0,0,0,0,0,1,0,0,0,0,1,3
HoopsLife Ireland Limited,1,0,1,0,0,0,0,0,0,1,0,0,3
Honeywell Measurex (Ireland) Limited,0,1,0,0,1,0,0,0,0,1,0,0,3
Honeywell Advanced Limited,0,1,0,0,0,0,0,2,0,0,0,0,3
Honey Mountain IT Solutions Limited,1,0,2,0,0,0,0,0,0,0,0,0,3
Dolly Plant Hire Ltd,0,0,0,0,0,0,0,0,0,0,1,2,3
Honch Catering Limited,2,0,0,0,0,0,0,0,1,0,0,0,3
Ralerno Hotels Limited,0,0,1,0,1,0,0,0,0,1,0,0,3
Spillane Pre-Cast Concrete Limited,0,0,0,0,0,0,0,1,0,0,1,1,3
Spice India Caterer's Limited,0,1,2,0,0,0,0,0,0,0,0,0,3
Kam Palace Chinese Restaurant Limited,0,1,0,0,1,0,1,0,0,0,0,0,3
Hovione Limited,0,0,1,0,0,0,0,0,0,1,0,1,3
Haleon Ireland Dungarvan Ltd,1,1,0,0,0,0,0,0,0,1,0,0,3
SMBC Aviation Capital Ltd,0,0,0,1,0,1,0,1,0,0,0,0,3
Duo AA Limited,0,1,0,0,0,0,0,0,1,0,1,0,3
Halcyon Cleaning Services LTD,0,0,0,1,0,2,0,0,0,0,0,0,3
DWG GALA House Limited,0,1,0,0,0,1,0,1,0,0,0,0,3
Dypeo Limited,1,0,2,0,0,0,0,0,0,0,0,0,3
Small Business Consultancy Limited,1,1,0,1,0,0,0,0,0,0,0,0,3
Halcon Steel Ltd,0,1,0,0,0,0,1,0,0,0,1,0,3
Hai Tian Restaurants Limited,0,0,0,0,0,0,0,1,0,2,0,0,3
Hafiz traders ltd,0,0,1,0,0,1,0,0,0,0,0,1,3
Kellogg Europe Trading Limited,0,0,0,2,0,0,0,0,1,0,0,0,3
Eastland Engineering Supply Co. Ltd,0,0,0,0,0,0,0,0,0,2,1,0,3
H.V.S.M. Limited,1,0,0,0,0,0,0,0,0,2,0,0,3
Slan Eco Limited,0,1,2,0,0,0,0,0,0,0,0,0,3
Life Science Consultants Limited,1,0,0,0,0,1,0,1,0,0,0,0,3
Slalom Technology and Management Solutions Limited,0,0,1,0,0,0,1,1,0,0,0,0,3
Guestford Limited,0,1,0,0,0,0,0,0,0,0,0,2,3
GSAM Motors Limited,0,1,0,0,0,0,0,0,0,0,0,2,3
Skylark Sunrise Limited,0,1,1,1,0,0,0,0,0,0,0,0,3
Leamcar Unlimited Company,0,0,1,0,0,0,0,2,0,0,0,0,3
Greywood Carpentry Limited,2,0,0,0,0,0,0,0,0,1,0,0,3
PartnerRe Holdings Europe Ltd,1,0,0,0,0,0,0,0,0,2,0,0,3
Edwards Lifesciences Ireland Limited,0,0,0,0,1,0,0,1,0,0,1,0,3
Le Fu Limited,0,1,0,0,0,0,0,0,0,0,2,0,3
Kepak Kilbeggan Unlimited Company,0,0,0,0,3,0,0,0,0,0,0,0,3
Sitecore Ireland Limited,0,0,2,0,1,0,0,0,0,0,0,0,3
Greenhall Motors Limited,1,1,1,0,0,0,0,0,0,0,0,0,3
Kerrigan Sheanon Newman Unlimited Company,0,0,0,0,0,0,0,1,0,0,2,0,3
Green Pastures (Donegal) Unlimited Company,1,1,0,0,0,0,1,0,0,0,0,0,3
Sirocco Foods Limited,1,2,0,0,0,0,0,0,0,0,0,0,3
Pat Smyth & Mary Smyth & Michael O'Leary,1,0,0,1,0,0,0,0,0,1,0,0,3
SolarWinds Software Europe DAC,1,0,1,0,0,0,0,0,1,0,0,0,3
Health Service Executive - National Screening Service,0,0,0,1,0,0,0,0,0,0,2,0,3
Health Service Executive,2,0,0,0,0,0,1,0,0,0,0,0,3
Reddilift Limited,0,2,0,0,0,0,0,0,0,1,0,0,3
Lidl Ireland Gmbh,0,1,0,0,0,0,0,1,1,0,0,0,3
Drumloman Pork Ltd,1,0,0,0,0,0,0,0,2,0,0,0,3
Sojern Intl Limited,0,1,1,0,0,0,0,0,0,0,0,1,3
HBV Ireland Ltd,0,0,1,0,0,0,0,0,0,0,1,1,3
Redhills Transport Ltd,0,0,0,0,0,0,0,3,0,0,0,0,3
Reefer Tech Refrigeration Limited,0,1,0,0,0,0,0,0,1,1,0,0,3
Harrington Concrete and Quarries Unlimited Co,0,0,0,0,0,0,0,0,0,3,0,0,3
Soba Asian Street Food Limited,1,0,0,0,0,0,0,0,0,0,0,2,3
Refresh Hospitality Services Limited,1,0,1,0,0,0,0,0,1,0,0,0,3
Dublin City Council,0,0,1,1,0,0,0,0,0,0,0,1,3
Dublin City Sports and Leisure Services CLG,0,0,1,0,0,0,0,1,0,1,0,0,3
Smith Hall Ltd,0,1,1,0,0,0,0,0,0,1,0,0,3
Regan Machinery Sales Ltd.,0,0,0,1,0,2,0,0,0,0,0,0,3
Snowflake Computing Ireland Limited,0,0,0,0,0,0,0,1,0,1,1,0,3
LGT Fund Managers (Ireland) Limited,1,0,0,0,0,1,0,0,1,0,0,0,3
Happy Out Donnybrook Limited,0,1,0,0,0,0,0,0,0,0,0,2,3
Smyths Daleside Ltd,0,0,0,0,0,0,2,1,0,0,0,0,3
Patrick O’Learys Garages Ltd t/a O‘Learys Garages and Crash Repairs,2,0,1,0,0,0,0,0,0,0,0,0,3
ReliaQuest Ireland Limited,0,0,0,0,0,0,0,1,0,0,1,1,3
Hanly Quarries Unlimited Company,0,0,0,0,0,0,0,0,0,3,0,0,3
Hanley Energy Limited,0,0,0,1,0,0,0,1,0,1,0,0,3
Dunboyne Castle Hospitality Limited,1,0,0,0,0,0,0,0,0,0,0,2,3
Smoked BBQ Management Limited,2,0,0,0,0,0,0,0,0,1,0,0,3
Letterkenny Auto Salvage Limited,1,0,0,1,0,0,0,0,0,1,0,0,3
Renaissance Services of Europe Limited,0,0,0,0,0,0,0,1,0,1,0,1,3
Renvyle Hotel Limited,0,0,1,1,0,0,1,0,0,0,0,0,3
ResMed Sensor Technologies Limited,0,0,1,0,0,0,0,0,0,0,1,1,3
Dublin College of Advanced Studies Limited,0,0,0,1,0,0,0,0,0,1,1,0,3
Becu Bloodstock Limited,0,0,1,0,0,0,0,0,0,2,0,0,3
McCarthy Plant & Agri Sales Ltd,0,0,0,0,0,0,0,0,0,0,1,2,3
Azza Consultancy Services Limited,1,0,0,0,1,0,0,0,0,0,0,1,3
Arista Networks Limited,0,1,0,0,0,0,0,1,0,0,1,0,3
Arista Technology Ireland Unlimited Company,0,0,0,0,0,1,1,0,0,0,1,0,3
Coconut Lagoon Limited,2,0,0,0,0,0,0,0,0,1,0,0,3
Carmen Ling Limited,0,0,1,0,0,0,0,0,1,0,0,1,3
Codec-DSS Limited,0,1,0,0,0,0,0,1,0,1,0,0,3
Chawkes Woodfired Pizza Limited,0,0,2,0,0,0,0,0,0,0,0,1,3
Aviva Group Services Ireland Limited,0,0,2,0,0,0,0,1,0,0,0,0,3
Vitalograph Ireland Ltd,0,0,0,0,0,0,0,0,1,1,1,0,3
Brunsdale Services Limited,0,0,2,1,0,0,0,0,0,0,0,0,3
Utmost Services Ireland Limited,0,0,0,0,0,0,1,1,0,1,0,0,3
Belgrave Contracting Limited,0,0,3,0,0,0,0,0,0,0,0,0,3
Trade Credebt Limited,1,1,0,0,0,0,0,0,0,0,0,1,3
Xanadu Consultancy Ltd,0,0,0,1,0,0,0,1,0,0,0,1,3
Colgate-Palmolive Support Services,0,1,0,1,0,0,0,0,1,0,0,0,3
Arlo Technologies International Limited,0,0,0,0,0,0,0,0,1,0,1,1,3
Armada Hotel Holdings Limited,0,0,0,0,1,0,1,0,0,0,1,0,3
Wrights of Marino,0,0,1,0,0,0,0,0,0,1,1,0,3
Top One Ka Shing Limited,0,1,0,0,0,2,0,0,0,0,0,0,3
Varming Consulting Engineers Ltd,0,0,0,0,2,0,1,0,0,0,0,0,3
Woodtown Abbott Farm Limited,2,0,0,0,0,0,1,0,0,0,0,0,3
Western Railway Ltd,0,0,0,0,0,0,0,0,0,0,2,1,3
Magna International Autolaunch Ireland Limited,0,1,1,0,1,0,0,0,0,0,0,0,3
BC Mcgettigan Limited T/A The Address Connolly,0,0,0,0,0,0,0,0,0,1,0,2,3
Musarubra Ireland Limited,0,0,0,1,0,0,0,1,0,1,0,0,3
Western Brand Group Unlimited Company,0,1,0,0,1,0,0,0,0,1,0,0,3
McCare,1,0,0,0,0,0,0,0,0,1,1,0,3
MARCIN & PIOTR MOTORS SANTRY LIMITED,0,0,0,0,0,0,1,0,0,2,0,0,3
Westbourne IT Global Services Limited,0,2,0,0,0,0,0,0,0,0,1,0,3
BDP International Logistics Limited,0,0,0,0,0,2,0,0,0,0,0,1,3
Area 22 Technologies Limited,0,0,2,1,0,0,0,0,0,0,0,0,3
B Donaghy Construction Limited,0,1,0,1,0,0,0,0,0,0,1,0,3
West Wood Club,0,0,0,0,0,0,0,0,0,2,1,0,3
Magheracloone Mushrooms Limited,2,0,0,0,0,0,0,0,0,0,1,0,3
West Pier Restaurant Limited,0,0,0,2,0,0,0,0,1,0,0,0,3
Carlow Dental Centre (CDC) Ltd.,0,0,2,0,0,0,0,0,0,1,0,0,3
COB Hotels Limited,0,0,2,0,0,0,0,0,0,1,0,0,3
Merchants Arch Restaurants Company Limited,0,0,0,0,2,0,0,0,0,1,0,0,3
Vistatec Limited,1,0,0,0,0,0,0,0,1,0,1,0,3
Technological University Dublin,0,1,0,0,0,0,0,0,0,2,0,0,3
Brookview Taverns Limited,0,0,1,0,0,0,2,0,0,0,0,0,3
Berryoak LTD,0,0,0,0,0,0,0,0,0,2,1,0,3
Aguiar Racing Ltd,0,1,0,0,0,0,1,0,0,1,0,0,3
Moriarty Investments Limited,2,0,0,0,0,0,0,0,0,0,0,1,3
Broadway Gaming Ireland Limited,0,0,0,1,0,0,1,0,0,0,1,0,3
Michael Ward Andrew Clarke,0,1,0,0,0,0,1,0,0,0,1,0,3
Britvic Ireland Limited,0,0,1,1,0,0,0,0,0,1,0,0,3
Michael White Pump and Dairy Services Limited,0,0,2,0,0,0,1,0,0,0,0,0,3
Tralee Warriors Basketball Club GLG,0,0,0,0,0,0,0,0,1,1,1,0,3
Bespoke Sauce Company Limited,0,0,0,0,0,0,2,0,0,1,0,0,3
MCF Tavern Ltd,0,3,0,0,0,0,0,0,0,0,0,0,3
McGinty Tractors Limited,0,0,0,0,0,0,0,0,0,0,0,3,3
Noel Howley Warehousing Ltd,0,0,1,0,1,1,0,0,0,0,0,0,3
UPMC Aut Even Hospital Limited,0,0,0,0,0,0,1,0,0,0,1,1,3
MOS Mechanical Limited,0,0,0,0,0,3,0,0,0,0,0,0,3
Brian Caffrey International Limited,0,0,0,0,0,0,0,0,0,3,0,0,3
Univet Ltd,0,1,0,0,1,0,0,0,1,0,0,0,3
Nigel Finn Engineering Ltd,0,0,0,0,1,0,0,0,0,2,0,0,3
Vurzol Limited,1,0,0,0,0,0,0,1,1,0,0,0,3
Charter Medical Group Limited,0,0,0,0,0,0,0,1,1,1,0,0,3
Collen Construction Ltd,0,0,0,0,0,0,0,2,1,0,0,0,3
Werlay Limited,0,1,0,0,0,0,0,0,1,1,0,0,3
Maureen Healy,0,2,1,0,0,0,0,0,0,0,0,0,3
McDonnell Bros (Agricultural Suppliers) Ltd,0,0,1,0,0,0,0,0,1,0,1,0,3
VMware International Unlimited Company,1,1,0,1,0,0,0,0,0,0,0,0,3
Ayagan IT Services Limited,0,0,0,0,0,0,0,0,0,1,0,2,3
Trane Ireland Limited,0,0,2,0,0,0,0,0,0,0,1,0,3
Colm Quinn Limited,0,0,0,0,2,1,0,0,0,0,0,0,3
XIU Lan Hotels,0,0,0,1,2,0,0,0,0,0,0,0,3
Urban Brewing Limited,1,0,0,0,1,0,0,0,0,0,1,0,3
Benqueues Limited,1,1,0,0,0,0,0,0,0,1,0,0,3
Morenane Transport Limited,0,0,1,0,0,2,0,0,0,0,0,0,3
Brothar Entertainment Limited,1,1,0,0,0,0,0,0,0,0,0,1,3
Bentley Systems International Limited,2,0,0,0,0,0,0,0,0,0,0,1,3
AI BOT LIMITED,0,0,0,0,0,0,0,0,0,1,0,2,3
Teckro Limited,1,0,0,0,0,0,0,1,0,0,1,0,3
AXA Group Services Ltd,1,1,0,0,0,0,0,0,0,0,1,0,3
Commsec Communications and Security Limited,0,0,0,0,0,0,0,1,0,2,0,0,3
Anthony Williams,0,1,1,0,0,0,0,0,0,1,0,0,3
Trane Technologies International Limited,0,0,0,0,0,0,0,0,1,1,1,0,3
Analytic Partners Ltd,0,0,1,0,0,0,0,2,0,0,0,0,3
The Curry Club Ltd.,0,0,0,0,0,0,0,1,0,1,1,0,3
Ballylinch Stud Unlimited Company,0,0,0,0,0,0,3,0,0,0,0,0,3
Victory Garden Limited,0,0,1,0,0,2,0,0,0,0,0,0,3
Clare Road Hotel Services Limited,0,0,1,0,0,0,0,1,1,0,0,0,3
Nord Anglia Education (Ireland) Limited,1,1,1,0,0,0,0,0,0,0,0,0,3
Tipberry Limited ( Mount Juliet Estate),0,0,0,0,0,0,0,0,0,1,2,0,3
Manna Drones Limited,0,0,1,0,0,0,0,1,1,0,0,0,3
Claregalway Hotel Limited,1,1,0,0,1,0,0,0,0,0,0,0,3
Cloudera International Limited,0,0,0,0,0,0,0,2,0,0,1,0,3
Viastar Unlimited Company,2,0,0,0,0,0,0,0,0,0,0,1,3
Balbriggan Cricket Club Company Limited by Guarantee,0,1,1,0,0,0,0,0,1,0,0,0,3
Cake Express Limited,1,0,0,0,1,0,0,0,0,0,0,1,3
Clarion Healthcare Limited,1,0,2,0,0,0,0,0,0,0,0,0,3
The Cheese Pantry Ltd,1,0,1,0,0,0,0,0,0,0,1,0,3
Caherduggan Farm Partnership,0,0,0,1,2,0,0,0,0,0,0,0,3
WisdomPath Limited,0,0,0,0,0,0,0,1,1,0,1,0,3
The Front Page Inn Ltd,2,0,0,0,0,0,0,0,0,0,1,0,3
Wix Online Platforms Limited,0,0,0,1,1,0,0,0,0,0,1,0,3
Aperee Living Galway Limited,0,1,1,1,0,0,0,0,0,0,0,0,3
Anvik Company Ltd,1,2,0,0,0,0,0,0,0,0,0,0,3
Wigmore IT Group Ltd,0,0,1,0,0,0,0,0,0,2,0,0,3
WiiPlan Limited,0,0,0,1,0,0,0,0,0,0,1,1,3
Anord Mardix (Ireland) Limited,0,0,0,1,0,0,0,0,0,2,0,0,3
Canto DAM Ireland Limited,0,0,0,0,1,0,0,2,0,0,0,0,3
AOC Dane Taverns Limited,0,0,0,0,0,0,0,0,1,0,2,0,3
Ballinamoney Farms Unlimited Company,1,1,0,0,1,0,0,0,0,0,0,0,3
Wicklow County Council,1,0,0,0,1,0,0,0,1,0,0,0,3
Citywest Foods Services Limited,0,0,0,0,2,0,0,0,1,0,0,0,3
Andemare Limited,0,0,0,0,1,0,0,0,2,0,0,0,3
William P Browne Limited,0,0,2,0,0,0,0,1,0,0,0,0,3
The Dental Suite Limited,0,0,2,1,0,0,0,0,0,0,0,0,3
Munster Drain and Tube Cleaning Limited,0,0,0,0,0,0,0,0,2,0,0,1,3
MGS Manufacturing Group Ltd,1,1,0,0,0,0,0,0,0,1,0,0,3
Nordson Medical Ireland,0,0,1,0,0,0,1,0,0,0,1,0,3
Aon Ireland Limited,0,0,0,0,0,0,0,0,3,0,0,0,3
Ballina Motor Factors Limited,0,0,0,0,0,0,0,0,1,0,2,0,3
Molana Limited,1,2,0,0,0,0,0,0,0,0,0,0,3
Newtown Anner Stud Farm Limited,1,0,2,0,0,0,0,0,0,0,0,0,3
Clancy Project Management Ltd,0,0,0,0,0,0,1,0,1,1,0,0,3
NordView Hospitality Limited,0,1,0,0,0,0,0,0,0,2,0,0,3
Mapaex Health and Personalcare,0,0,0,0,0,0,0,1,0,0,0,2,3
Woodfarm Fencing Supplies Ltd,0,0,2,0,0,0,0,0,0,0,0,1,3
Care at Home Services Ltd,1,1,0,0,0,0,0,0,0,1,0,0,3
The Anne Sullivan Centre Company Limited By Guarantee,0,1,0,0,0,1,0,0,0,0,1,0,3
C&K Good Food Limited,1,0,0,0,1,0,0,1,0,0,0,0,3
Clontarf Castle Limited,0,1,0,0,1,0,0,1,0,0,0,0,3
Woodfort Contracting Limited,0,0,1,0,0,1,0,0,0,0,1,0,3
Westpond Lodges Hotel Limited,0,0,0,0,1,0,0,0,1,1,0,0,3
Tifco Group Ltd,0,0,1,1,1,0,0,0,0,0,0,0,3
Tim Lyons Engineering,0,0,0,0,0,0,0,0,0,0,2,1,3
Allegis Group Limited,0,0,0,0,1,0,1,0,0,0,1,0,3
ARD Precision IRL Ltd,0,0,0,0,0,0,0,0,1,0,0,2,3
Clorox Ireland Limited,0,0,0,0,0,0,0,1,1,0,0,1,3
C S Fish Limited,0,0,0,0,0,0,0,1,2,0,0,0,3
BB Coco Limited,0,1,0,0,0,0,1,0,0,0,1,0,3
Baan Thai Cuisine Ltd,0,1,0,0,0,0,0,0,0,2,0,0,3
C  G Environmental Ltd,0,0,0,3,0,0,0,0,0,0,0,0,3
Cloudcix Limited,0,1,0,0,0,0,0,0,0,0,2,0,3
All Net Systems Limited,0,0,1,0,1,1,0,0,0,0,0,0,3
Clontarf Dental Practice Ltd,1,0,0,0,1,0,0,0,0,0,0,1,3
Metaltech Engineering Ltd,0,0,0,0,0,0,0,1,2,0,0,0,3
Manpowergroup (Ireland) Limited,0,0,1,0,0,0,0,0,0,0,2,0,3
CLG Food Limited,0,0,1,0,0,0,0,0,1,0,0,1,3
The Brabazon Trust,0,0,1,0,0,0,0,0,0,1,1,0,3
Alsaya Holdings Limited,0,0,0,1,0,0,0,0,2,0,0,0,3
The Good World Catering Culture Development Co. Limited,1,0,0,0,0,0,2,0,0,0,0,0,3
Clifton Scannell Emerson Associates,0,0,0,0,0,0,0,0,1,2,0,0,3
Barrett Mahony Consulting Engineers Limited,0,0,0,0,2,0,0,0,0,0,0,1,3
Whelan Trucking Ltd,0,0,0,0,0,0,0,0,0,3,0,0,3
WH Catering Services Limited,1,0,0,0,0,0,2,0,0,0,0,0,3
Veolia Energy Services Ireland Ltd,0,0,1,0,2,0,0,0,0,0,0,0,3
Wok Pok Limited,0,2,0,0,0,0,1,0,0,0,0,0,3
Aragon Hospitality Limited,0,1,0,0,0,0,0,0,0,1,1,0,3
Christopher Lee Engineering Ltd,0,1,0,0,0,0,0,0,0,0,2,0,3
MC Delta Limited,3,0,0,0,0,0,0,0,0,0,0,0,3
Naver Enterprises Limited,2,1,0,0,0,0,0,0,0,0,0,0,3
Aragonda Trading Ltd,0,1,0,0,0,0,0,0,1,1,0,0,3
Nostra Technologies Limited,0,0,1,0,0,0,0,1,0,1,0,0,3
Murphy Machinery (Kilkenny) Ltd,0,0,0,0,0,0,0,0,3,0,0,0,3
Mullaly Repairs Ltd,1,0,0,0,0,0,0,0,1,1,0,0,3
Arachas Corporate Brokers Ltd,0,0,0,0,0,1,0,0,0,2,0,0,3
Tall Trees (Springfield) Childcare Ltd,0,0,0,0,1,0,0,0,0,0,1,1,3
Truck Car Sales Limited,0,0,0,0,0,0,0,0,0,0,3,0,3
Cork Transfer Accommodation Limited,0,0,1,0,0,0,0,2,0,0,0,0,3
NJS Autobody Limited,0,0,0,0,0,0,0,0,0,3,0,0,3
ACCESS WORKSPACE IRELAND LTD,0,0,1,0,0,0,0,2,0,0,0,0,3
Troy’s Abattoir Ltd,0,0,0,2,0,0,0,1,0,0,0,0,3
Accident Repair Management Services Limited,1,0,0,0,0,0,0,0,0,2,0,0,3
Bohrmount Limited,0,0,0,1,0,0,0,0,0,1,0,1,3
Athlone PVC (Supplies) Company Limited,1,0,0,0,0,1,0,0,0,0,1,0,3
A. C. Manufacturing Limited,0,0,2,1,0,0,0,0,0,0,0,0,3
Cork County Council,1,0,0,0,0,0,0,0,0,2,0,0,3
Tallon Farm Ltd,0,0,2,0,0,0,0,0,0,0,1,0,3
Centric Mental Health Limited,0,0,1,0,0,1,0,0,0,0,1,0,3
Tritech Engineering Limited,1,0,0,0,0,0,1,0,1,0,0,0,3
T&C Hospitality Limited,0,0,1,0,0,0,0,0,0,0,2,0,3
Zeus Packaging Ltd,0,0,0,0,0,1,0,0,0,0,1,1,3
Mediolanum International Funds Limited,0,0,0,0,0,0,0,1,1,0,0,1,3
Castleblayney Plant Hire T/A Monaghan Hire,0,0,0,0,0,0,0,1,2,0,0,0,3
Athlone V.E. Limited t/a Vision Express,2,0,0,0,1,0,0,0,0,0,0,0,3
Auldstone Crafts Limited,0,0,0,0,0,0,0,0,0,3,0,0,3
Triplett Limited,0,1,0,1,0,0,0,0,0,1,0,0,3
Bloomfield Hotel Ltd,0,2,0,0,0,1,0,0,0,0,0,0,3
New Mandarin Castle Restaurant (Castleknock) Limited,1,0,0,2,0,0,0,0,0,0,0,0,3
Waystone Management Company (IE) Limited,0,0,0,0,0,0,0,0,0,1,0,2,3
Zhao Cai Limited,0,0,0,0,0,1,0,0,0,1,1,0,3
Think Logic Limited,0,0,1,0,0,0,0,0,0,0,2,0,3
Coras Iompair Eireann (CIE),1,0,1,0,0,0,0,0,0,1,0,0,3
Crawford Construct Consultancy Services Limited,0,0,1,1,0,1,0,0,0,0,0,0,3
Corcoran Auto Body Works Ltd,0,0,0,0,0,0,0,0,0,0,2,1,3
Udemy Ireland Limited,0,0,0,0,0,0,0,1,0,1,1,0,3
Ace Autobody Ltd,1,0,0,0,0,0,0,1,0,1,0,0,3
Core Clinic Limited,1,0,0,0,0,0,0,0,0,2,0,0,3
Ach Nursing Homes & Healthcare Limited,0,0,0,1,0,1,0,0,0,0,1,0,3
Coupa Operations Inc.,0,0,0,1,0,0,1,1,0,0,0,0,3
MD Burns & Co Ltd,0,0,1,0,2,0,0,0,0,0,0,0,3
Boliden Tara Mines,0,0,0,0,0,0,0,1,0,2,0,0,3
Moylough Concrete Products Limited,0,0,0,0,0,0,2,0,0,0,1,0,3
AstraZeneca Pharmaceuticals (Ireland) Designated Activity Company,0,0,0,0,0,0,1,0,1,0,1,0,3
Blair Environmental Services Ltd,0,0,0,0,0,0,0,0,0,3,0,0,3
Z-We-Ton (Alandale) Limited,0,0,0,0,1,0,0,0,0,1,0,1,3
New Measure Power Limited,0,2,0,0,0,0,0,0,0,1,0,0,3
Bond Freeze Limited,2,1,0,0,0,0,0,0,0,0,0,0,3
Yu He Yuan Limited,0,2,0,0,0,0,0,0,0,1,0,0,3
NVD Trading Limited,0,1,0,0,0,1,0,0,0,1,0,0,3
Tabu Tapas Limited,1,0,1,0,0,0,0,0,0,1,0,0,3
Atami Food Services Limited,1,0,1,0,0,0,0,0,0,1,0,0,3
Blenders Unlimited Company,1,2,0,0,0,0,0,0,0,0,0,0,3
Abbott Rapid Dx International Limited,1,0,0,1,0,0,0,1,0,0,0,0,3
A.C. Nielsen of Ireland Limited,0,0,0,0,0,0,1,1,0,0,0,1,3
Newcomble Ltd,0,0,0,0,0,0,0,0,0,0,2,1,3
UCC Academy Designated Activity Company,0,0,0,0,0,0,1,0,0,0,2,0,3
Cellusys Limited,0,2,0,0,0,0,0,0,0,1,0,0,3
Watchford Limited,0,0,0,0,1,0,0,0,0,0,1,1,3
Accel Lifts Limited,0,0,0,0,0,1,0,1,1,0,0,0,3
Academy Plaza Hotel Limited,0,1,2,0,0,0,0,0,0,0,0,0,3
Tynestyle Trading Limited,0,0,0,0,0,0,0,0,0,1,2,0,3
A-TechSYN Limited,0,1,0,0,0,0,0,0,0,0,0,2,3
Masala Restaurants Limited,1,0,1,0,1,0,0,0,0,0,0,0,3
Bovinity Restaurant Limited,1,0,0,0,0,0,0,0,0,0,1,1,3
"Astellas Ireland Co.,Limited",0,0,0,0,0,2,0,0,1,0,0,0,3
Boundless Payroll Ireland Limited,1,0,1,0,0,1,0,0,0,0,0,0,3
Millmount Healthcare Limited,2,0,0,0,0,0,0,0,0,0,0,1,3
Boulder Media Ltd,2,0,0,0,0,0,0,0,0,0,1,0,3
N K Communications Limtied,1,0,0,0,0,0,1,0,0,0,0,1,3
You Street Eats Limited,0,0,1,0,1,1,0,0,0,0,0,0,3
AA Ireland Limited,0,2,0,0,0,0,0,0,0,0,1,0,3
Mile Tree Farms Ltd,0,0,2,0,1,0,0,0,0,0,0,0,3
ZF Digital Solutions Ireland Limited,1,0,0,0,0,0,0,1,1,0,0,0,3
Zagros Food Company Limited,0,1,1,0,0,0,0,0,0,1,0,0,3
Meath Farm Machinery Limited,0,0,0,0,0,0,2,0,0,0,0,1,3
Atlantic Rose Fishing Co Ltd,0,0,0,0,0,0,1,0,1,1,0,0,3
Chainge Games Ireland Limited,1,1,1,0,0,0,0,0,0,0,0,0,3
YGF Malatang Limited,0,0,0,0,0,0,1,0,0,0,1,1,3
Yelsea Limited,0,0,0,0,0,0,0,0,3,0,0,0,3
Twilio Ireland Limited,0,0,0,0,0,0,0,1,1,0,1,0,3
Unio Financial Services Limited,0,1,0,0,0,0,0,0,0,1,1,0,3
BioMarin International Limited,0,0,0,1,0,0,0,0,1,1,0,0,3
Brelon Builders Limited,0,0,2,0,0,0,0,0,1,0,0,0,3
Zalando Ireland Limited,0,0,0,0,0,0,2,0,0,0,1,0,3
Taste of Joy Ltd,1,0,1,0,0,0,0,0,0,0,0,1,3
Yeeros Limited,0,0,1,0,2,0,0,0,0,0,0,0,3
Ward Waste Products Ltd,1,0,0,0,1,0,0,0,0,0,1,0,3
Jingdong Express Ireland Limited,0,0,0,0,0,0,0,0,0,1,0,2,3
Atlas TS Ireland Limited,0,1,1,0,1,0,0,0,0,0,0,0,3
Martin O'Callaghan Limited,0,0,0,0,0,0,0,2,0,1,0,0,3
The Nightingale Agency International Limited,0,0,0,0,0,0,0,0,0,3,0,0,3
Cavan Monaghan Mental Health Service,1,0,0,0,0,0,1,1,0,0,0,0,3
Meade Care Limited,0,0,0,0,1,0,0,0,0,0,1,1,3
Bluechips Limited,1,0,0,0,0,0,0,0,0,0,1,1,3
Ministry Brands Limited,0,1,0,0,0,1,0,0,0,0,1,0,3
Connemara Coast Hospitality Limited,0,0,0,0,0,0,0,0,1,1,1,0,3
Bilingual Early Learning Childcare Limited,0,0,1,0,0,0,0,0,1,0,1,0,3
Advanced Laboratory Testing Ltd.,0,0,0,0,0,0,0,0,1,2,0,0,3
Yamamori Izakaya Ltd,0,0,2,0,0,0,0,0,0,0,1,0,3
Cronin Buckley Fabrication and Construction Limited,0,0,1,0,0,0,0,0,0,0,1,1,3
Yamamori Sushi Ltd,0,2,0,1,0,0,0,0,0,0,0,0,3
United Drug (Wholesale) Limited,0,0,0,0,0,0,0,0,0,1,1,1,3
Yan & He Catering Ltd,0,0,0,0,0,0,0,0,0,1,0,2,3
4D Varghese Limited,1,0,0,1,1,0,0,0,0,0,0,0,3
Neueda Technologies FS Limited,0,0,0,0,0,0,0,1,0,2,0,0,3
Thomond Communications Ltd,0,0,0,0,0,0,0,0,1,0,1,1,3
CG Dental Limited,2,0,0,0,1,0,0,0,0,0,0,0,3
McKesson Cork Business Solutions Unlimited Company,0,0,0,0,0,0,0,0,1,0,1,1,3
Atview Enterprises Limited,0,0,3,0,0,0,0,0,0,0,0,0,3
Auxilion Ireland Limited,1,0,0,0,0,0,0,0,0,2,0,0,3
Nusolas Limited,0,0,1,0,0,0,0,2,0,0,0,0,3
Ashley Martin Ltd,0,0,0,0,0,0,0,0,2,1,0,0,3
Bishopscourt Nursing Home Ltd,0,0,0,0,0,1,1,0,0,0,1,0,3
Nitro Software EMEA Ltd,0,0,0,0,0,0,3,0,0,0,0,0,3
Caspian B.M.P. Limited,0,1,0,0,0,0,0,0,0,0,1,1,3
The Paul Hogarth Company (Ireland) Limited,1,0,1,0,0,0,1,0,0,0,0,0,3
Synergy Security Solutions Limited,0,0,2,0,1,0,0,0,0,0,0,0,3
7 Day Auto Limited,0,0,0,0,0,0,0,0,0,1,2,0,3
Marron Activ8 Energies Limited,0,3,0,0,0,0,0,0,0,0,0,0,3
Ava Dental Limited,0,1,0,0,0,0,0,0,0,0,1,1,3
Sysco Foods Ireland Unlimited Company,1,0,0,0,0,0,0,0,1,1,0,0,3
Branch Healthcare Limited,0,0,0,0,0,1,0,0,2,0,0,0,3
Tansey Transport Ltd,0,0,0,0,0,0,2,1,0,0,0,0,3
Balkania Limited,0,1,0,1,0,0,0,0,0,0,0,0,2
Badminton Union of Ireland CLG,0,1,0,0,0,1,0,0,0,0,0,0,2
Virsa Spice Limited,2,0,0,0,0,0,0,0,0,0,0,0,2
Aura Life Limited,0,0,1,0,0,0,0,1,0,0,0,0,2
Ballinalard Logistics Limited,0,1,0,0,0,0,0,0,0,0,0,1,2
Golden Harvest Dining Limited,1,0,0,0,1,0,0,0,0,0,0,0,2
H & W Plastering Limited,0,0,0,0,0,0,0,0,0,0,0,2,2
National Orthopaedic Hospital Cappagh DAC,0,0,0,0,0,0,0,1,0,0,1,0,2
Virginia Park Lodge Limited,0,0,0,0,0,0,0,2,0,0,0,0,2
Gunn Lennon Fabrications Ltd.,0,1,0,0,0,0,0,0,0,0,0,1,2
Keltec Machine Sales (Kilmallock) Ltd.,0,0,2,0,0,0,0,0,0,0,0,0,2
Rong Tai Limited,0,0,1,0,0,0,0,1,0,0,0,0,2
RFC Security Limited,0,0,0,0,1,0,0,0,0,1,0,0,2
Goldland Tech Limited,0,1,0,0,0,0,0,0,0,0,0,1,2
Reynolds Motor Engineering Ltd t/a Paul Reynolds Commercials,0,0,0,0,0,0,0,1,1,0,0,0,2
Paradise Pizza Limited,0,1,0,0,0,0,0,0,0,0,0,1,2
Roll The Vice Ltd,1,0,1,0,0,0,0,0,0,0,0,0,2
Romont Limited,1,0,0,0,0,0,0,0,0,0,0,1,2
Baker Hughes EMEA Unlimited Company,1,0,0,0,0,1,0,0,0,0,0,0,2
Mi Asian Catering Limited,0,0,0,0,0,0,0,0,0,1,1,0,2
Golden Ping Limited,0,0,1,0,0,0,1,0,0,0,0,0,2
Bailey Seafoods Limited,0,0,2,0,0,0,0,0,0,0,0,0,2
Baker Tilly Ireland LP,0,1,0,0,0,0,1,0,0,0,0,0,2
Reyna Limited,0,0,2,0,0,0,0,0,0,0,0,0,2
GW Food Services Limited,0,2,0,0,0,0,0,0,0,0,0,0,2
Mike Kelly Commercials Ltd,0,1,0,0,0,0,0,0,0,0,1,0,2
Khana Ghar Limited,0,0,1,0,0,0,0,0,0,0,1,0,2
Namo Comida Mexicana Ireland Ltd,0,0,0,0,0,0,0,0,2,0,0,0,2
Golden House DFS Ltd,2,0,0,0,0,0,0,0,0,0,0,0,2
Golden Plates Worldwide,1,0,0,0,0,0,0,0,0,0,0,1,2
Avanade Ireland Limited,1,1,0,0,0,0,0,0,0,0,0,0,2
Mid Cork Electrical Limited,0,0,0,0,0,0,0,1,0,1,0,0,2
Wade McPhilemy Teoranta,0,1,0,0,0,0,0,0,1,0,0,0,2
Michael O’Callaghan Racing Ltd,0,0,2,0,0,0,0,0,0,0,0,0,2
Rizpoint Limited,0,0,1,0,0,0,0,0,1,0,0,0,2
RLHSL Limited,0,0,2,0,0,0,0,0,0,0,0,0,2
RMG PIGS,0,0,1,0,0,0,0,0,1,0,0,0,2
Granmont Limited,0,1,0,0,0,0,0,0,0,1,0,0,2
Rock Hill Restaurants Limited,0,0,0,0,2,0,0,0,0,0,0,0,2
Mid West Lime Limited,0,0,1,0,0,0,0,0,0,0,1,0,2
VJ Foods Limited,0,0,1,0,0,0,0,0,0,0,1,0,2
Kenneth Boohan Agri Sales Limited,1,0,0,0,0,0,0,0,0,1,0,0,2
Kennedy's Food Store Limited,0,0,0,1,0,0,0,0,1,0,0,0,2
Griffin Group Hotels Limited,0,0,1,0,0,0,0,0,0,1,0,0,2
Automation Design & Installation (Ireland) Ltd,0,0,1,1,0,0,0,0,0,0,0,0,2
Viveganandha Krishnan,1,0,0,0,0,1,0,0,0,0,0,0,2
Granby Medical Ltd,0,0,0,1,0,1,0,0,0,0,0,0,2
VJB Bulk Haulage Limited,0,0,0,0,0,0,1,1,0,0,0,0,2
Avolon Aerospace Leasing Limited,1,0,0,0,0,0,0,0,0,1,0,0,2
Avista CLG,0,0,0,0,0,0,0,0,2,0,0,0,2
Aveo Foods Limited,0,0,0,0,0,1,0,0,0,1,0,0,2
Kernel Construction Limited,0,0,0,0,0,0,1,0,1,0,0,0,2
Kepak Clonee Unlimited Company,0,0,1,0,0,0,0,0,0,0,0,1,2
Greenbistro limited,0,0,1,0,0,0,0,1,0,0,0,0,2
Avonmore Electrical Co. Ltd.,0,0,0,0,0,0,0,0,1,0,1,0,2
Kepak Athleague Unlimited Company,1,0,1,0,0,0,0,0,0,0,0,0,2
Pasta Bella Limited,0,0,1,0,0,0,0,0,1,0,0,0,2
Riverside Care Centre Ltd,0,0,1,0,0,0,0,0,0,1,0,0,2
Avcom Audio Visual Communications Ltd,1,0,0,0,1,0,0,0,0,0,0,0,2
Greco Construction Limited,0,0,0,0,0,0,1,0,0,0,0,1,2
Michael Walsh Transport Limited,0,0,0,0,1,0,0,1,0,0,0,0,2
Michael Walsh Autos Ltd,0,0,0,0,1,1,0,0,0,0,0,0,2
Natare Limited,0,0,0,0,0,0,1,1,0,0,0,0,2
Microstrain Limited,0,0,1,0,0,0,0,0,0,0,1,0,2
Avansa IT Solutions Limited,0,0,0,0,0,0,0,0,0,0,2,0,2
Partsol Global Limited,0,0,0,2,0,0,0,0,0,0,0,0,2
Avec Logistics (Ireland) Limited,1,0,0,0,0,0,0,1,0,0,0,0,2
GSM Arena Limited,0,1,0,0,1,0,0,0,0,0,0,0,2
Richard Nolan Civil Engineering,0,0,0,0,0,0,0,0,0,1,1,0,2
Parbo Limited,2,0,0,0,0,0,0,0,0,0,0,0,2
Ken Summerinn Limited,0,0,0,0,0,0,0,0,0,0,0,2,2
Rich Milk Ltd,1,1,0,0,0,0,0,0,0,0,0,0,2
Aut O'Mattic A8C Ireland Limited,0,0,0,0,0,0,1,0,0,1,0,0,2
Gortroe Nursing Home Ltd,0,0,0,0,0,0,1,1,0,0,0,0,2
Vision Built Manufacturing Limited,0,0,0,0,0,0,0,0,0,2,0,0,2
Automatic Sprinkler Company Ireland Ltd,0,1,1,0,0,0,0,0,0,0,0,0,2
Visio Advisory Limited,0,1,0,0,0,0,0,0,0,0,1,0,2
Back to Black Limited,0,0,0,1,1,0,0,0,0,0,0,0,2
Pat McGowan Transport Limited,1,0,0,0,1,0,0,0,0,0,0,0,2
Guardwell Lock and Safe Company Limited,0,1,0,0,0,0,1,0,0,0,0,0,2
Pat O'Leary Sales Ltd.,0,0,0,0,0,0,0,0,0,0,1,1,2
Back to Front Hospitality LTD,0,0,0,0,0,0,1,0,0,0,0,1,2
Aurivo Dairy Ingredients Ltd,0,1,1,0,0,0,0,0,0,0,0,0,2
Michael & Nuala Cormican,1,0,0,0,0,0,0,0,0,1,0,0,2
Rockbrook Engineering Limited,2,0,0,0,0,0,0,0,0,0,0,0,2
Grill and Thrill Restaurant Limited,1,0,0,0,0,0,0,0,0,1,0,0,2
Grillin & Chillin Limited,0,1,0,0,0,0,0,0,0,0,0,1,2
Michael Kennedy,0,0,0,0,0,0,0,1,1,0,0,0,2
Midland Engineering Profiles Ltd,0,1,1,0,0,0,0,0,0,0,0,0,2
Michael Harrington Plant Hire (Beara) Limited,0,0,0,0,0,0,0,0,1,0,0,1,2
Pat Hickey Wall & Floor Specialist Ltd,0,0,0,0,0,0,0,2,0,0,0,0,2
Walkers Corporate Services (Ireland) Ltd.,0,0,0,0,0,0,0,0,0,2,0,0,2
Graden Hospitality Ltd,0,1,0,0,0,0,0,0,0,0,1,0,2
National Food Imports Limited,0,0,0,1,0,0,0,0,0,1,0,0,2
GRR Technical Services Limited,0,0,0,0,0,1,0,0,0,1,0,0,2
Kenal Restaurants Ltd,0,0,0,0,0,1,0,0,1,0,0,0,2
Vita Actives Limited,0,0,1,0,0,0,0,0,0,0,0,1,2
National Employee Development Training Centre Limited,0,0,1,0,0,0,0,0,0,0,0,1,2
National Flight Centre Limited,0,2,0,0,0,0,0,0,0,0,0,0,2
GP Retailing Drum Limited,1,0,0,0,1,0,0,0,0,0,0,0,2
Wallace Calcio Limited,0,0,1,1,0,0,0,0,0,0,0,0,2
B. Braun Wellstone Limited,0,0,0,0,0,0,0,1,0,0,1,0,2
Michael Farrelly,0,0,1,0,0,0,0,0,0,0,0,1,2
Robinson Distribution Ltd,0,0,1,0,0,0,0,1,0,0,0,0,2
Uniphar Durbin Ireland Limited,0,0,0,0,0,0,0,1,0,0,1,0,2
Biosensia Limited,0,0,0,0,0,1,0,0,0,1,0,0,2
Meegan Imports and Exports Limited,0,1,0,0,0,0,0,0,0,1,0,0,2
Saint-Gobain Life Sciences Ireland Ltd,0,1,0,0,0,0,0,0,0,0,1,0,2
Biotector Analytical Systems Ltd,1,1,0,0,0,0,0,0,0,0,0,0,2
P. J. Hegarty & Sons Unlimited Company,0,0,0,0,0,0,0,2,0,0,0,0,2
Unicorn Pub & Restaurant,0,0,0,0,0,0,0,1,0,1,0,0,2
Sal’s Takeaway Limited,0,2,0,0,0,0,0,0,0,0,0,0,2
Sales Armour Limited,0,0,0,0,0,0,1,0,1,0,0,0,2
Medmark Ltd,0,0,0,0,1,0,0,0,0,0,0,1,2
Nethercross Ltd.,0,0,2,0,0,0,0,0,0,0,0,0,2
Wanlong Limited,0,1,1,0,0,0,0,0,0,0,0,0,2
Salsa - Authentic Mexican Food and Bar Limited,0,1,0,0,0,0,0,1,0,0,0,0,2
Kilrush District Hospital CLG,0,0,0,0,0,0,0,1,1,0,0,0,2
FW POLIDORO CONSTRUCTION SERVICES LIMITED,0,0,0,0,0,0,0,0,0,1,1,0,2
UMAR SETHI,0,0,0,0,1,0,0,1,0,0,0,0,2
Biueco Management Limited,0,0,0,0,0,0,1,0,0,1,0,0,2
Future Learning Language School,0,1,0,0,0,0,0,0,0,1,0,0,2
Future Direct Professional Services Limited,0,0,0,0,0,0,0,0,0,0,0,2,2
P&D Kelly Company Limited,0,0,0,0,0,0,0,0,0,2,0,0,2
BJD Tyre Centre Limited,0,0,0,0,2,0,0,0,0,0,0,0,2
Ultan Technologies Limited,1,0,0,0,0,0,0,0,1,0,0,0,2
San Stores Limited,1,0,0,0,0,0,0,0,0,0,0,1,2
Ulick Burke and Associates Ltd,1,0,0,0,0,0,0,0,0,0,1,0,2
Bishopscourt Residential Care Ltd.,0,0,0,2,0,0,0,0,0,0,0,0,2
Benner's Garage Limited,0,0,0,0,2,0,0,0,0,0,0,0,2
Urban Health Limited,0,0,0,0,0,0,0,1,1,0,0,0,2
Gary Keville Traffic Management Ltd,1,0,0,0,0,0,0,0,0,0,0,1,2
Uppro SCM Ireland Limited,0,2,0,0,0,0,0,0,0,0,0,0,2
Bere Island Boatyard Ltd,0,0,0,0,2,0,0,0,0,0,0,0,2
Beresford Personnel Ltd,0,1,0,0,0,0,0,0,0,0,1,0,2
Berona Limited,0,0,0,0,2,0,0,0,0,0,0,0,2
Mel Building Services Limited,0,1,1,0,0,0,0,0,0,0,0,0,2
Nellys Private Homecare Services Limited,0,0,0,0,0,0,0,0,0,2,0,0,2
Beshoffs the Market Limited,0,1,0,1,0,0,0,0,0,0,0,0,2
Gannon Eco Limited,2,0,0,0,0,0,0,0,0,0,0,0,2
S&W Soul Bakery Company Limited,0,0,2,0,0,0,0,0,0,0,0,0,2
Kilminchy Inns Limited,0,0,1,0,0,0,1,0,0,0,0,0,2
Update Technology Limited,0,1,0,0,0,0,0,0,0,0,0,1,2
Paciv Europe Ltd,0,0,1,1,0,0,0,0,0,0,0,0,2
Bewley's Cafe Grafton Street Limited,0,0,0,0,1,0,0,0,0,0,1,0,2
University of Notre Dame du Lac,0,0,0,0,0,0,0,1,0,0,1,0,2
"P.S.K. Tech America, Inc.",0,0,0,0,1,0,1,0,0,0,0,0,2
Bfluid Limited,0,1,0,0,1,0,0,0,0,0,0,0,2
University College Dublin Foundation CLG,0,0,0,0,0,0,1,1,0,0,0,0,2
MeiraGTx Ireland DAC,0,0,0,0,2,0,0,0,0,0,0,0,2
Galway Bay Golf & Country Club Limited,0,0,0,0,0,0,0,0,0,0,2,0,2
Bidvest Noonan (ROI) Ltd,2,0,0,0,0,0,0,0,0,0,0,0,2
Megs Fabrication Ltd,0,2,0,0,0,0,0,0,0,0,0,0,2
Kilmacud In Car Services Ltd,0,1,0,0,1,0,0,0,0,0,0,0,2
SAAB Innovations Ltd,0,0,0,1,0,1,0,0,0,0,0,0,2
BLG Asset Review and Control Limited,0,1,0,0,0,0,0,0,1,0,0,0,2
Savills Commercial (Ireland) Limited,0,1,0,0,0,0,0,1,0,0,0,0,2
Tyco Ireland Limited,0,0,0,0,0,0,1,0,0,0,1,0,2
Bliss Cuisine Limited,2,0,0,0,0,0,0,0,0,0,0,0,2
Kingsmeade Bar Restaurant Ltd,0,0,1,0,0,0,0,0,0,0,0,1,2
Kingspan Tate Ltd,0,0,0,0,0,0,0,0,1,1,0,0,2
SB Castle Modular Limited,2,0,0,0,0,0,0,0,0,0,0,0,2
Fortfield Dairies Ltd,0,1,0,1,0,0,0,0,0,0,0,0,2
SBK HSTR Coffee Limited,0,0,1,0,0,0,0,0,0,0,1,0,2
Sbk Ncr Coffee Ltd,0,0,0,1,0,1,0,0,0,0,0,0,2
New Age Foods Limited,1,0,1,0,0,0,0,0,0,0,0,0,2
Fuel Cafe and Restaurant Limited,2,0,0,0,0,0,0,0,0,0,0,0,2
P  D Hyland Farms Limited,1,0,0,1,0,0,0,0,0,0,0,0,2
Forja Works Limited,1,0,0,0,0,0,1,0,0,0,0,0,2
Forever Lucky Food Court Limited,0,0,1,0,0,0,0,0,1,0,0,0,2
Forest Dairy Farm Ltd,0,0,0,0,1,0,0,0,0,0,1,0,2
Scardone Trading Limited,0,0,1,0,0,1,0,0,0,0,0,0,2
Mechanical & Compactor Services Limited,0,0,0,0,0,0,0,1,0,1,0,0,2
Bluebeam Limited,0,0,0,0,1,0,0,0,0,0,0,1,2
Owenna Transport Limited,0,0,0,0,0,0,1,1,0,0,0,0,2
Scott Tallon Walker Limited,0,0,0,0,0,0,1,0,1,0,0,0,2
Bluestone Personnel Limited,0,0,0,0,0,0,0,0,2,0,0,0,2
"FM Auditors, Tax & Business Advisors Limited",1,0,0,0,0,0,0,1,0,0,0,0,2
Screen Market Research Company Limited,0,0,0,1,0,0,0,1,0,0,0,0,2
Forno500 Woodfire Limited,1,0,0,0,0,0,0,0,0,0,0,1,2
UHY Farrelly Dawe White Limited,0,1,0,1,0,0,0,0,0,0,0,0,2
FTI Finance Ltd,1,0,0,0,0,0,0,1,0,0,0,0,2
Sandcreek Limited,0,0,0,1,0,0,1,0,0,0,0,0,2
Sandman Hotel Group (Ireland) Limited,0,0,0,1,0,0,0,0,0,0,0,1,2
"Front Line, The International Foundation for the Protection of Human Rights Defenders",0,1,1,0,0,0,0,0,0,0,0,0,2
Sandvik Mining & Construction Logistics Ltd,0,0,0,0,0,0,0,0,2,0,0,0,2
UCD Marian Basketball,0,0,0,0,0,0,0,0,0,0,1,1,2
Blackpitts Hospitality Ltd,0,2,0,0,0,0,0,0,0,0,0,0,2
Freshii Ltd,1,0,0,0,0,0,0,0,0,0,1,0,2
Sanorgan Limited,1,0,0,0,0,0,0,0,1,0,0,0,2
Blackrock Cottage Development Ltd,0,0,1,0,0,0,0,0,1,0,0,0,2
Santrini Construction Ltd,0,0,0,0,0,0,1,0,0,0,0,1,2
Foxit Software Technology Holdings Limited,0,0,0,0,0,0,0,0,1,0,0,1,2
Free Now Ireland Limited,0,0,1,0,0,0,0,0,0,1,0,0,2
Blackwater Mechanical & Fabrication Services Limited,0,0,0,0,0,0,0,0,2,0,0,0,2
Saol Assurance Designated Activity Company,0,0,1,0,0,0,0,0,0,0,1,0,2
Frank J Bourke Ltd,2,0,0,0,0,0,0,0,0,0,0,0,2
Frank Hogan Ltd,0,0,0,0,0,0,1,0,0,1,0,0,2
U Value Installation Ltd,2,0,0,0,0,0,0,0,0,0,0,0,2
Kingdom Crash Repairs Ltd,0,1,0,0,1,0,0,0,0,0,0,0,2
Mediahuis Ireland Ltd,0,0,1,0,0,0,0,0,0,1,0,0,2
Blarney Castle Hotel Limited,0,0,0,0,0,0,0,1,0,0,1,0,2
Kingdom Investments Limited T/A Heights Hotel Killarney,0,0,0,0,0,0,0,0,0,1,1,0,2
Nevins Newfield Inn Ltd,0,0,0,0,0,0,0,0,0,0,0,2,2
Tyretech & Associates Sales & Services Limited,1,0,0,0,0,0,0,0,1,0,0,0,2
Medicall Ambulance Limited,0,0,0,0,1,0,0,1,0,0,0,0,2
Bandon Co-Operative Agricultural and Dairy Society Limited,2,0,0,0,0,0,0,0,0,0,0,0,2
Glenbrier Limited,0,0,1,0,0,0,0,0,0,0,1,0,2
Glenbower Stables,0,0,0,0,0,0,0,0,0,2,0,0,2
Barclays Bank Ireland PLC,0,0,0,0,0,0,0,0,1,1,0,0,2
Barelle Limited,0,0,0,0,0,1,0,0,1,0,0,0,2
Glenanne Trust Corporation CLG,0,0,0,0,0,0,0,1,0,0,1,0,2
Vermilion Indian Cuisine Limited,2,0,0,0,0,0,0,0,0,0,0,0,2
GLEN MILLS TRANSPORT CO. LTD,0,0,0,0,0,0,0,0,0,2,0,0,2
Barmat Limited,1,0,0,0,0,0,1,0,0,0,0,0,2
Panasonic Avionics Corporation,0,0,0,1,1,0,0,0,0,0,0,0,2
Gleeson Bros Ltd,0,1,0,1,0,0,0,0,0,0,0,0,2
Melchior Bloodstock Limited,0,0,1,0,0,1,0,0,0,0,0,0,2
Verizon Connect Development Limited,2,0,0,0,0,0,0,0,0,0,0,0,2
Barringtons MRI Limited,1,0,0,1,0,0,0,0,0,0,0,0,2
Verisure Ireland DAC,1,0,0,0,0,0,0,0,0,1,0,0,2
Glanbia Management Services Limited,1,0,0,0,0,0,0,0,0,1,0,0,2
Ventilux Limited,0,0,0,0,0,0,0,2,0,0,0,0,2
GK Whitehall Limited,1,0,0,0,1,0,0,0,0,0,0,0,2
Royal Garden Chinese Cuisine Limited,0,0,0,0,0,0,0,0,1,1,0,0,2
Royal Indian Cuisine Limited,0,0,0,0,0,0,0,0,0,2,0,0,2
BASF Ireland Designated Activity Company,0,0,0,0,0,0,0,1,1,0,0,0,2
Vello Holdings Ltd.,0,0,0,0,2,0,0,0,0,0,0,0,2
Merrion Row Restaurants limited,0,0,0,0,0,0,0,1,0,0,1,0,2
Palladio Ireland Packaging Solutions Limited,0,0,0,0,0,0,0,0,0,2,0,0,2
Rotana Falafel Limited,0,0,0,0,0,0,0,0,0,1,0,1,2
Ballinderry Nursing Home Limited,1,0,0,1,0,0,0,0,0,0,0,0,2
Ballingarry Pig Farm Limited,0,0,0,0,1,1,0,0,0,0,0,0,2
Roscommon China Palace Limited,0,1,0,1,0,0,0,0,0,0,0,0,2
Vincent Byrne The T Shirt Company Limited,0,0,0,0,0,0,0,0,0,0,2,0,2
Ballinlough Refrigeration Ltd,0,0,1,0,0,0,0,0,0,0,0,1,2
Panda Inn Ltd,1,0,0,0,0,0,0,1,0,0,0,0,2
Rose of Sharon Fishing Co Ltd,0,0,0,0,0,0,0,1,0,1,0,0,2
Ballinvinny Dairy Farm Ltd,0,0,0,0,0,0,1,0,1,0,0,0,2
ROSEMARY BISTRO CAFE LTD,1,0,0,0,0,0,0,0,0,1,0,0,2
Villa Marie Nursing Home Ltd,1,0,1,0,0,0,0,0,0,0,0,0,2
Ballybricken Farm Limited,0,0,0,0,0,0,0,0,0,1,1,0,2
Ballyeightera Farm Limited,0,0,0,1,0,0,0,0,1,0,0,0,2
Banbury Cross Limited,1,0,0,0,0,0,0,1,0,0,0,0,2
MG Lifecare Limited,0,0,1,0,0,0,0,0,0,0,1,0,2
Ballyglass Farm Limited,0,0,2,0,0,0,0,0,0,0,0,0,2
National Sprinkler Company Limited,0,0,0,0,0,1,0,0,0,0,0,1,2
MG Bar & Restaurant Limited,0,0,2,0,0,0,0,0,0,0,0,0,2
Ballymakeigh Farm Ltd,2,0,0,0,0,0,0,0,0,0,0,0,2
Victoria Towers Hotel Limited,0,0,1,0,1,0,0,0,0,0,0,0,2
Glenn Anthony Restaurants Limited,2,0,0,0,0,0,0,0,0,0,0,0,2
Glenn Anthony Ltd,1,0,1,0,0,0,0,0,0,0,0,0,2
MF Engineering and Designs Limited,0,1,1,0,0,0,0,0,0,0,0,0,2
Via Mercanti Ltd,1,1,0,0,0,0,0,0,0,0,0,0,2
Banach Technology Limited,1,0,0,0,0,0,0,0,0,0,0,1,2
Glenilen Farm Limited,0,1,0,0,0,0,0,0,1,0,0,0,2
Viecura Medical Ltd,0,0,0,0,0,0,0,1,1,0,0,0,2
Russcon Electrical Limited,0,1,0,0,0,1,0,0,0,0,0,0,2
Merck Millipore Limited,0,0,0,0,0,0,0,0,2,0,0,0,2
Beara Iron Works Ltd,0,2,0,0,0,0,0,0,0,0,0,0,2
NCBI Services,0,0,0,0,0,0,0,2,0,0,0,0,2
Valentia Community Health & Welfare Association CLG,0,0,1,0,0,0,0,1,0,0,0,0,2
Kilgobbin Castle Holdings Ltd,2,0,0,0,0,0,0,0,0,0,0,0,2
Ryan and Whelan Consultancy Services Limited,0,2,0,0,0,0,0,0,0,0,0,0,2
General Electric Global Services GMBH,1,0,0,0,0,0,0,0,0,1,0,0,2
Beechbloom Farm Limited,0,1,1,0,0,0,0,0,0,0,0,0,2
Gemfu Limited,0,0,0,0,0,0,0,0,0,2,0,0,2
Beechfield Care Group Limited,1,0,0,0,0,1,0,0,0,0,0,0,2
MEP Engineering Services Ltd.,0,1,0,0,0,0,0,0,0,0,1,0,2
Battan Takeaway Limited,0,0,0,0,0,2,0,0,0,0,0,0,2
Beechwood Childcare,0,0,0,0,1,0,1,0,0,0,0,0,2
Memo Catering Limited,0,0,0,2,0,0,0,0,0,0,0,0,2
Bell Pepper Ireland Limited,0,0,0,0,0,0,0,0,0,0,0,2,2
Bellerophon Limited,1,0,0,0,1,0,0,0,0,0,0,0,2
Nelipak Healthcare Packaging Ireland Limited,1,0,1,0,0,0,0,0,0,0,0,0,2
Bello Dental Limited,1,0,0,0,0,0,1,0,0,0,0,0,2
Bellview Clinic Partnership,0,0,0,0,0,1,0,0,0,0,1,0,2
Gayur Food Limited,0,0,1,0,0,0,0,0,0,0,1,0,2
Belvedere Leisure Company Limited,0,0,0,0,0,0,0,1,1,0,0,0,2
Benetel Limited,0,0,0,0,0,1,1,0,0,0,0,0,2
Gather & Gather Ireland Limited,0,0,0,0,0,0,0,1,1,0,0,0,2
Padraig Cawley Commercials Ltd.,0,0,0,0,0,1,0,0,0,0,0,1,2
Rycran Investments Limited,0,0,0,0,0,0,0,0,0,2,0,0,2
Royal Star,0,1,1,0,0,0,0,0,0,0,0,0,2
Gilead Sciences Ireland UC,0,0,0,0,0,0,0,0,0,0,1,1,2
Giggles Childcare Services Limited,1,0,0,0,0,0,0,0,0,1,0,0,2
Royal Star King Ltd,0,1,0,0,0,0,0,1,0,0,0,0,2
Vautour Ltd,0,0,1,0,0,0,0,0,0,0,0,1,2
Royal Victoria Eye & Ear Hospital,1,0,0,0,0,1,0,0,0,0,0,0,2
Palate Journeys Limited,0,0,0,0,0,0,0,0,0,1,1,0,2
Baycal Limited,0,0,0,0,0,0,1,0,1,0,0,0,2
BBIF Limited,1,0,1,0,0,0,0,0,0,0,0,0,2
Gerry Molloy Bakery Limited,0,0,0,0,0,0,0,0,0,1,0,1,2
RS Dentistry Limited,0,1,0,0,0,0,0,0,0,0,0,1,2
RT COMMERCIAL PAINTERS LTD.,0,0,0,0,0,0,0,2,0,0,0,0,2
Value Foods Ltd,0,0,1,0,1,0,0,0,0,0,0,0,2
Ruben Pigs Limited,0,1,0,0,0,0,0,0,0,0,0,1,2
Gerard Coughlan Haulage Ltd,0,1,0,0,0,1,0,0,0,0,0,0,2
Kilduff Care Co. Ltd,0,0,0,0,0,0,0,0,0,0,0,2,2
Running Gear Limited,0,0,0,0,0,0,0,0,0,0,1,1,2
Runways Information Services Limited,0,0,0,0,0,0,0,1,0,1,0,0,2
BCCM Construction Ltd,0,0,0,0,0,0,0,1,1,0,0,0,2
George Savage Transport Limited,0,0,0,0,0,0,0,0,0,0,1,1,2
Rush Cricket Club,0,0,2,0,0,0,0,0,0,0,0,0,2
BDB Nails and Beauty Ltd,0,0,0,0,0,0,1,0,0,1,0,0,2
Vanderbilt International (IRL) Limited,0,0,1,0,0,0,0,0,0,1,0,0,2
Gentian Health Limited,0,0,0,0,0,1,1,0,0,0,0,0,2
Mercury Rising Limited,0,0,1,0,0,0,0,1,0,0,0,0,2
Kildare Hotel Opportunities Limited,0,0,1,0,1,0,0,0,0,0,0,0,2
Procter & Gamble Ireland,0,0,0,0,0,0,0,0,1,1,0,0,2
Agup Restaurants Limited,1,0,0,0,0,1,0,0,0,0,0,0,2
Intel Research and Development Limited,0,0,0,0,2,0,0,0,0,0,0,0,2
AH hospitality Limited,0,1,0,0,0,0,0,1,0,0,0,0,2
Integrated Control Solutions,0,0,0,1,0,0,0,0,0,0,1,0,2
Integral Ad Science Ireland Limited,1,0,0,0,0,0,1,0,0,0,0,0,2
Morevalley Farms Limited,0,1,0,0,0,0,0,0,0,1,0,0,2
Instructional Design services Limited,0,0,1,0,0,0,0,0,1,0,0,0,2
Professional Granite Consulting Ltd,2,0,0,0,0,0,0,0,0,0,0,0,2
Inspection Services (Ireland) Limited,0,0,0,0,0,0,0,0,0,1,1,0,2
Profound Consulting Limited,0,0,0,1,0,0,0,0,1,0,0,0,2
Aidan M & A Limited,0,0,0,0,0,0,0,2,0,0,0,0,2
Flynn Management Contractors Limited,0,0,0,0,1,0,0,0,0,0,0,1,2
Innocare Limited,0,2,0,0,0,0,0,0,0,0,0,0,2
Prometric Ireland Limited,0,1,0,0,0,1,0,0,0,0,0,0,2
Innealtoireacht Ui Loinsigh Teoranta,0,0,0,0,2,0,0,0,0,0,0,0,2
Peter and Antoinette Kavanagh,0,0,1,0,0,0,0,0,0,0,1,0,2
Aidan Strain Electrical Engineering Ireland Ltd,0,0,0,0,0,0,0,0,0,0,0,2,2
MTS Ltd.,0,1,0,0,0,0,0,0,0,1,0,0,2
Proper Order Coffee Co. Limited,0,1,0,0,1,0,0,0,0,0,0,0,2
Airconmech Limited,1,0,0,0,0,0,0,0,0,0,1,0,2
INIT Innovations in Transportation Limited,0,1,0,0,0,0,0,0,0,0,1,0,2
Mucai Yu,0,0,0,1,0,0,0,1,0,0,0,0,2
Airside Pizza Limited,1,0,1,0,0,0,0,0,0,0,0,0,2
Airtec Compressors Ltd,0,2,0,0,0,0,0,0,0,0,0,0,2
Peter Corrigan Consulting Engineers Limited,0,1,0,0,0,0,0,1,0,0,0,0,2
Irish Dairy Services (Portlaoise) Ltd.,1,1,0,0,0,0,0,0,0,0,0,0,2
Adrian Murray,0,0,1,0,0,0,0,1,0,0,0,0,2
Irish Cancer Society,0,0,0,1,0,0,0,1,0,0,0,0,2
Irish Blood Transfusion Service,0,0,1,0,0,0,0,0,0,1,0,0,2
Yahoo International Limited,0,0,0,0,0,0,0,0,0,0,2,0,2
Peterson Family Office Limited,0,0,0,1,0,0,0,1,0,0,0,0,2
Mossies Peak Limited,0,0,1,0,1,0,0,0,0,0,0,0,2
John Nallen,1,1,0,0,0,0,0,0,0,0,0,0,2
IQ EQ Fund Management (Ireland) Limited,1,0,0,0,1,0,0,0,0,0,0,0,2
Priority Construction Limited,0,0,1,0,0,0,1,0,0,0,0,0,2
John O' Sullivan,0,0,0,2,0,0,0,0,0,0,0,0,2
Moscato Limited,2,0,0,0,0,0,0,0,0,0,0,0,2
Agenbite Limited,1,0,0,0,0,0,0,0,1,0,0,0,2
Xyber House of Phones Limited,1,1,0,0,0,0,0,0,0,0,0,0,2
InvoiceFair Ltd,0,2,0,0,0,0,0,0,0,0,0,0,2
AF Construction Limited,0,1,0,0,0,1,0,0,0,0,0,0,2
Mortons of Galway,1,0,0,0,0,0,0,0,1,0,0,0,2
Inua Kilkenny General Partner Limited,0,0,1,0,0,0,1,0,0,0,0,0,2
Xtremepush Limited,0,0,0,0,1,0,0,1,0,0,0,0,2
AFRY Ireland Ltd,1,1,0,0,0,0,0,0,0,0,0,0,2
Privtech Solutions Limited,0,1,0,0,0,0,0,0,0,0,1,0,2
After Dinner Mint Limited,0,0,0,1,0,1,0,0,0,0,0,0,2
XpertDPO Limited,0,0,2,0,0,0,0,0,0,0,0,0,2
John Patrick Ryan,0,1,0,0,0,0,0,1,0,0,0,0,2
Xocean Limited,0,0,0,0,0,0,0,0,0,0,0,2,2
ProCloud Horizon Limited,0,0,0,0,0,0,0,1,0,1,0,0,2
Pristine Security Services IRL Limited,0,0,1,0,0,1,0,0,0,0,0,0,2
Inchydoney Island Lodge Spa Limited,0,0,0,0,1,1,0,0,0,0,0,0,2
Alen Kitchen Limited,0,0,0,0,0,0,0,1,0,0,1,0,2
Inchicore Community Creche & Afterschool,0,0,0,0,0,0,0,0,1,0,0,1,2
"Pure Irish Ice Limited,",0,0,0,0,0,0,0,0,2,0,0,0,2
Imperial Taste Limited,0,0,1,0,0,1,0,0,0,0,0,0,2
Montespan Limited,0,0,0,0,0,1,0,0,0,0,0,1,2
Impact Engineering Limited,1,0,0,0,0,0,0,0,1,0,0,0,2
Perrigo Pharma International D.A.C.,0,0,0,0,0,0,1,0,0,0,0,1,2
ALI & MANOJ VENTURES LIMITED,0,0,0,0,0,0,0,0,2,0,0,0,2
IMK Property Investment Limited,0,0,0,0,0,0,0,0,1,0,0,1,2
Pygmalion Public House Limited,0,0,0,0,0,0,0,0,0,1,1,0,2
Periti Digital Limited,1,0,0,0,0,0,0,0,0,1,0,0,2
Xia Chen,0,1,1,0,0,0,0,0,0,0,0,0,2
Mull Enterprises Limited,1,0,0,0,1,0,0,0,0,0,0,0,2
Jones Lang Lasalle Services Limited,0,0,1,0,0,0,1,0,0,0,0,0,2
Iggy Madden Transport Limited,0,0,0,0,0,0,0,0,2,0,0,0,2
Qis & Co Limited,0,0,0,0,0,0,0,0,0,0,0,2,2
IDS Irish Door Systems Ltd,0,0,0,0,0,0,0,2,0,0,0,0,2
IDG Communications Limited,0,0,0,0,0,0,0,1,0,1,0,0,2
Woodmire Construction Ltd,2,0,0,0,0,0,0,0,0,0,0,0,2
Montenotte Hotel Ltd.,0,1,0,0,0,0,1,0,0,0,0,0,2
Quacknwok Ltd,0,0,0,0,2,0,0,0,0,0,0,0,2
All Plast Engineering Ltd,0,0,0,0,0,0,0,0,0,1,0,1,2
Qualcom Systems Limited,0,0,0,0,0,0,0,0,0,1,1,0,2
Qualitas Electronics,1,0,1,0,0,0,0,0,0,0,0,0,2
Jonathan Sweeney Racing Limited,0,0,2,0,0,0,0,0,0,0,0,0,2
MUFG Alternative Fund Services (Ireland) Limited,0,0,0,1,1,0,0,0,0,0,0,0,2
Pro-Riso Dental Clinic Limited,0,1,0,0,0,0,0,1,0,0,0,0,2
AISMS TELECOM LIMITED,0,0,0,0,0,0,1,0,0,1,0,0,2
AJA Propoerties Limited,0,0,0,0,0,0,1,0,1,0,0,0,2
Information Security Assurance Services Limited,0,0,0,0,0,0,0,0,0,2,0,0,2
"Infinity Restaurant Ltd.,",0,0,0,1,0,0,1,0,0,0,0,0,2
Wrxflo Limited,0,0,0,0,0,0,0,0,0,0,1,1,2
Provence Food Co. Ltd,0,1,0,0,1,0,0,0,0,0,0,0,2
"Infinite Remit Services Co., Ltd",0,0,0,0,0,0,1,0,0,0,0,1,2
Writech Industrial Services Limited,0,0,0,0,0,0,0,1,0,0,1,0,2
AL Khair Restaurant Limited,1,0,0,0,0,0,0,0,1,0,0,0,2
Wrights Of Howth Seafood Bars Limited,0,0,1,1,0,0,0,0,0,0,0,0,2
Johnston International Transport and Logistics Limited,1,0,0,0,0,0,0,0,0,1,0,0,2
PTC (SSI) Unlimited Company,0,0,0,0,0,0,0,0,1,1,0,0,2
Indopak Auto Sales Limited,0,0,0,0,1,0,0,0,0,0,1,0,2
Pu Yuan Group Limited,0,0,0,0,1,0,0,0,0,0,0,1,2
Puck Foods Limited,0,0,1,0,1,0,0,0,0,0,0,0,2
Indian Ocean Restaurant Limited,0,0,0,0,0,0,0,1,0,0,0,1,2
Indian Market Limited,1,0,0,0,0,0,0,0,0,1,0,0,2
WP Engine Ireland Limited,0,0,0,0,0,0,0,2,0,0,0,0,2
Alavina Investments Limited,1,1,0,0,0,0,0,0,0,0,0,0,2
Independent Photocopier Services Limited,0,0,1,0,0,0,0,1,0,0,0,0,2
Pulse Security Management Limited,0,0,0,0,0,0,2,0,0,0,0,0,2
Punjab House Food Limited,2,0,0,0,0,0,0,0,0,0,0,0,2
Moonpea Limited,0,0,0,1,0,0,0,0,0,0,1,0,2
Albany Beck Ireland Limited,0,0,0,0,0,0,0,0,1,1,0,0,2
Johnson Auto Limited,0,0,0,0,0,0,0,0,1,0,0,1,2
Plan Energy Consulting Ltd,0,2,0,0,0,0,0,0,0,0,0,0,2
Jasmine Palace (Limerick) Limited,0,0,1,0,0,0,0,0,1,0,0,0,2
Jasmine Palace (Ennis) Limited,1,0,0,0,0,0,0,0,0,0,0,1,2
Planet Payment Group Holdings Limited,0,1,0,0,0,0,0,0,0,0,1,0,2
Zhuo Li,1,1,0,0,0,0,0,0,0,0,0,0,2
Jane McCorkell Design Limited,0,0,0,0,0,0,0,1,0,0,1,0,2
Zifo Ireland Limited,0,0,0,0,0,1,0,1,0,0,0,0,2
MPC Civil Engineering Ltd,0,0,0,1,0,0,0,0,1,0,0,0,2
MP & E Trading Company Limited,0,0,0,0,0,0,0,0,0,0,1,1,2
PLM Investments Limited,0,0,0,0,0,0,1,0,0,1,0,0,2
Yu Garden 2,0,0,0,0,0,1,0,0,1,0,0,0,2
Zucchini's Restaurant Limited,1,0,0,0,0,0,0,0,0,1,0,0,2
John Joe & Leo O'Connor Farm Limited,0,0,0,2,0,0,0,0,0,0,0,0,2
Your Delight Catering Privet limited,0,0,0,0,0,0,0,0,0,0,0,2,2
PMM Foods Limited,1,0,0,0,0,0,0,1,0,0,0,0,2
Mr. Cuisine Limited,2,0,0,0,0,0,0,0,0,0,0,0,2
Abbey Blue Education Limited,0,0,0,0,0,0,0,2,0,0,0,0,2
Jaipur Limited,0,1,1,0,0,0,0,0,0,0,0,0,2
Jahb Limited,1,0,0,0,0,0,1,0,0,0,0,0,2
Abbey Blue Legal Limited (Employer),1,0,0,0,0,0,0,0,1,0,0,0,2
You Qin Ltd,0,0,0,0,0,0,0,1,0,0,0,1,2
Polarside Limited,0,0,0,0,0,0,0,0,0,1,0,1,2
Yongsheng Foods Limited,1,1,0,0,0,0,0,0,0,0,0,0,2
Ability Property Services Limited,0,0,0,0,0,0,0,0,0,0,0,2,2
Abir Private Limited,2,0,0,0,0,0,0,0,0,0,0,0,2
Zurich Insurance Company Ltd,1,0,1,0,0,0,0,0,0,0,0,0,2
Jing Cai Xuan Ltd,0,0,0,0,0,1,0,0,0,0,0,1,2
Physio Eireann CCO,0,0,0,0,0,1,0,1,0,0,0,0,2
Mr John Tuthill,0,0,0,0,0,0,0,0,0,0,2,0,2
Photon Interactive Ireland Limited,0,0,0,0,0,0,0,0,0,2,0,0,2
JJ Burke Car Sales Ltd,0,1,0,0,1,0,0,0,0,0,0,0,2
Phone Fix Gort Limited,1,0,0,0,0,0,0,0,0,0,0,1,2
4Squarepillars Limited,0,0,1,0,0,0,0,0,0,0,0,1,2
JFS Bike Ltd,0,0,0,0,1,0,0,0,1,0,0,0,2
Pinewood Laboratories Limited,0,0,0,0,0,0,0,0,0,1,0,1,2
JJ Savoury Ramen Ltd,0,0,2,0,0,0,0,0,0,0,0,0,2
Zefone Ltd.,0,0,1,0,0,0,0,0,0,0,1,0,2
Zenith Health Limited,0,0,1,0,0,0,0,0,1,0,0,0,2
PKI Scientific Ireland Limited,0,0,0,0,0,0,0,0,0,0,2,0,2
YY Restaurant Limited,0,0,0,0,0,0,1,0,0,0,1,0,2
JK Homecare Limited,0,1,0,0,0,1,0,0,0,0,0,0,2
Jemi Ventures Limited,0,0,0,0,0,0,0,0,1,1,0,0,2
PIPO Europe Limited,1,1,0,0,0,0,0,0,0,0,0,0,2
Jehan's Heaven Caucasian Cuisine Limited,0,0,0,0,0,0,0,0,1,1,0,0,2
Zest at Limited,0,2,0,0,0,0,0,0,0,0,0,0,2
Phoenix Rock Enterprises Limited,0,0,0,0,0,0,0,0,0,0,0,2,2
Yunyong Cheng,0,0,0,0,0,0,0,1,1,0,0,0,2
Pizza Dream Ltd,0,0,0,0,0,0,0,0,0,0,0,2,2
JBA Consulting Engineers & Scientists Limited,0,0,0,1,0,0,0,0,0,0,1,0,2
PJ Fahy Transport Ltd,0,0,0,0,0,0,0,0,1,0,1,0,2
PJB Management Limited,0,2,0,0,0,0,0,0,0,0,0,0,2
Zheng He & Wang Limited,0,1,0,0,0,0,0,0,0,1,0,0,2
PIONEW IRELAND LIMITED,0,0,0,0,0,0,0,0,0,0,2,0,2
5 Star Stay ltd.,0,0,0,0,0,0,0,0,1,0,1,0,2
Isaac Painting & Decorating Limited,0,0,0,0,0,0,0,0,0,2,0,0,2
Precision Parts & Products Ltd,1,1,0,0,0,0,0,0,0,0,0,0,2
Precision Sports Technology Limited,0,0,1,0,0,0,0,0,0,0,0,1,2
Irlequip LTD,0,1,0,0,0,0,1,0,0,0,0,0,2
YMCA Hockey Club,0,0,0,0,0,0,2,0,0,0,0,0,2
Iristani Properties Limited,0,0,0,0,0,0,0,0,1,1,0,0,2
Irishtown Restaurants Limited,0,0,0,1,1,0,0,0,0,0,0,0,2
John Gleesons Newsagents Ltd,0,0,0,0,0,0,0,2,0,0,0,0,2
PFM Machinery  and Fabrication Limited,0,0,2,0,0,0,0,0,0,0,0,0,2
Acuity Digital Ireland Limited,0,0,0,0,1,0,0,0,1,0,0,0,2
Premier Lotteries Ireland Limited,0,0,1,0,1,0,0,0,0,0,0,0,2
Mourneview Construction Limited,0,1,0,0,0,0,0,0,0,0,1,0,2
Premier Mechanical Installations Ltd,2,0,0,0,0,0,0,0,0,0,0,0,2
Premier Physiotherapy & Allied Healthcare Ltd,0,1,0,0,0,0,0,0,0,0,1,0,2
Adams Garage Ltd.,0,0,1,0,0,0,1,0,0,0,0,0,2
Adamsgold Limited,0,1,0,0,0,0,0,0,0,0,0,1,2
Premier Recruitment (International) Unlimited Company,0,0,0,0,0,1,0,1,0,0,0,0,2
Irish Life Group Services Limited,0,0,0,0,0,0,0,1,0,0,1,0,2
ADAPT Engineering Limited,0,0,2,0,0,0,0,0,0,0,0,0,2
Yi Thai Restaurant Limited,0,0,0,0,0,0,0,0,0,0,2,0,2
Adaptive HVM Limited,0,1,0,0,0,0,0,1,0,0,0,0,2
Irish Guide Dogs for the Blind,0,0,2,0,0,0,0,0,0,0,0,0,2
ADCO Contracting and Civil Engineering Limited,0,0,0,0,0,0,1,1,0,0,0,0,2
Adecco Ireland Limited,0,1,1,0,0,0,0,0,0,0,0,0,2
Yjimiy Limited,0,0,0,1,0,0,0,0,0,1,0,0,2
MrWu Takeaway Limited,0,0,1,0,0,0,0,0,0,1,0,0,2
Ms Fatima Zahra Abbes,0,0,0,0,0,0,0,0,0,2,0,0,2
J.P.G. Freight Limited,1,0,0,0,1,0,0,0,0,0,0,0,2
Pharmaquant International Limited,0,0,0,0,0,0,0,1,0,1,0,0,2
Pharmaceutical Business Consultants Ltd,0,1,0,1,0,0,0,0,0,0,0,0,2
Mount Juliet Unlimited Company,2,0,0,0,0,0,0,0,0,0,0,0,2
J P C  O Galvin,2,0,0,0,0,0,0,0,0,0,0,0,2
J Keane & Sons (Ros) Ltd,0,0,0,0,0,0,0,0,0,0,1,1,2
John & Pauline Mcenery Partnership,0,0,0,0,0,0,0,0,0,2,0,0,2
Mount Herbert Limited,0,0,1,0,0,0,0,0,0,0,1,0,2
AccountsIQ Ireland Limited,0,0,1,0,0,0,0,0,0,1,0,0,2
ACCS Morgan Investments Limited,0,0,1,0,0,1,0,0,0,0,0,0,2
Ishita  Ayaansh Limited,1,0,0,0,0,0,0,1,0,0,0,0,2
John B. Dockrell Unlimited Company,0,0,2,0,0,0,0,0,0,0,0,0,2
MS Patterson Ltd,0,0,0,1,0,0,0,0,0,1,0,0,2
Power Capital Operations Limited,1,0,0,0,0,0,0,1,0,0,0,0,2
John Casey Limited,0,0,1,0,0,0,0,0,0,0,0,1,2
 IQVIA RDS IRELAND LTD,0,0,0,0,0,0,1,0,1,0,0,0,2
Power Work Interiors Ltd,0,0,0,0,0,1,0,0,0,1,0,0,2
John Desmond Joyce & Sharon Joyce,0,0,2,0,0,0,0,0,0,0,0,0,2
Acorn Healthcare Ltd,1,1,0,0,0,0,0,0,0,0,0,0,2
Island Estates Limited,1,1,0,0,0,0,0,0,0,0,0,0,2
PGIM,1,0,0,0,0,0,0,0,0,0,1,0,2
Prasad Food Limited,0,1,0,0,0,0,0,0,0,0,1,0,2
Praya Foods Ltd,0,0,0,0,0,0,0,0,0,0,1,1,2
A & L Goodbody LLP,0,0,0,1,0,0,0,0,0,0,1,0,2
A&D Inguz Limited,0,0,0,0,1,0,0,0,0,0,0,1,2
Red Flag Asian Food Limited,0,0,1,0,0,0,0,1,0,0,0,0,2
Wenqin Chen,0,1,1,0,0,0,0,0,0,0,0,0,2
Heights Hospitality Operations,1,0,0,1,0,0,0,0,0,0,0,0,2
KDB Ireland DAC,0,0,0,0,0,0,1,0,0,0,0,1,2
Red Power Limited,1,0,0,0,0,0,0,0,0,1,0,0,2
KDJ Medical Limited,0,0,1,0,0,0,0,0,1,0,0,0,2
Heat Restaurant Limited,0,1,0,1,0,0,0,0,0,0,0,0,2
Heartside Limited,1,0,1,0,0,0,0,0,0,0,0,0,2
HEAnet,0,0,0,1,0,0,0,0,1,0,0,0,2
Wenlu Chen,0,0,0,1,0,0,0,0,0,0,0,1,2
Healthy Vending Machines Ltd,0,1,0,0,0,0,0,0,0,0,1,0,2
Keahal Limited,0,0,0,1,0,0,0,0,0,0,0,1,2
All Star Food Limited,0,1,0,0,0,0,0,0,1,0,0,0,2
Redcave Industries Limited,0,0,0,0,0,0,1,0,0,0,0,1,2
Mitie Facilities Management Limited,0,1,0,0,0,0,0,1,0,0,0,0,2
MWeds Ltd,0,0,1,0,0,0,0,0,0,0,0,1,2
Miss Jibby Limited,1,0,0,0,0,0,1,0,0,0,0,0,2
Asafe Global Limited,0,0,1,0,0,0,0,1,0,0,0,0,2
Asahi Concepts Limited,0,0,0,0,0,0,1,1,0,0,0,0,2
Asana foods limited,0,0,0,0,0,0,0,0,0,2,0,0,2
Reddean Limited,0,1,0,0,0,0,0,1,0,0,0,0,2
Welink Investments (Ireland) Limited,2,0,0,0,0,0,0,0,0,0,0,0,2
Weiwen Catering Limited,1,0,0,0,0,0,0,0,1,0,0,0,2
Ashbourne Holdings Ltd,1,0,1,0,0,0,0,0,0,0,0,0,2
Minori Sushi & Noodle Box Limited,2,0,0,0,0,0,0,0,0,0,0,0,2
Healthbeacon Public Limited Company,0,0,1,0,0,0,0,0,0,1,0,0,2
Ravindra Vidyarathne,0,0,0,0,0,0,0,0,0,0,0,2,2
Ardcastlin Limited,0,0,0,0,0,0,0,1,1,0,0,0,2
Hill 16 Tiles Limited,0,1,0,0,0,0,0,0,0,0,1,0,2
Paul Corrigan & Associates Ltd,0,0,0,0,2,0,0,0,0,0,0,0,2
Higtyr Construction Ltd,0,0,0,0,0,0,0,0,2,0,0,0,2
Ardgoginna Farm Limited,0,0,0,0,0,0,0,0,0,2,0,0,2
Karl Monahan,1,0,0,0,0,0,0,0,0,1,0,0,2
RCC Engineering Ltd,0,0,0,0,0,0,0,0,1,0,1,0,2
Westbrook Motors (Ireland) Ltd,0,0,0,1,0,0,0,0,0,0,1,0,2
KARNAL ENTERPRISES LIMITED,0,0,2,0,0,0,0,0,0,0,0,0,2
Ard-Ri Marble Mantlepieces Limited,0,0,1,0,0,0,0,0,0,1,0,0,2
Arena Hospitality Ltd,0,0,0,2,0,0,0,0,0,0,0,0,2
MWB Software Enterprises Limited,1,0,0,0,0,0,1,0,0,0,0,0,2
Real Brasil Food Limited,0,0,0,0,0,0,0,0,0,0,2,0,2
Ariel House Ltd,1,0,0,0,0,0,0,0,0,1,0,0,2
Katung Limited,0,0,0,0,0,0,0,0,0,2,0,0,2
MJB Catering Limited,1,0,0,0,0,0,0,0,0,0,1,0,2
Hermitage Farms Unlimited Company,2,0,0,0,0,0,0,0,0,0,0,0,2
Arisu Korean Restaurant Limited,0,0,0,0,0,0,0,0,2,0,0,0,2
Arkphire Services,0,0,2,0,0,0,0,0,0,0,0,0,2
Henry Schein (Ireland) Limited,0,0,2,0,0,0,0,0,0,0,0,0,2
Henkel Ireland Operations and Research Limited,0,0,0,0,1,0,0,0,0,1,0,0,2
Henghui Bubble Tea Expert Ltd,0,0,0,0,0,0,1,1,0,0,0,0,2
Heng Hui Asian Delights Limited,0,0,0,0,0,0,1,0,0,1,0,0,2
KCC Door Hardware & Security Solutions Limited,0,0,1,0,1,0,0,0,0,0,0,0,2
Hempful Ireland Ltd,0,0,0,1,0,0,0,0,0,1,0,0,2
Hewlett-Packard Galway Limited,0,1,0,0,0,0,0,1,0,0,0,0,2
Mystical Rose Limited,1,0,0,0,0,0,0,0,0,1,0,0,2
Waystone Centralised Services (IE) Limited,0,0,0,0,0,0,0,0,0,2,0,0,2
Hanjra And Brothers Limited,0,0,0,0,0,0,1,0,0,1,0,0,2
Wayflyer Limited,2,0,0,0,0,0,0,0,0,0,0,0,2
Associated Rewinds (Ireland) Ltd,0,2,0,0,0,0,0,0,0,0,0,0,2
Renewell Water Filtration Limited,0,0,1,0,0,0,0,0,0,0,0,1,2
Han Yu Limited,0,0,1,1,0,0,0,0,0,0,0,0,2
Rennard Pig Farms Ltd,0,0,0,0,0,0,1,1,0,0,0,0,2
Renrew Limited,0,0,1,0,0,0,0,0,1,0,0,0,2
Hammad & Co Restaurants Limited,0,0,0,0,0,0,0,1,0,0,1,0,2
Wau Asian Cuisine Limited,0,0,0,0,0,0,0,0,0,2,0,0,2
Resolute Engineering Group Limited,0,0,1,0,0,0,0,0,0,1,0,0,2
Hawlson Ltd.,0,0,0,0,0,0,0,2,0,0,0,0,2
Milish Foods Limited,0,0,0,0,0,0,0,0,0,0,2,0,2
Retail Display Manufacturing (Ireland) Limited,0,0,0,0,0,0,0,0,2,0,0,0,2
Athy Steel Products Ltd,0,0,0,0,0,0,0,0,0,0,0,2,2
Retail Solutions Ltd,0,0,0,0,0,0,1,0,1,0,0,0,2
Atlanta Nursing Home Ltd,0,1,0,0,0,0,0,0,1,0,0,0,2
Atlantach Technical Services,0,0,0,0,1,0,0,0,0,1,0,0,2
Atlantia Food Clinical Trials Limited,0,0,0,0,0,0,0,0,0,0,1,1,2
Retreat Nursing Home Limited,0,0,0,0,0,2,0,0,0,0,0,0,2
H&Z Tasty Food Limited,1,0,0,1,0,0,0,0,0,0,0,0,2
Ward & Ward Limited,0,0,0,0,0,0,0,0,0,0,1,1,2
REVOLUT LTD,0,0,0,0,0,1,0,0,0,0,1,0,2
H and W Plastering Ltd,1,0,1,0,0,0,0,0,0,0,0,0,2
Hall Power Ltd T/A ePower,0,0,0,0,0,0,0,1,1,0,0,0,2
Keaney Medical Limited,0,0,0,0,0,0,1,0,0,1,0,0,2
Hatcon Limited,0,0,0,0,0,1,1,0,0,0,0,0,2
Ashgrove Engineering Limited,0,0,0,1,0,0,0,0,0,1,0,0,2
Patrick O'Brien Limited,0,0,0,0,1,1,0,0,0,0,0,0,2
Harvest Catering Ltd,1,0,0,1,0,0,0,0,0,0,0,0,2
Harval Farms Ltd,0,1,0,0,0,0,0,0,0,0,1,0,2
Hartsginger Limited,1,0,0,0,1,0,0,0,0,0,0,0,2
Harte Peat Ltd,0,0,0,0,0,0,0,0,0,0,2,0,2
Ashgrove Wholesale Ltd,0,0,1,0,0,0,0,0,0,1,0,0,2
Ashleigh Farms (Waterford) Limited,0,0,0,0,0,0,0,0,0,0,0,2,2
Ashtemple Carpentry Limited,0,2,0,0,0,0,0,0,0,0,0,0,2
Harmony Accountants Limited,0,0,0,1,0,0,1,0,0,0,0,0,2
Hanley Taite Design Partnership,0,0,0,0,0,0,0,1,0,0,0,1,2
Mindshare Media Ireland Ltd,0,0,0,0,0,0,0,0,0,1,1,0,2
Weatherwell Bricklayer Subcontractor Ltd,1,0,0,0,0,0,0,1,0,0,0,0,2
Hariji Limited,0,0,0,1,0,0,0,0,0,0,0,1,2
Asian Food Hub Limited,0,0,1,0,0,0,0,0,1,0,0,0,2
Keelings Market Fresh Unlimited Company,0,0,0,0,0,0,1,0,0,1,0,0,2
Aska Sykes Ltd,1,0,0,0,0,0,0,0,0,0,1,0,2
We Are Together Limited,0,0,0,0,0,2,0,0,0,0,0,0,2
Mina Asset Management Limited,0,0,0,0,0,0,0,1,0,0,1,0,2
Hansen Corporation Europe Ltd,0,0,0,0,0,0,0,0,0,0,1,1,2
Hanrahan Farms Limited,0,0,0,0,0,0,0,0,0,0,2,0,2
Patrick Lynch Ltd.,0,0,0,1,0,0,0,0,0,0,1,0,2
Milltown Inns Ltd,0,0,1,0,0,0,0,0,0,1,0,0,2
Keep The Faith Bloodstock Limited,0,0,0,0,0,1,0,0,0,1,0,0,2
Ashview Consultants Limited,0,0,0,0,0,0,0,0,0,0,2,0,2
JTI Ireland Ltd,0,0,1,1,0,0,0,0,0,0,0,0,2
Quratulain Tariq,0,0,1,0,1,0,0,0,0,0,0,0,2
JTK Remapping Ltd,0,2,0,0,0,0,0,0,0,0,0,0,2
Alstom Transport Ireland Limited,0,1,0,0,1,0,0,0,0,0,0,0,2
Hugo Loonam Motors Limited,0,0,0,0,0,0,1,1,0,0,0,0,2
Wishmill Ltd,0,0,0,0,0,0,0,0,2,0,0,0,2
Hughes Planning and Development Consultancy,0,0,0,0,0,0,0,2,0,0,0,0,2
R&G Prestige Golf Restaurant and Bar Catering Limited,0,1,1,0,0,0,0,0,0,0,0,0,2
Monbeg Stables Donnchadh Doyle Ltd,0,0,0,0,0,0,0,0,0,0,2,0,2
Huevos Locos Limited,0,2,0,0,0,0,0,0,0,0,0,0,2
Hudson Brothers Limited,0,0,0,0,0,1,0,0,0,1,0,0,2
Monasterevin Motors Limited,0,0,0,0,0,0,0,0,1,0,0,1,2
Rathcormac Retail Tyre & Services Limited,0,0,0,0,0,2,0,0,0,0,0,0,2
Amberfast Limited,0,0,0,0,1,1,0,0,0,0,0,0,2
Monaloe Hospitality 18 T/A Brighton Road,0,0,1,0,0,0,1,0,0,0,0,0,2
Hua Mei Limited,0,0,1,0,0,0,0,0,0,1,0,0,2
Windmill Nursing Home & Retirement Village Limited,0,0,0,0,0,0,1,1,0,0,0,0,2
PE Fibre Installations Ireland Ltd,2,0,0,0,0,0,0,0,0,0,0,0,2
Mullingar Autos Limited,0,0,0,0,0,1,1,0,0,0,0,0,2
Win Soon Limited,0,0,1,0,0,0,0,1,0,0,0,0,2
Monaghan's Showjumping Ltd.,0,0,1,0,0,0,0,0,0,1,0,0,2
AMO Ireland,1,0,0,0,0,0,0,0,0,0,0,1,2
An Daingean Buisteir Limited,0,2,0,0,0,0,0,0,0,0,0,0,2
An Post,0,0,0,0,0,0,0,1,0,0,1,0,2
HSBC Securities Services (Ireland) DAC,0,0,0,0,0,0,1,1,0,0,0,0,2
Jumbo Liu Limited,0,1,0,0,0,0,0,0,0,0,1,0,2
ICBC international Leasing Company Ltd,1,0,0,0,0,0,1,0,0,0,0,0,2
Woodie's DIY Limited,0,0,0,0,0,0,0,0,1,1,0,0,2
IBY FOODS LIMITED,0,0,0,0,0,0,0,0,0,2,0,0,2
Pera Mediterranean BBQ Limited,0,0,0,0,0,0,0,1,0,1,0,0,2
Montagner & Santos Limited,2,0,0,0,0,0,0,0,0,0,0,0,2
Quality Freight Limited,0,0,1,0,0,0,1,0,0,0,0,0,2
IAAPS Limited,0,0,0,0,0,0,0,0,0,0,1,1,2
JOYWAY TOURS LIMITED,0,0,0,0,0,1,1,0,0,0,0,0,2
Allied Fire Protection Ltd,0,0,0,1,0,0,0,0,1,0,0,0,2
I & V Construction General Limited,0,0,0,1,0,0,0,0,0,1,0,0,2
Hzm Restaurant Limited,0,0,0,0,0,0,0,0,0,2,0,0,2
HZH Catering Limited,1,0,0,0,0,0,0,0,0,0,0,1,2
Hunter International Livestock Limited,1,0,0,1,0,0,0,0,0,0,0,0,2
Allpro Security Services Ireland Limited,0,1,0,0,0,0,0,0,0,0,1,0,2
Hyundai Cars Ireland Unlimited Company,0,0,0,1,0,0,0,1,0,0,0,0,2
Quaykoff Taverns Ltd,0,1,0,0,0,0,0,1,0,0,0,0,2
Money Maximising Advisors Ltd,0,0,0,0,1,0,1,0,0,0,0,0,2
Mondfiled Plenty Limited,0,0,0,0,0,0,0,1,0,0,1,0,2
Hyde & Seek Childcare Limited,0,0,0,0,0,0,0,0,0,2,0,0,2
ALPA Building & Design Ltd,0,0,0,0,0,0,2,0,0,0,0,0,2
HX46 DLR Limited,0,1,0,0,0,0,1,0,0,0,0,0,2
WMC Concrete Limited,1,1,0,0,0,0,0,0,0,0,0,0,2
Quinn Tanker Services Ltd,0,2,0,0,0,0,0,0,0,0,0,0,2
WL Woodlawn Building Services Ltd,0,0,2,0,0,0,0,0,0,0,0,0,2
ALREHAB LIMITED,0,0,0,0,0,0,0,0,0,0,2,0,2
Mondellihy Dairy Farms Limited,0,0,0,0,0,0,0,0,0,1,1,0,2
Monica Campbell Limited/Little Rainbows Donaghmede,0,1,0,0,1,0,0,0,0,0,0,0,2
Paul Sheeran Jewellers (Johnsons Court) Limited,0,0,0,0,0,0,0,0,0,1,0,1,2
Randor Technologies Limited,1,0,0,0,0,0,0,0,0,1,0,0,2
Aperee Living Conna Limited,0,1,0,0,0,1,0,0,0,0,0,0,2
Munster Polymers Limited,0,0,0,0,0,0,2,0,0,0,0,0,2
KAMAGAMES LIMITED,0,0,0,0,0,0,0,0,1,1,0,0,2
Rands Supermarket Limited,1,0,1,0,0,0,0,0,0,0,0,0,2
Hollystown Foodie Limited,0,0,0,0,0,0,0,1,0,0,1,0,2
Holly's Childcare Ltd,0,0,0,0,0,0,0,0,0,2,0,0,2
APPEALS CENTRE EUROPE CLG,0,2,0,0,0,0,0,0,0,0,0,0,2
Hollister ULC Unlimited Company,0,1,0,0,0,0,0,0,0,0,0,1,2
Appleglade Limited,0,0,0,1,0,0,0,0,0,1,0,0,2
Hock Lin Takeaway Limited,1,0,0,1,0,0,0,0,0,0,0,0,2
Multi Surface Repair Limited,0,0,0,0,0,0,0,0,0,2,0,0,2
HMH IP Company Unlimited Company,0,0,0,0,0,1,0,0,0,1,0,0,2
WHISTLERIDGE ASSOCIATES LTD,0,1,0,0,0,0,0,0,1,0,0,0,2
HMCA Accounting Services Limited,0,1,0,0,0,0,0,0,0,0,1,0,2
HLB Ireland Unlimited Company,0,0,0,0,0,0,0,0,0,2,0,0,2
Kaplans Catering Limited,0,0,0,0,0,0,1,0,0,0,1,0,2
Karco Limited,1,0,0,1,0,0,0,0,0,0,0,0,2
Rateridge Limited,0,1,0,1,0,0,0,0,0,0,0,0,2
HINOTE MOTOR SERVICES LIMITED,0,0,0,0,2,0,0,0,0,0,0,0,2
Arbutus Hotel (Killarney) Limited,1,1,0,0,0,0,0,0,0,0,0,0,2
Himalaya House Limited,1,1,0,0,0,0,0,0,0,0,0,0,2
Paul Nolan Racing Ltd,0,0,0,0,0,0,0,0,1,1,0,0,2
Hilti (Fastening Systems) Limited,0,0,1,0,0,0,1,0,0,0,0,0,2
A-Prompt Recruitment Limited,0,0,0,0,2,0,0,0,0,0,0,0,2
PCO Manufacturing Ltd,1,0,0,0,0,0,0,0,0,1,0,0,2
HR Buddy Limited,0,0,1,0,0,0,1,0,0,0,0,0,2
Molihan TSP Ltd.,0,0,0,0,0,0,0,0,0,0,1,1,2
JWF Farms (Ireland) Limited,0,1,0,0,0,0,0,0,0,0,0,1,2
Howmedica International S. De R. L.,0,1,0,0,0,0,0,0,0,0,0,1,2
Andrew Choi,0,0,0,0,0,0,0,2,0,0,0,0,2
Multiplex Restaurants Limited,2,0,0,0,0,0,0,0,0,0,0,0,2
Mohinlin Limited,0,1,0,0,0,0,0,0,0,1,0,0,2
A'N'G Saini Limited,0,0,1,0,0,0,0,0,0,0,1,0,2
Angela & Robert Kidd,0,0,1,0,0,0,0,0,0,0,1,0,2
Mohammad Shahzad Ali,0,0,0,0,0,1,0,0,0,0,0,1,2
HOSTELIER DUBLIN1 LIMITED,0,0,0,1,1,0,0,0,0,0,0,0,2
Aperee Living Bantry Limited,1,0,0,0,0,0,0,0,0,0,1,0,2
William Fry LLP,0,0,0,1,1,0,0,0,0,0,0,0,2
Modern Morsels Limited,0,0,0,0,0,0,0,0,2,0,0,0,2
K.S.K. Enterprises Limited,0,0,0,2,0,0,0,0,0,0,0,0,2
Anneville Dairy Farm Limited,2,0,0,0,0,0,0,0,0,0,0,0,2
Anthony Rogers and John Rogers,0,0,0,0,0,0,1,0,0,1,0,0,2
Rajan Prabha Restaurant Limited,2,0,0,0,0,0,0,0,0,0,0,0,2
Kakilang Limited,2,0,0,0,0,0,0,0,0,0,0,0,2
Honestar Limited,0,0,1,0,0,0,0,0,0,1,0,0,2
Homemade Brazilian Food Limited,1,0,0,0,0,0,0,0,0,1,0,0,2
Ralvale Limited,0,1,1,0,0,0,0,0,0,0,0,0,2
Munster External Wall Insulation Ltd,1,0,0,0,0,0,0,0,0,0,0,1,2
Homebond Technical Services Ltd,0,0,0,0,0,0,1,0,0,0,0,1,2
Kam Bo Chinese Restaurant Limited,0,0,0,0,0,0,0,1,0,0,0,1,2
Raicam Holdings Ltd,1,0,0,0,0,0,0,0,0,1,0,0,2
Life Scientific Limited,0,0,0,0,0,0,0,0,0,2,0,0,2
Chubb Ireland Ltd,0,1,1,0,0,0,0,0,0,0,0,0,2
CHUEN CHING INTERNATIONAL LIMITED,0,0,0,0,0,0,0,0,1,0,1,0,2
Chuen Ching International Ltd,1,0,1,0,0,0,0,0,0,0,0,0,2
Mantis Cranes Ireland Ltd.,0,0,0,0,0,0,1,0,0,0,1,0,2
Chung's Restaurant Limited,0,1,0,0,0,0,0,0,0,0,0,1,2
Churchview Motors Ltd,0,0,0,1,0,0,0,0,0,0,1,0,2
Drangan Farm Limited,0,0,0,0,0,0,0,0,0,2,0,0,2
Chutzpah 919 Newbridge Limited,1,0,1,0,0,0,0,0,0,0,0,0,2
Songdale Limited,2,0,0,0,0,0,0,0,0,0,0,0,2
Sony Interactive Entertainment Ireland Limited,0,0,0,0,0,0,0,0,0,0,1,1,2
The Frances Taylor Foundation Chapelizod CLG,0,0,0,0,1,0,0,0,0,0,1,0,2
Thomas Treanor,0,0,0,0,0,0,0,1,1,0,0,0,2
Manguard Plus Limited,1,0,0,0,0,0,0,0,0,0,0,1,2
Source Civil Ltd,1,1,0,0,0,0,0,0,0,0,0,0,2
The Faraday Procurement Company Ltd,0,1,0,0,0,0,0,0,0,1,0,0,2
Circle K Ireland Energy Limited,0,0,1,0,0,0,0,0,0,0,1,0,2
Circle K Procurement and Brands Limited,0,0,0,0,0,0,0,0,2,0,0,0,2
Dr Bernard Healy,0,0,1,0,0,0,0,0,0,1,0,0,2
DQ Chinese Takeaway Limited,0,1,0,1,0,0,0,0,0,0,0,0,2
Cisco Systems Internetworking (Ireland) Limited,0,0,0,0,1,0,0,0,0,0,1,0,2
Limerick City & County Council,0,0,0,0,0,0,0,0,2,0,0,0,2
South Street Food Company Ltd,0,1,1,0,0,0,0,0,0,0,0,0,2
Manaslu Limited,0,0,1,0,0,0,0,0,0,0,0,1,2
City Break Apartments Limited,2,0,0,0,0,0,0,0,0,0,0,0,2
The Forge Mechanical Engineering Ltd,1,0,0,0,0,0,0,1,0,0,0,0,2
DUBLIN HHT CARTOGRAPHY HOUSE LIMITED,0,1,0,0,1,0,0,0,0,0,0,0,2
Soba Asian Street Food Glanmire Ltd,0,1,0,0,0,0,0,0,0,0,1,0,2
Chemishield Limited,0,0,0,0,1,1,0,0,0,0,0,0,2
CHENG  FEI TAKEAWAY LTD,0,0,0,0,1,0,1,0,0,0,0,0,2
Sobi Analytics Limited,0,0,0,0,0,0,0,0,2,0,0,0,2
Chestnut Daycare Limited,0,0,0,0,0,0,0,0,0,0,1,1,2
Social Fabric Cafe Limited,1,0,0,0,0,0,0,1,0,0,0,0,2
Social Innovation Growth Fund Ireland CLG,0,0,0,0,0,0,1,1,0,0,0,0,2
Liam Burke Farms Limited,0,0,0,0,0,0,2,0,0,0,0,0,2
Liam Maher Plant Limited,0,0,0,0,1,0,0,0,1,0,0,0,2
Chief Changs Limited,0,0,0,0,0,0,0,0,0,1,1,0,2
Chill Insurance,0,0,0,0,0,0,0,0,0,0,2,0,2
The Great Care Co-op CLG,0,0,0,0,0,0,0,1,0,0,1,0,2
The Holy Grail Bar and Restaurant Ltd.,0,2,0,0,0,0,0,0,0,0,0,0,2
DS Charlemont Limited,1,0,1,0,0,0,0,0,0,0,0,0,2
Softworks Ltd,0,0,0,0,0,0,0,2,0,0,0,0,2
Chire Consultants Ltd,0,0,0,0,0,0,0,0,1,0,0,1,2
Drumman Dairies,0,0,0,0,0,0,0,0,0,2,0,0,2
The Hills Cricket Club,0,1,0,0,0,0,0,0,0,0,1,0,2
Chob Thai Restaurant Limited,0,0,0,0,1,0,1,0,0,0,0,0,2
Chris Asian Kitchen Limited,0,0,0,0,0,0,0,1,0,0,1,0,2
Chris Catering Limited,1,0,0,0,0,0,0,0,0,1,0,0,2
Solar Spa Limited,0,0,0,0,0,0,1,0,1,0,0,0,2
Drumcar Farms Ltd,0,0,1,0,0,0,0,0,0,0,0,1,2
Drumagoland Farms Limited,0,0,0,0,0,0,0,1,0,0,1,0,2
CHRISTCHURCH CRECHE & MONTESSORI SCHOOL LTD,0,0,0,0,0,0,0,1,0,0,0,1,2
The Holy Grail Gastro Bar & Restaurant Limited,1,0,0,0,0,0,0,0,0,1,0,0,2
Donal O'Brien Farm Limited,0,0,2,0,0,0,0,0,0,0,0,0,2
Spectate Limited,1,0,0,0,0,0,1,0,0,0,0,0,2
Claremorris Free Range Eggs Limited,0,0,0,0,2,0,0,0,0,0,0,0,2
Spectrum Health Limited,0,0,0,0,0,0,0,0,2,0,0,0,2
Old Head Seafood Limited,0,0,0,0,1,0,0,0,0,0,0,1,2
The Coach Ltd,0,0,0,0,0,0,0,0,0,1,0,1,2
Clarochem Ireland Ltd,0,0,1,0,0,0,0,0,0,0,0,1,2
Malvern Medical Group,0,0,0,0,0,0,0,0,1,0,1,0,2
Lintrol Limited,0,0,0,0,1,0,0,0,1,0,0,0,2
Clavis Technology Limited,0,0,0,1,0,0,0,0,0,1,0,0,2
Northin Limited,0,0,0,0,0,0,0,2,0,0,0,0,2
The Bretzel Trading Company Limited,2,0,0,0,0,0,0,0,0,0,0,0,2
Olema Consultants Unlimited Company,0,0,0,0,0,0,0,2,0,0,0,0,2
Sports World Netting Limited,0,0,0,0,0,0,0,1,0,0,1,0,2
The Braemor Coffee Room Limited,0,0,2,0,0,0,0,0,0,0,0,0,2
Dolby International AB,0,0,1,0,0,0,1,0,0,0,0,0,2
Spotify Ireland Limited,0,0,0,0,2,0,0,0,0,0,0,0,2
Lissanalta Creche Ltd,2,0,0,0,0,0,0,0,0,0,0,0,2
DOC (PLAN BUILD FINISH) LTD.,0,0,0,0,0,0,0,0,0,2,0,0,2
The Botany Weaving Mill Limited,0,0,1,0,0,0,0,0,0,0,1,0,2
Okayu Limited,0,0,0,0,0,0,0,0,1,0,0,1,2
D-Max Foods Limited,0,0,1,0,0,0,0,1,0,0,0,0,2
The Bean Box Coffee Shop Ltd,0,0,0,0,0,0,0,0,0,0,0,2,2
Sprout Dawson Street Limited,0,0,0,0,0,1,1,0,0,0,0,0,2
DLA Piper Ireland,1,0,0,0,0,0,0,1,0,0,0,0,2
Lisavaird Co-Operative Creamery Limited,0,1,0,0,0,0,1,0,0,0,0,0,2
Manakamana Trading Limited,2,0,0,0,0,0,0,0,0,0,0,0,2
City Pharmacy Ltd,0,0,0,0,0,1,0,0,0,0,0,1,2
Douglas Electronics Systems Limited,0,0,0,0,1,1,0,0,0,0,0,0,2
Limerick Polymers Production Unlimited Company,0,0,0,0,0,0,1,0,0,0,1,0,2
Southern Milling Unlimited Company,0,0,1,0,0,0,1,0,0,0,0,0,2
The Dunraven Arms Hotel,1,0,0,0,0,0,1,0,0,0,0,0,2
Dott Treasa Holdings Ltd,2,0,0,0,0,0,0,0,0,0,0,0,2
Southgate Dental Limited,0,1,0,0,0,1,0,0,0,0,0,0,2
Spa Transport Ltd,0,0,0,0,0,1,1,0,0,0,0,0,2
Dorset Opco Limited,0,0,0,0,1,0,0,0,0,1,0,0,2
The Down Syndrome Centre Company Limited by Guarantee,0,0,0,0,0,0,0,0,0,2,0,0,2
CJS Transport Ltd,0,0,0,0,0,0,0,0,0,2,0,0,2
Mammoth Films Ltd,0,0,0,0,1,1,0,0,0,0,0,0,2
Linda O'Callaghan,0,1,0,0,0,0,0,0,0,1,0,0,2
CK Food Limited,0,2,0,0,0,0,0,0,0,0,0,0,2
The Dao Noodle Box Limited,1,0,0,0,0,0,0,0,0,0,0,1,2
Spanners Limited,2,0,0,0,0,0,0,0,0,0,0,0,2
Oldbay Limited,1,0,0,0,1,0,0,0,0,0,0,0,2
Dony Engineering Limited,1,0,0,0,0,0,0,0,1,0,0,0,2
Clancys Bar Cork Limited,0,0,0,0,0,0,0,0,0,0,2,0,2
SPB Media Limited,0,1,0,0,0,1,0,0,0,0,0,0,2
Old Street Restaurant Limited,0,0,1,0,0,0,0,0,0,0,1,0,2
The Curragower,0,0,0,0,0,0,0,0,1,0,1,0,2
Linh Lugia,0,0,1,0,0,0,0,0,0,0,1,0,2
Clare Drains Environmental Ltd.,0,0,0,0,0,0,0,0,1,0,0,1,2
Link Brazil Foods Limited,0,2,0,0,0,0,0,0,0,0,0,0,2
Doran Management Financial Services Limited,0,0,0,0,0,0,0,0,2,0,0,0,2
Leagrey Ltd,0,0,0,0,0,0,1,0,0,0,0,1,2
CB Pub Management Ltd,0,0,1,0,0,0,1,0,0,0,0,0,2
CBRE GWS Ireland Limited,1,0,0,0,0,0,0,0,0,1,0,0,2
Martin Lavelle Electrical Contractors Limited,0,0,0,0,0,0,0,0,0,1,1,0,2
Openmind Networks Limited,0,0,0,0,1,1,0,0,0,0,0,0,2
Martin Joyce Scaffolding Limited,0,0,0,0,0,0,0,0,0,2,0,0,2
Martin Farrell Civil Contracting Limited,0,0,0,1,1,0,0,0,0,0,0,0,2
CCT Education Ltd,0,0,1,0,0,0,0,0,0,1,0,0,2
Skycrest Limited,1,1,0,0,0,0,0,0,0,0,0,0,2
Skyden Limited,0,0,0,0,0,0,0,0,0,1,0,1,2
Skylark Moon Limited,0,0,0,0,0,1,0,0,0,1,0,0,2
Marlow Taverns Limited,0,1,1,0,0,0,0,0,0,0,0,0,2
The Junction Restaurant Limited,1,0,1,0,0,0,0,0,0,0,0,0,2
Celsius Live Fit International DAC,0,0,0,0,0,0,0,0,2,0,0,0,2
Celtic Cookie Limited,0,0,1,0,0,0,0,0,0,1,0,0,2
Ecarg Contracting Limited,0,0,2,0,0,0,0,0,0,0,0,0,2
Lechlade Ltd.,1,0,0,0,0,0,0,0,0,1,0,0,2
Slane Trading Limited,0,0,0,0,1,1,0,0,0,0,0,0,2
The Ribs Gaucho BBQ Limited,0,2,0,0,0,0,0,0,0,0,0,0,2
Celtic Tiles Limited,0,0,1,0,0,0,0,0,0,0,1,0,2
The Reliance Bearing and Gear Company Limited.,0,0,0,1,1,0,0,0,0,0,0,0,2
Central House  Bistro,2,0,0,0,0,0,0,0,0,0,0,0,2
Eatilicious ltd,2,0,0,0,0,0,0,0,0,0,0,0,2
Slanetrac Engineering Limited,1,0,0,0,0,0,0,0,0,1,0,0,2
Easy Wok Limited,1,1,0,0,0,0,0,0,0,0,0,0,2
ECO Sweethomes Properties Limited,0,0,2,0,0,0,0,0,0,0,0,0,2
Laurem Construction Ltd,0,0,0,0,0,0,0,0,1,1,0,0,2
Castle Dargan Resort Limited,0,1,1,0,0,0,0,0,0,0,0,0,2
Matbuild Ltd.,0,0,0,0,0,1,0,0,1,0,0,0,2
Eirhaul Limited,0,0,0,0,1,0,1,0,0,0,0,0,2
Eirgo Limited,2,0,0,0,0,0,0,0,0,0,0,0,2
Mastertech Group Limited,1,0,1,0,0,0,0,0,0,0,0,0,2
Castlecor Farms Limited,0,0,1,0,0,0,0,0,1,0,0,0,2
Castlefield Breeding Farm Limited,0,1,1,0,0,0,0,0,0,0,0,0,2
Thi Thuy Le,0,0,0,0,0,0,0,0,0,0,0,2,2
Eirdata Environmental Services Ltd,0,0,0,0,1,0,1,0,0,0,0,0,2
Master Foodway Limited,0,0,0,0,0,0,0,2,0,0,0,0,2
Thermo Fisher Scientific Cork Limited,0,0,0,0,0,0,0,0,1,0,1,0,2
Edward Fossett & Sons Circus Entertainment Ltd,0,0,0,0,0,0,0,0,0,0,2,0,2
Thermaform Ltd,0,0,0,0,0,0,0,0,2,0,0,0,2
Eiffage Energia Ireland Limited,0,0,0,0,1,1,0,0,0,0,0,0,2
Castlewood Taverns Ltd,1,0,1,0,0,0,0,0,0,0,0,0,2
Catalyx Ireland,0,0,0,0,0,0,0,0,0,1,1,0,2
Cathal Glynn Construction Limited,1,0,1,0,0,0,0,0,0,0,0,0,2
LC Seating Limited,0,1,1,0,0,0,0,0,0,0,0,0,2
LCC Lemon Tree Chinese Limited,2,0,0,0,0,0,0,0,0,0,0,0,2
Catherine and Paul Cashman T/A Rathbarry Stud Farm,0,0,0,0,2,0,0,0,0,0,0,0,2
Six Ways Cuisine Limited,0,0,0,0,0,0,0,0,1,0,0,1,2
Mary Lava Cafe Limited,0,0,1,0,0,0,0,0,0,1,0,0,2
Edwards Vacuum Technology Ireland Limited,0,0,0,0,0,0,0,0,0,0,0,2,2
The White Chestnut Tavern Ltd,1,0,0,0,0,0,0,0,0,0,1,0,2
Ophardt hygiene Ireland Ltd,0,0,0,1,0,0,0,0,0,1,0,0,2
Optimise Performance Limited,0,1,0,0,0,0,0,0,0,1,0,0,2
Nobó Limited,0,0,1,1,0,0,0,0,0,0,0,0,2
Smiths Detection Ireland Limited,0,0,0,0,0,0,0,0,0,2,0,0,2
Maritime Tourism Ltd,0,2,0,0,0,0,0,0,0,0,0,0,2
Noel C Duggan Structural Steel Ltd,0,0,0,0,0,0,0,0,1,1,0,0,2
SMK & Co. Accounting Limited,0,0,0,0,0,0,1,0,0,0,0,1,2
Dundalk Quality Food Limited,0,0,0,0,0,0,0,0,0,1,0,1,2
THE LUXURY & CLASSIC MOTOR COMPANY LIMITED,0,0,0,0,0,1,0,0,0,0,1,0,2
Smoked BBQ Millennium Ltd T/A Mad Egg Millennium Walk,0,0,1,0,0,0,0,0,0,0,1,0,2
Dunbrody Country House Limited,0,0,0,0,0,0,0,1,1,0,0,0,2
Charles River Microbial Solutions International Limited,1,0,0,0,0,0,0,0,0,1,0,0,2
Smokin Bones Production LTD,0,0,0,0,0,0,0,0,0,2,0,0,2
CHARLESLAND CHILDCARE LIMITED,2,0,0,0,0,0,0,0,0,0,0,0,2
The Project Foundry Limited,0,0,0,1,0,0,0,1,0,0,0,0,2
Smurfit Kappa Services Limited,0,0,0,1,0,0,0,0,0,0,0,1,2
Duggan Systems Ltd,0,0,0,0,0,0,0,0,2,0,0,0,2
OMEGA Systems Support Ltd,0,0,0,1,0,0,0,1,0,0,0,0,2
Charleville RAC Service Ltd,0,0,0,0,0,0,0,0,0,2,0,0,2
Smyth Trailers EU Ltd,0,1,1,0,0,0,0,0,0,0,0,0,2
Charlie's Childcare Limited,0,0,0,0,0,0,0,0,1,0,0,1,2
SN FOODS LIMITED,0,0,0,0,0,0,0,0,2,0,0,0,2
Marco Logistics Limited,0,0,0,0,1,0,0,0,0,1,0,0,2
Snap-on Equipment Europe Limited,0,0,0,0,0,0,0,0,0,0,1,1,2
The Kitchen Catering BBQ,0,0,0,0,0,0,0,0,1,0,1,0,2
Chatime Limited,0,1,0,1,0,0,0,0,0,0,0,0,2
Dublin Moon Limited,0,0,1,0,0,0,0,0,1,0,0,0,2
CHD Entertainment Ltd,0,0,2,0,0,0,0,0,0,0,0,0,2
Duleek Sunrisaa Limited,0,1,0,0,0,0,0,0,0,1,0,0,2
Oneview Ltd,0,0,0,0,0,0,0,0,1,1,0,0,2
Eason Ltd,0,0,0,0,0,0,0,1,0,0,1,0,2
Slievenamon Dairy Farm Limited,0,0,0,0,0,0,1,1,0,0,0,0,2
O'Neill Hotel Limited,0,0,0,0,0,1,0,0,0,1,0,0,2
The Point Dynamic Limited,1,1,0,0,0,0,0,0,0,0,0,0,2
Leisure Domes Limited,0,0,1,0,1,0,0,0,0,0,0,0,2
The Phoenix Bistro Limited,0,0,0,0,0,0,0,0,1,0,1,0,2
Slip Lane Restaurant Limited,0,1,1,0,0,0,0,0,0,0,0,0,2
On Semiconductor Ireland Research and Design Limited,0,1,0,0,1,0,0,0,0,0,0,0,2
Market Alley Bars Limited,0,0,0,0,0,0,0,0,0,2,0,0,2
The Original Pizza Italia Company Limited,0,0,1,0,1,0,0,0,0,0,0,0,2
E and S Doctors Limited.,0,1,1,0,0,0,0,0,0,0,0,0,2
Dunewell Ltd,1,0,0,1,0,0,0,0,0,0,0,0,2
CFP Commodities Ltd,0,1,0,1,0,0,0,0,0,0,0,0,2
Small World Consulting,1,0,0,0,0,1,0,0,0,0,0,0,2
Dynamic Retail Services Limited,1,0,0,0,0,1,0,0,0,0,0,0,2
Dwycos Limited,0,0,2,0,0,0,0,0,0,0,0,0,2
CGI IT Ireland Limited,0,0,2,0,0,0,0,0,0,0,0,0,2
CGM Technical Support Services Ltd,0,0,0,0,0,0,0,0,0,0,2,0,2
Dupcheshwor Trading Limited,0,0,0,0,0,1,1,0,0,0,0,0,2
CGN Europe Energy Ireland Limited,0,0,0,0,1,0,1,0,0,0,0,0,2
Chaba Foods Ltd,0,0,0,0,0,0,0,0,0,2,0,0,2
The Nomar Quays Limited,0,0,2,0,0,0,0,0,0,0,0,0,2
Dunmoylan Farms Ltd,0,2,0,0,0,0,0,0,0,0,0,0,2
Chan Weng Ltd,0,0,0,0,1,1,0,0,0,0,0,0,2
Noblewood Landscapes Ltd,1,0,0,0,0,0,1,0,0,0,0,0,2
CFF Kitchens Group Ltd,0,0,0,0,0,0,0,2,0,0,0,0,2
Tango Street Food Ltd,0,2,0,0,0,0,0,0,0,0,0,0,2
Daniel James Murphy,0,0,0,0,0,0,1,0,0,0,0,1,2
Suffolk Catering Ltd,0,0,0,1,0,1,0,0,0,0,0,0,2
Dangs Chinese and Thai Takeaway Limited,0,0,0,0,0,0,0,1,1,0,0,0,2
Sugarloaf Gymnastics Limited,0,0,1,0,0,0,1,0,0,0,0,0,2
Danalto Limited,0,0,0,1,0,0,0,1,0,0,0,0,2
Dan Ryan Truck Rental Limited,0,0,0,0,0,0,1,1,0,0,0,0,2
M. Corduff Travel (Rossport) Limited,0,0,0,0,0,0,0,0,0,0,2,0,2
Dan Esther Francis Cosgrave,0,0,0,0,1,0,0,1,0,0,0,0,2
Damh Entertainment Limited,0,0,0,0,0,0,0,0,0,0,0,2,2
Tamcalc Limited,1,0,0,0,0,0,1,0,0,0,0,0,2
Corbally House Nursing Home Limited,1,0,0,1,0,0,0,0,0,0,0,0,2
Little Apples Academy,1,1,0,0,0,0,0,0,0,0,0,0,2
Daisy Chain Montessori and Childcare Limited,0,0,0,0,0,0,0,0,0,0,2,0,2
Sultan's Turkish Grill & Meditteranean Cuisine,2,0,0,0,0,0,0,0,0,0,0,0,2
Sumac Foods Limited,0,0,1,0,0,0,0,0,0,1,0,0,2
Core Optimisation Limited,0,0,0,0,0,0,0,0,0,1,0,1,2
Louth Meath Mental Health Services,0,0,0,0,0,0,2,0,0,0,0,0,2
Summit Inn - Summit Hospitality Limited,0,0,0,0,0,1,0,0,0,1,0,0,2
Dada Molly Ltd,0,0,0,0,0,0,0,1,0,0,1,0,2
Dabakala Limited,0,0,1,0,0,0,0,0,0,1,0,0,2
M Z Caters Limited,0,1,0,0,0,0,1,0,0,0,0,0,2
Cork Radiation Oncology Associates LTD,1,0,0,1,0,0,0,0,0,0,0,0,2
Sun & Moon Ltd,0,0,0,0,0,0,0,0,0,0,2,0,2
Cormican Farming Ltd,0,0,0,0,0,0,1,0,0,0,0,1,2
Nutricia Infant Nutrition Ltd,0,0,0,1,1,0,0,0,0,0,0,0,2
Davy Byrnes Limited,0,0,1,0,0,0,0,0,1,0,0,0,2
Strandbray Management Limited,0,1,0,0,0,0,0,0,1,0,0,0,2
Containment Service Providers Ltd,0,1,0,0,1,0,0,0,0,0,0,0,2
Control and Information Management (CIM) Limited,0,0,0,0,0,0,0,0,0,1,1,0,2
Lotus Bar Limited,0,2,0,0,0,0,0,0,0,0,0,0,2
Control Tech Limited,0,0,0,0,0,0,2,0,0,0,0,0,2
Lotus Chinese Restaurant & Takeaway Limited,0,0,0,0,0,2,0,0,0,0,0,0,2
Controlsoft Automation Systems Ltd.,0,0,0,0,0,0,0,0,0,2,0,0,2
Tasman Global Healthcare Ireland Limited,0,0,0,0,0,0,1,1,0,0,0,0,2
Daves Central Kitchen Limited,0,0,0,0,0,0,0,0,2,0,0,0,2
Tartano Limited,1,0,0,0,0,0,0,0,0,0,0,1,2
Coolebridge Limited,0,0,1,1,0,0,0,0,0,0,0,0,2
Copperfasten Technologies Limited,0,0,0,0,0,0,0,2,0,0,0,0,2
Coolsivna Construction Limited,0,0,2,0,0,0,0,0,0,0,0,0,2
Dataminr Ireland Limited,0,1,0,0,0,0,1,0,0,0,0,0,2
Datalex Ireland Ltd,1,1,0,0,0,0,0,0,0,0,0,0,2
Datalec Precision Installations Limited,2,0,0,0,0,0,0,0,0,0,0,0,2
Cooney Motors Ltd,0,2,0,0,0,0,0,0,0,0,0,0,2
Copper Coast Renewables,0,0,0,0,0,0,0,0,0,1,0,1,2
Tani Restaurants Limited,1,1,0,0,0,0,0,0,0,0,0,0,2
Stuarts Garages,0,0,0,0,0,0,0,0,0,0,1,1,2
Darielle Ronan,0,0,2,0,0,0,0,0,0,0,0,0,2
Loughryan Engineering Services Limited,0,0,2,0,0,0,0,0,0,0,0,0,2
Copper Mine Bar Limited,0,0,0,0,1,0,0,0,0,0,1,0,2
Sturdy Products Ltd,1,0,0,0,0,0,0,0,0,1,0,0,2
Coppercrate Limited,0,0,0,1,0,0,0,0,0,1,0,0,2
Coolmine TC,0,0,0,0,0,1,0,1,0,0,0,0,2
Cúram Phádraig Cuideachta Faoi Theorainn Ráthaíochta,0,0,0,0,0,0,1,0,0,0,0,1,2
O & I Motors Ltd T/A Herron Auto,0,0,0,0,0,0,2,0,0,0,0,0,2
Craft Cars Auto Centre Limited,0,0,0,0,0,1,0,1,0,0,0,0,2
Craft Entertainment Ltd,0,0,0,0,0,0,2,0,0,0,0,0,2
Cunneen Commercial Vehicle Solutions Ltd,0,0,0,0,0,1,1,0,0,0,0,0,2
T. NOLAN & SONS LIMITED,0,0,0,0,0,0,0,0,2,0,0,0,2
Cumnor Construction Limited,0,0,0,0,0,0,0,1,0,0,1,0,2
Crawford Scaffolding Limited,1,0,0,0,0,0,0,0,0,0,0,1,2
Lucey Transport Logistics Limited,0,1,1,0,0,0,0,0,0,0,0,0,2
Culture Connection Talent Service Limited,0,0,2,0,0,0,0,0,0,0,0,0,2
Credit Management Outsource Solutions (CMOS) Ltd.,0,0,1,0,0,0,0,0,0,0,0,1,2
Luggala Estate Limited,0,2,0,0,0,0,0,0,0,0,0,0,2
Sunago Limited,0,0,2,0,0,0,0,0,0,0,0,0,2
CSH Childcare Services,0,0,0,0,0,0,0,0,1,1,0,0,2
O.K.M. Trailers (Manufacturing) Limited,0,0,0,1,1,0,0,0,0,0,0,0,2
Oakmount Creche Ltd,1,0,0,0,0,0,0,0,0,1,0,0,2
Crumount Limited,0,0,2,0,0,0,0,0,0,0,0,0,2
Crocon Engineers Ltd,1,0,0,0,0,1,0,0,0,0,0,0,2
CRRA Property Ltd,0,0,0,0,1,1,0,0,0,0,0,0,2
Croft Nursing Home Ltd,0,0,2,0,0,0,0,0,0,0,0,0,2
Luxury Treats Limited,0,0,0,1,0,0,1,0,0,0,0,0,2
Crowley Surface Coatings LTD,2,0,0,0,0,0,0,0,0,0,0,0,2
CrowdStrike Ireland Limited,0,0,0,0,0,0,0,1,0,0,1,0,2
Crossfit Ireland Ltd,0,0,0,0,0,1,0,1,0,0,0,0,2
Swords Laboratories Unlimited Company,0,0,0,0,0,0,0,1,1,0,0,0,2
Oak Hall Consulting Ltd,0,0,0,0,0,0,0,0,0,2,0,0,2
Crehana Farms Limited,1,0,0,0,0,0,0,0,0,0,1,0,2
Talbot Brady Limited,1,0,0,0,0,0,1,0,0,0,0,0,2
Sunderland Farms Ltd.,0,0,0,0,0,0,0,1,1,0,0,0,2
D&J TASTES LTD,0,0,0,0,0,0,0,0,0,1,0,1,2
Sunny JFC Limited,0,0,1,0,0,1,0,0,0,0,0,0,2
D C Boats Limited,0,0,2,0,0,0,0,0,0,0,0,0,2
OBW Technologies Limited,1,0,0,0,0,0,1,0,0,0,0,0,2
Takeda Ireland Limited,0,0,0,0,0,0,0,0,0,1,0,1,2
Taka Catering Limited,0,0,0,0,1,0,0,0,0,1,0,0,2
Taj Mahal Catering Limited,1,0,0,0,0,0,0,1,0,0,0,0,2
Corrick Bridge Pig Farms,0,0,0,0,0,0,0,0,0,0,1,1,2
Sunstone Technologies Limited,0,0,0,0,0,0,0,0,0,0,0,2,2
Corstown Farms Limited,1,0,1,0,0,0,0,0,0,0,0,0,2
CQS Consulting (Irl) Ltd,0,0,1,0,0,0,0,0,0,1,0,0,2
CWK Food Processing Limited,0,1,0,0,0,0,0,1,0,0,0,0,2
CWIRE Retail Holdings Limited,0,0,0,1,0,0,0,0,1,0,0,0,2
NxtGen Facades Ltd,0,0,0,0,0,0,1,0,0,0,1,0,2
NY Star Limited,0,0,0,1,0,0,0,0,0,0,0,1,2
Tailbay Limited,0,0,0,0,0,1,0,0,1,0,0,0,2
M & J McGowans Limited,2,0,0,0,0,0,0,0,0,0,0,0,2
Custom Digital Print Limited,0,0,1,1,0,0,0,0,0,0,0,0,2
Tai Asian Restaurant Limited,0,0,1,0,1,0,0,0,0,0,0,0,2
CoverMore Blue Insurance Services Limited,0,1,1,0,0,0,0,0,0,0,0,0,2
Surya Takeaway limited,1,0,1,0,0,0,0,0,0,0,0,0,2
Tadiam Limited,0,0,0,1,0,0,0,0,1,0,0,0,2
Cpp Innovation Limited,0,0,0,0,0,0,0,0,1,1,0,0,2
LTI Mindtree Limited,2,0,0,0,0,0,0,0,0,0,0,0,2
CXC Renovation Limited,0,0,0,0,0,0,0,0,0,1,0,1,2
TH Foods Limited,0,0,0,0,0,0,0,0,0,1,1,0,2
Deyton Catering Limited,1,0,1,0,0,0,0,0,0,0,0,0,2
Little Tots Academy Limited,1,0,0,0,0,0,0,0,0,0,0,1,2
Magix Franchises Limited,0,0,0,0,2,0,0,0,0,0,0,0,2
Liulia Limited,0,0,0,1,0,0,0,1,0,0,0,0,2
St. Eunan's Nursing And Convalescent Home Limited,2,0,0,0,0,0,0,0,0,0,0,0,2
"Deutsche Börse, Cork Branch",0,0,1,0,0,0,0,0,0,1,0,0,2
Dessk Pty Limited,0,0,0,0,0,1,0,0,0,0,1,0,2
CMB Financial Leasing (Ireland) Limited,2,0,0,0,0,0,0,0,0,0,0,0,2
TFC Designs Limited,0,0,0,0,0,1,0,0,0,0,0,1,2
Maginn Machinery Company Limited,1,0,0,0,0,1,0,0,0,0,0,0,2
Nowin Ltd,0,0,0,0,0,0,0,0,2,0,0,0,2
Maano Foods Cork Ltd,0,0,0,0,0,0,0,1,0,0,0,1,2
Derry Court Company Limited,0,0,0,0,0,0,0,1,0,1,0,0,2
Cobra OCP Limited,0,0,0,0,0,0,0,0,1,0,1,0,2
Derra Farms Limited,0,1,0,0,0,0,0,0,0,0,1,0,2
NRG's Indian Imports Limited,1,0,0,0,0,0,0,0,1,0,0,0,2
Derglee Taverns Limited,0,0,0,1,0,0,0,1,0,0,0,0,2
Teppanyaki And Sushi Restaurant Limited,2,0,0,0,0,0,0,0,0,0,0,0,2
Tenderhearts Limited,0,0,0,0,0,0,1,1,0,0,0,0,2
Coconut Point Ltd t/a The Horse and Hound,0,0,1,0,0,0,0,0,0,0,0,1,2
CODLAD CODING SERVICE LIMITED,0,0,2,0,0,0,0,0,0,0,0,0,2
NSK Healthcare Ltd.,1,0,0,0,0,0,0,0,1,0,0,0,2
templeogue taverns limited rev,0,0,0,0,0,0,0,0,1,0,1,0,2
Cóir Infrastructure Limited,0,0,0,0,0,0,0,0,2,0,0,0,2
Cobajay Ltd,0,0,0,0,0,0,0,0,0,1,0,1,2
Divpor Limited,0,0,1,0,0,0,1,0,0,0,0,0,2
The Barn Food and Catering Company Limited,2,0,0,0,0,0,0,0,0,0,0,0,2
Norwood Nursing Home Ltd,0,0,0,0,0,0,0,0,1,0,1,0,2
Distilled Shared Service Limited,0,0,0,0,0,0,0,1,0,0,1,0,2
"Notion Labs, Ireland Limited",0,0,0,0,0,0,0,0,0,1,0,1,2
Clongriffin Childcare Limited,0,0,0,1,1,0,0,0,0,0,0,0,2
Majara Limited,0,0,0,0,0,0,0,1,0,0,0,1,2
Ding Xin Ltd,0,0,0,0,2,0,0,0,0,0,0,0,2
Dineen Crash Repairs Ltd,0,0,0,0,0,0,0,0,0,0,0,2,2
Dim Sum (Ireland) Limited,1,1,0,0,0,0,0,0,0,0,0,0,2
SRM Book and Cook Limited,1,0,0,1,0,0,0,0,0,0,0,0,2
Diligent Governance Ireland Limited,0,0,0,0,0,0,0,0,0,0,2,0,2
DGLS Ltd,0,0,1,1,0,0,0,0,0,0,0,0,2
Digital Realty (Management Company) Limited,0,1,0,0,0,0,0,0,0,0,0,1,2
Clontarf Cricket Club,0,0,2,0,0,0,0,0,0,0,0,0,2
The Alzheimer Society of Ireland,1,0,0,0,0,0,0,1,0,0,0,0,2
SSRL ONE LIMITED,0,0,0,0,0,0,0,0,0,0,1,1,2
SSSD Limited,2,0,0,0,0,0,0,0,0,0,0,0,2
Mahima Restaurant Limited,0,0,0,0,0,0,1,0,1,0,0,0,2
Diego Foods Limited,0,1,1,0,0,0,0,0,0,0,0,0,2
Cloud Valley Limited,0,0,0,1,0,1,0,0,0,0,0,0,2
Diamond Glass Limited,0,0,0,0,0,0,0,0,0,0,0,2,2
Clover Capital Limited,0,0,0,0,1,0,0,0,0,1,0,0,2
DHL Global Forwarding (Ireland) Limited,1,0,0,0,0,0,0,0,1,0,0,0,2
St Patrick's Mental Health Services,0,0,0,0,0,0,0,1,0,0,0,1,2
CLUM Limited,1,0,0,0,0,0,0,0,0,1,0,0,2
SSE Renewables Holdings Limited,0,0,0,0,0,0,0,0,0,0,2,0,2
Technology and Transformation (formally eHealth),0,1,0,0,0,0,0,1,0,0,0,0,2
Technological University of the Shannon: Midlands Midwest,0,0,0,0,0,0,0,0,1,1,0,0,2
MACKEYS COMMERCIALS LTD,0,0,0,0,0,0,0,0,1,1,0,0,2
Deepgill Spices Limited,0,0,0,0,0,0,0,0,0,0,2,0,2
Compliance and Risks Ltd,0,0,2,0,0,0,0,0,0,0,0,0,2
Mace Consultancy (Ireland) Limited,0,0,0,0,0,0,0,1,0,1,0,0,2
Long Mile Motors Limited,0,0,2,0,0,0,0,0,0,0,0,0,2
TCFG Naas Ltd,0,1,0,0,0,0,0,0,0,0,0,1,2
Long Real Estate Ltd,1,0,0,0,0,0,0,0,0,0,0,1,2
Debcon Construction Ltd,0,0,2,0,0,0,0,0,0,0,0,0,2
Conack Construction unlimited,1,0,0,0,0,0,0,0,0,0,1,0,2
Stitch N Print Limited,0,0,0,0,0,0,0,1,0,0,1,0,2
Colas Bitumen Emulsions (East) Limited,1,0,0,0,0,0,0,0,0,0,1,0,2
STM Paving Limited,0,0,1,0,0,0,0,0,0,0,0,1,2
Long Yue Limited,0,2,0,0,0,0,0,0,0,0,0,0,2
Taxability Limited,0,0,0,0,2,0,0,0,0,0,0,0,2
O'Connor Sutton Cronin & Associates (M+E) Limited,0,1,0,0,0,0,0,0,0,0,0,1,2
O'Connor Retail Investment Limited,0,1,0,0,0,0,0,0,0,0,0,1,2
Tawaqqul Enterprises Limited,0,1,0,0,0,0,0,1,0,0,0,0,2
DBH Investments LTD,0,0,1,1,0,0,0,0,0,0,0,0,2
Concentrix Srev Europe Limited,0,0,1,0,0,0,0,0,0,0,0,1,2
Conlon Forklift & Commercial Limited,1,0,0,0,0,0,0,0,0,0,1,0,2
Tata Elxsi Limited,0,0,0,0,0,0,0,0,1,0,1,0,2
Connaught Door Centre Limited,0,0,0,0,0,0,1,0,0,1,0,0,2
Tastemaster Solutions LTD (Smash it),0,0,0,0,0,0,1,0,0,0,1,0,2
Dawn Farm Foods,0,0,0,0,0,0,0,0,1,0,1,0,2
Conaghan Evergreen Bloodstock Limited,1,1,0,0,0,0,0,0,0,0,0,0,2
Madame Pho Ie Limited,0,0,0,0,0,1,1,0,0,0,0,0,2
Macs Venture Ireland,1,1,0,0,0,0,0,0,0,0,0,0,2
Dennings Cars Limited,0,0,0,0,0,0,1,1,0,0,0,0,2
COLEHILL FRUIT LIMITED,0,0,1,0,0,0,0,0,0,1,0,0,2
Dennany Reidy Associates Ltd.,1,0,0,0,0,0,0,0,0,0,0,1,2
LMR Restaurant (Dublin) Limited,1,0,1,0,0,0,0,0,0,0,0,0,2
Colin Tobin Enterprises Limited,0,0,0,0,0,0,0,1,0,0,1,0,2
College Green Hotel Limited,0,0,1,0,0,0,0,0,1,0,0,0,2
"Office of the Director of Authorised Intervention, Tuam (ODAIT)",0,0,0,0,0,0,0,0,0,0,0,2,2
Telnyx Ireland Limited,1,0,0,0,0,0,1,0,0,0,0,0,2
Collins Boyd Engineering Ltd,0,0,1,0,0,1,0,0,0,0,0,0,2
Stateline Transport Limited,0,1,0,0,0,0,0,0,1,0,0,0,2
Techrete Ireland Limited,2,0,0,0,0,0,0,0,0,0,0,0,2
Local Garage Ltd,0,0,0,0,0,0,0,0,0,2,0,0,2
Telfer Limited,0,0,0,0,0,0,0,0,0,1,1,0,2
Demeter Ventures Limited,0,0,0,0,2,0,0,0,0,0,0,0,2
Local Homecare Service LTD,0,0,0,0,0,0,0,0,0,2,0,0,2
Locav Ventures Limited,0,0,2,0,0,0,0,0,0,0,0,0,2
Tekpak Automation Ltd,0,1,0,0,0,0,0,0,0,0,1,0,2
Colville Bloodstock Limited,0,0,0,0,0,0,0,0,0,0,2,0,2
MacNi Limited,0,0,0,0,0,0,0,0,0,0,0,2,2
Comgra Limited,1,0,1,0,0,0,0,0,0,0,0,0,2
Lolamer Ltd.,0,0,1,0,0,0,0,0,0,0,0,1,2
Commercial and Facilities Security Ltd,0,1,1,0,0,0,0,0,0,0,0,0,2
Delish Pizza Limited,1,0,0,0,0,0,0,1,0,0,0,0,2
Deli Boutique Limited,0,1,0,1,0,0,0,0,0,0,0,0,2
Collins Transport Rathcoole Limited,0,0,0,0,0,0,0,1,1,0,0,0,2
Tower Solutions Tullamore Ltd,0,0,1,0,0,0,0,0,0,1,0,0,2
Bunclody Engineering Company Limited,0,0,0,0,0,1,0,1,0,0,0,0,2
McCarthy Commercials Ltd,0,0,0,0,1,0,0,0,0,0,0,1,2
Everyangle Ltd.,0,1,0,1,0,0,0,0,0,0,0,0,2
Total Precision Limited,0,0,1,0,1,0,0,0,0,0,0,0,2
Bunzl Ireland Limited,0,0,0,0,1,0,0,0,0,0,0,1,2
Shannon Transport & Warehousing Company Unlimited Company,1,0,0,0,0,0,0,0,0,0,0,1,2
Burgerchick (Limerick) Limited,0,0,0,0,0,0,0,0,2,0,0,0,2
Everfresh Veg Ltd,0,1,0,0,0,0,0,1,0,0,0,0,2
Bushmount Nursing Home Limited,1,0,0,0,0,0,0,0,0,1,0,0,2
Evercube Ltd,1,0,0,0,1,0,0,0,0,0,0,0,2
Mayo County Council,0,0,0,0,0,0,1,0,0,0,0,1,2
Busyfeet & Co Co Limited,0,0,0,0,2,0,0,0,0,0,0,0,2
Shanoon Resources Limited,0,0,0,0,0,0,0,0,0,2,0,0,2
McCambridge Unlimited Company,2,0,0,0,0,0,0,0,0,0,0,0,2
Kyodai Izakaya Limited,0,0,2,0,0,0,0,0,0,0,0,0,2
Shanwari Catering Limited,0,1,0,1,0,0,0,0,0,0,0,0,2
Torbuild Limited,0,0,0,0,0,0,0,1,1,0,0,0,2
Top Range Catering Limited,0,0,0,0,0,1,0,0,0,0,0,1,2
McAuliffe Trucking Limited,1,0,0,0,0,1,0,0,0,0,0,0,2
Tomval Holdings Limited,1,0,0,0,0,0,0,0,0,1,0,0,2
Eurofins Scientific (Ireland) Limited,0,0,0,0,0,0,0,0,1,1,0,0,2
L Behan Aggregates and Recycling Limited,0,0,0,2,0,0,0,0,0,0,0,0,2
Shannore Ltd,0,0,0,0,0,1,1,0,0,0,0,0,2
Transitions Optical Ltd,1,0,0,0,0,0,0,0,0,0,0,1,2
Brothers of Charity Services Ireland,0,0,0,0,0,0,1,0,0,0,0,1,2
Shady Al Zein Aqqad,0,0,0,0,0,0,0,0,0,2,0,0,2
Fairkeep Limited,0,0,0,0,0,0,0,0,1,0,1,0,2
Newcourt Retirement Fund Managers Ltd,0,0,0,0,0,1,0,0,0,1,0,0,2
Fairco Limited,0,0,0,0,0,0,1,0,0,0,1,0,2
Fahamore Inns Ltd,0,1,0,0,0,0,1,0,0,0,0,0,2
Fabrioli Limited,2,0,0,0,0,0,0,0,0,0,0,0,2
Fabricio Schneider Dias,1,0,0,0,0,0,0,0,1,0,0,0,2
Browne Asset Solutions Ltd,0,1,1,0,0,0,0,0,0,0,0,0,2
Oseng Ltd,0,0,0,0,0,0,1,0,1,0,0,0,2
Bull and Beak Limited,0,0,1,0,0,0,0,0,1,0,0,0,2
F.S.C. Engineering Limited,1,0,0,0,0,0,0,0,0,1,0,0,2
Brunell Ladies Basketball Club Company Limited by Guarantee,0,1,0,0,0,0,0,0,0,1,0,0,2
F & M Hurley Plant Hire (Schull) Limited,1,0,0,0,0,0,0,0,1,0,0,0,2
Ezetop Unlimited t/a Ding,1,0,0,0,0,0,0,1,0,0,0,0,2
KSN Project Management Limited,0,0,0,0,0,0,0,0,0,0,1,1,2
Extreme Event Ireland Limited,0,0,0,0,0,1,0,0,0,1,0,0,2
Tracsis Traffic Data Ltd,0,0,1,0,1,0,0,0,0,0,0,0,2
BSS Subcontractors Limited,0,0,1,0,0,0,0,0,0,0,1,0,2
Shane Smyth Decorators Ltd,1,0,0,0,0,0,0,0,0,1,0,0,2
Buddha Lounge & Restaurant Ltd,0,0,1,0,0,0,0,0,0,0,1,0,2
Buffalo Brands Limited,0,1,0,0,0,0,0,0,0,0,1,0,2
Townlink Construction,0,1,0,0,0,0,0,1,0,0,0,0,2
Oscar Painters,0,0,0,0,0,0,0,0,0,2,0,0,2
Erne Concrete Pumping (Ireland) Limited,0,0,0,0,0,0,0,1,1,0,0,0,2
"O'Reilly, Stuart & Associates Limited",1,1,0,0,0,0,0,0,0,0,0,0,2
Mc Carthy Keville O'Sullivan,0,0,0,0,0,0,1,0,0,0,1,0,2
Shi Yun Wang Limited,0,1,0,0,0,0,0,0,1,0,0,0,2
ShinAwiL Limited,0,0,0,0,0,0,0,0,0,1,1,0,2
Calgary Trading Company Limited,0,0,0,0,0,0,0,2,0,0,0,0,2
Ergoservices Limited,0,0,0,0,0,0,0,0,1,0,1,0,2
Ergin Cakir,0,0,0,0,1,0,0,1,0,0,0,0,2
Camas Park Stud,0,0,0,0,1,0,0,1,0,0,0,0,2
ERAC Ireland Limited,0,0,0,0,0,0,1,0,0,0,0,1,2
Equipment Company Of Ireland Limited,0,0,0,0,0,0,0,0,0,0,2,0,2
Eurofins Environment Testing Limited,1,1,0,0,0,0,0,0,0,0,0,0,2
EquiLend Limited,1,0,0,0,0,0,0,0,0,0,0,1,2
Mbks Distribution Limited,0,0,0,0,0,1,0,1,0,0,0,0,2
Shining Star Investment LTD,0,0,0,0,1,1,0,0,0,0,0,0,2
Shipley International Loughnavalley Ltd,1,0,0,0,1,0,0,0,0,0,0,0,2
Labquip (Ireland) Limited,0,0,1,0,0,0,0,1,0,0,0,0,2
Ladgrove Stores Limited,0,0,0,0,0,0,0,0,2,0,0,0,2
Ladoce Limited,0,0,0,0,1,0,1,0,0,0,0,0,2
EOS IT Management Solutions Limited,0,0,0,0,0,0,0,1,0,0,0,1,2
Shri Sai Food Limited,0,0,1,0,0,0,0,1,0,0,0,0,2
Canada Life Group Services Ltd,1,0,0,0,0,0,0,0,0,1,0,0,2
Environmental Qudra Limited t/a Meehan Green,0,0,0,0,0,0,0,0,0,2,0,0,2
Enviro Grind Ltd,0,0,0,0,0,0,0,0,0,0,2,0,2
Equinix (Ireland) Limited,1,0,0,1,0,0,0,0,0,0,0,0,2
"Mc Nulty Contracts (Sn) Limited,",0,0,0,0,2,0,0,0,0,0,0,0,2
L Lynch & Co Ltd,1,0,0,0,0,0,0,0,0,0,1,0,2
L Z Caters Limited,0,0,0,0,0,0,0,0,0,0,2,0,2
Oriflame Research & Development Ltd,0,0,1,1,0,0,0,0,0,0,0,0,2
Eurasia Express Ireland Distribution Ltd,0,0,0,0,0,0,0,0,1,0,1,0,2
Euram Air Leases (Ireland) Ltd,0,0,0,0,0,0,1,0,1,0,0,0,2
Cabinteely Senior Football Club Limited,0,0,0,0,0,0,0,0,0,0,0,2,2
Mc Grath Heavy Transport Limited,0,0,0,0,1,0,0,0,0,0,1,0,2
Etsy Ireland Unlimited Company,0,0,0,0,0,0,0,0,0,1,1,0,2
Sheelin Nursing Home Ltd,2,0,0,0,0,0,0,0,0,0,0,0,2
Sheephaven Investments Limited,1,0,1,0,0,0,0,0,0,0,0,0,2
Caint Speech Therapy Lts,0,0,0,0,0,1,0,0,0,0,1,0,2
NewsWhip Media Limited,0,0,1,0,0,1,0,0,0,0,0,0,2
Oriental Wellbeing Foods Limited,1,1,0,0,0,0,0,0,0,0,0,0,2
E-SOLUTIONS SYSTECH (IRELAND) LIMITED,0,0,0,0,0,0,0,0,0,1,1,0,2
Oriental Prosperity Limited,0,1,0,0,1,0,0,0,0,0,0,0,2
Esmark Finch Limited,0,0,0,0,1,0,0,0,0,0,1,0,2
Esker Property Holdings Ltd,0,0,0,0,1,0,0,0,0,1,0,0,2
Tom Moloney,0,0,0,0,0,0,0,0,1,0,0,1,2
L’Arche Ireland,2,0,0,0,0,0,0,0,0,0,0,0,2
La Boulangere Limited,0,0,0,0,0,0,0,1,0,0,1,0,2
Caharclough Tarmacadam Limited,1,1,0,0,0,0,0,0,0,0,0,0,2
Cahereen Residential Care Limited,0,1,0,0,0,1,0,0,0,0,0,0,2
TOL Teoranta,1,0,1,0,0,0,0,0,0,0,0,0,2
Cadtec Europe Ltd,1,0,1,0,0,0,0,0,0,0,0,0,2
Séamus Wims Cows Limited,0,0,0,0,0,0,0,1,0,0,0,1,2
Knockainey Transport Ltd,1,0,0,0,0,0,0,0,0,1,0,0,2
Fitzgeralds Accountants Limited,0,0,1,0,0,0,0,1,0,0,0,0,2
Knockavanna Dairies,0,0,0,0,0,0,0,0,0,0,0,2,2
McSweeney Bros. Quarries Ltd,0,0,0,0,0,0,0,2,0,0,0,0,2
BOMEK Construction Limited,0,0,0,0,0,0,0,0,0,0,0,2,2
Fisher Investments Ireland Limited,0,0,0,2,0,0,0,0,0,0,0,0,2
Boots Retail (Ireland) Limited,0,0,0,0,1,0,1,0,0,0,0,0,2
Borinot Limited,0,1,0,0,0,0,1,0,0,0,0,0,2
Borris Pedigree Pigs Ltd,0,0,0,0,0,0,0,0,0,2,0,0,2
Botanic Food Company Limited,0,0,0,0,0,0,0,0,2,0,0,0,2
Falls Hotel LTD,0,0,0,0,0,2,0,0,0,0,0,0,2
Bouwerie Limited,1,0,0,0,0,0,0,0,0,0,0,1,2
McMonagle Fireplaces Ltd,2,0,0,0,0,0,0,0,0,0,0,0,2
First Lane Restaurants Ltd,0,0,0,0,0,0,0,0,0,0,1,1,2
First Derivative (Ireland) Limited,2,0,0,0,0,0,0,0,0,0,0,0,2
Trulioo (Ireland) Limited,1,0,0,0,0,1,0,0,0,0,0,0,2
True Care Ltd.,0,0,0,0,0,0,0,0,0,0,1,1,2
New Relic International Limited,0,0,0,0,0,0,0,0,0,1,0,1,2
TRM Logistics Ltd,0,0,0,0,2,0,0,0,0,0,0,0,2
Brackhill Holdings Limited,1,1,0,0,0,0,0,0,0,0,0,0,2
Knollway Limited,0,1,1,0,0,0,0,0,0,0,0,0,2
Seclusion Properties Limited,1,0,0,0,0,0,0,0,1,0,0,0,2
New Ross Community Hospital CLG,0,0,0,0,0,0,0,0,1,1,0,0,2
McMorrow Renewables Ltd,0,0,0,0,0,0,1,1,0,0,0,0,2
Syed Amran Hosen,0,0,1,0,0,0,0,0,0,0,1,0,2
Tusker Steelworks Limited,1,0,0,0,0,0,1,0,0,0,0,0,2
BMC Medical Services Ltd.,1,0,0,0,1,0,0,0,0,0,0,0,2
Meadowbell Ltd,0,0,0,0,1,0,0,0,0,0,1,0,2
Overstock Ireland Limited,1,0,0,0,0,0,1,0,0,0,0,0,2
Overhead Door Company of Ireland Ltd,1,1,0,0,0,0,0,0,0,0,0,0,2
Flipdish Ltd,1,0,0,1,0,0,0,0,0,0,0,0,2
Tus Nua Therapy Center and Mobile Services Limited,0,0,0,0,0,2,0,0,0,0,0,0,2
Flexiteam Limited,0,0,1,1,0,0,0,0,0,0,0,0,2
SDR Restaurants Limited,0,0,0,0,0,0,0,2,0,0,0,0,2
BOC Gases Ireland Ltd,1,0,1,0,0,0,0,0,0,0,0,0,2
Outlet Wholefood Company Limited,0,0,0,0,0,0,0,0,0,0,1,1,2
OuXin Advisory Limited,0,0,0,2,0,0,0,0,0,0,0,0,2
Fleet Street Events Limited,1,0,0,0,0,0,0,1,0,0,0,0,2
Bocomm Aviation Leasing Ireland Company Limited,0,1,1,0,0,0,0,0,0,0,0,0,2
Turgan Limited,0,0,0,0,0,0,0,1,1,0,0,0,2
Bodytonic Music Limited,0,2,0,0,0,0,0,0,0,0,0,0,2
K-NAILS CAPEL LIMITED,0,0,0,0,0,1,0,0,0,0,1,0,2
Bohernabreena Gearbox Centre Ltd.,0,0,0,0,0,0,0,1,0,0,1,0,2
K-Nails Wicklow Limited,0,1,1,0,0,0,0,0,0,0,0,0,2
Turas Mobility Services Limited,0,0,1,0,0,0,0,0,0,1,0,0,2
New Lucky Star Kingsland Limited,0,0,0,0,2,0,0,0,0,0,0,0,2
Knigh Farm Ltd,0,0,0,0,0,0,0,0,1,0,0,1,2
Fitzpatricks Garage Ltd,0,0,0,1,1,0,0,0,0,0,0,0,2
Flemingstown Dairies Limited,0,0,0,0,0,0,0,1,1,0,0,0,2
Trifol Resources Limited,0,0,0,0,0,0,0,0,0,0,2,0,2
Sensational Kids CLG,0,0,0,0,0,0,0,0,1,1,0,0,2
Breffni Insulations Limited,0,0,0,0,0,0,0,0,0,1,1,0,2
SensL Technologies Ltd,0,0,0,0,0,0,0,0,0,0,1,1,2
Fenton Hospitality Ltd,0,0,0,0,0,0,0,0,0,2,0,0,2
McHugh Tractors Ltd,0,0,1,1,0,0,0,0,0,0,0,0,2
Brendan Lowe & Sons,0,0,0,0,0,0,0,0,0,0,1,1,2
KP Crown Dental Limited,0,0,0,0,0,0,0,1,1,0,0,0,2
O'Sullivan Rock Breaking Limited,0,0,0,0,0,0,0,0,1,1,0,0,2
Fenergo Limited,0,1,0,0,0,0,0,0,0,1,0,0,2
TRI Productions DAC,0,0,0,0,0,0,0,0,0,1,1,0,2
KOK KIT CHENG,0,0,1,1,0,0,0,0,0,0,0,0,2
Trend Micro EMEA Ltd,0,0,0,0,0,0,0,0,2,0,0,0,2
Treaty United Limited,0,2,0,0,0,0,0,0,0,0,0,0,2
SES Smart Energy Systems Ltd.,1,0,0,0,0,0,0,0,1,0,0,0,2
Fatted Calf Limited,0,2,0,0,0,0,0,0,0,0,0,0,2
Setanta Vehicle Importers Ltd,0,0,0,0,0,0,0,0,1,0,0,1,2
Bristol & Fermoy Investments Ltd/ Isaac's Restaurant,0,0,0,0,0,0,0,1,0,1,0,0,2
Setanta Vehicle Sales South Ltd,0,0,0,0,0,0,0,1,0,1,0,0,2
Brondsway Ltd,0,1,1,0,0,0,0,0,0,0,0,0,2
SGS Ireland Limited,0,0,0,0,0,0,0,1,0,0,0,1,2
Brosna Educational Centres CLG,0,1,1,0,0,0,0,0,0,0,0,0,2
Famous Inn Takeaway Limited,0,0,0,0,0,0,0,0,0,2,0,0,2
Famished Limited trading as The Goode Life Food Company,0,0,0,0,0,0,0,0,0,0,2,0,2
Brewdog Ireland Limited,0,0,0,0,0,0,0,0,0,1,0,1,2
Secto Services Limited,0,0,0,0,0,0,0,2,0,0,0,0,2
Brady Shipman Martin,1,0,0,0,0,0,0,0,1,0,0,0,2
Fingleton White & Co Ltd,0,1,0,0,0,0,0,0,0,0,1,0,2
Konfloor IRL Limited,0,0,0,1,1,0,0,0,0,0,0,0,2
Trinseo Services Ireland Limited,1,1,0,0,0,0,0,0,0,0,0,0,2
SEDA (Skills and Enterprise Development Academy) Ltd,0,0,0,0,0,0,0,0,0,0,0,2,2
Fine Living Limited,0,0,0,0,0,0,0,0,0,0,2,0,2
Findlater Hotel Ltd,0,1,1,0,0,0,0,0,0,0,0,0,2
Finastra International Limited,1,0,0,0,0,0,0,0,0,0,0,1,2
Financial Risk Solutions Limited,0,0,0,0,0,1,1,0,0,0,0,0,2
Sedgwick Outsource Services Ireland Limited,1,1,0,0,0,0,0,0,0,0,0,0,2
Sempiternal Aesthetics Ltd,0,1,0,0,0,0,1,0,0,0,0,0,2
Ottobock Limited,1,0,0,0,0,0,0,0,0,0,0,1,2
Kooba Internet Solutions Ltd.,1,0,0,0,1,0,0,0,0,0,0,0,2
Brasileirinho Limited,0,0,0,0,0,0,0,0,0,0,0,2,2
Brass Fox Wicklow Limited,0,0,0,0,0,0,0,0,1,0,0,1,2
Fideuram Asset Management (Ireland) DAC,1,0,0,0,0,0,0,1,0,0,0,0,2
Brazilian Coffee House Limited,0,0,0,0,0,0,0,1,0,0,1,0,2
Kopitiam Limited,0,2,0,0,0,0,0,0,0,0,0,0,2
Fiann Tech Limited,0,0,0,0,2,0,0,0,0,0,0,0,2
Koryu limited,0,0,0,0,0,0,0,1,0,0,1,0,2
Brazilian Dance Limited,1,0,0,0,0,0,0,0,0,1,0,0,2
Breedon Cement Ireland Ltd,0,0,0,0,0,0,2,0,0,0,0,0,2
Festina Lente Enterprises CLG,0,0,0,2,0,0,0,0,0,0,0,0,2
Seed Mentors (Ireland) Limited,1,0,0,1,0,0,0,0,0,0,0,0,2
SIEC Group Ltd,0,1,1,0,0,0,0,0,0,0,0,0,2
Elder Nursing Homes Ltd,1,0,1,0,0,0,0,0,0,0,0,0,2
Elder Nursing Homes Charleville Ltd,0,0,0,0,1,0,0,0,1,0,0,0,2
Silver Stream Health Care Limited,0,0,1,0,0,0,0,0,1,0,0,0,2
Nextpath Limited,2,0,0,0,0,0,0,0,0,0,0,0,2
Elizabeth Lyons,0,0,0,0,0,1,0,0,0,0,1,0,2
Elm Park Golf and Sports Club,0,1,0,0,0,0,0,0,0,0,0,1,2
Carrowmill Bloodstock Ltd,0,0,0,0,0,0,0,0,0,0,2,0,2
Tir Na Nog Fishing Limited,0,0,0,0,0,0,0,0,2,0,0,0,2
Elephants Don't Forget Limited,1,1,0,0,0,0,0,0,0,0,0,0,2
Carlos & Jun Co. Limited,1,0,0,0,0,0,0,0,1,0,0,0,2
Siam Asian Bistro Limited,2,0,0,0,0,0,0,0,0,0,0,0,2
Thompsons R&B Limited,0,0,1,0,0,0,0,0,1,0,0,0,2
Sigma Homes Ltd,0,0,0,0,0,0,1,0,0,0,0,1,2
Sienna Star Limited,1,1,0,0,0,0,0,0,0,0,0,0,2
Cargotec Engineering Ireland Limited,1,0,0,0,0,0,0,0,1,0,0,0,2
Land Capital Gold Limited,0,0,0,0,0,0,2,0,0,0,0,0,2
Siemens lndustry Software Limited,0,0,0,1,0,0,0,0,0,0,0,1,2
Elite Quality Meats Limited,1,0,0,0,0,0,0,0,0,0,0,1,2
Thompson Project Management Limited,1,0,1,0,0,0,0,0,0,0,0,0,2
Siam Thai Restaurant,2,0,0,0,0,0,0,0,0,0,0,0,2
Carolan Catering Ltd,2,0,0,0,0,0,0,0,0,0,0,0,2
Carysfort Inns Limited,1,1,0,0,0,0,0,0,0,0,0,0,2
Orange SRBJ Limited,1,0,0,0,1,0,0,0,0,0,0,0,2
Tico Mail Works Limited,0,0,0,0,0,0,0,0,0,1,1,0,2
Ennis Ironworks Ltd,0,0,0,0,0,0,1,1,0,0,0,0,2
Tinnypark Residential Care Limited,0,0,1,1,0,0,0,0,0,0,0,0,2
Signature Orthopaedics Europe Ltd,0,0,0,0,0,0,0,0,0,0,1,1,2
Max Wellbeing Limited,0,0,1,0,0,0,0,0,0,0,0,1,2
Carol O'Leary,1,0,0,0,0,0,0,1,0,0,0,0,2
Elm Fireplaces Ltd,0,0,0,0,0,1,0,0,0,0,0,1,2
Shutterstock Ireland Limited,0,0,0,0,1,0,0,0,0,0,1,0,2
Capital Care Dun Laoghaire Limited,0,0,0,1,1,0,0,0,0,0,0,0,2
Caragh Tool & Die Ltd,0,0,0,0,2,0,0,0,0,0,0,0,2
Simply Dynamics Limited,0,0,1,0,0,0,0,1,0,0,0,0,2
Carlow Emergency Doctors On Call CLG,2,0,0,0,0,0,0,0,0,0,0,0,2
Tiger Time Limited,0,0,0,0,0,0,0,0,0,0,2,0,2
Empire Events and DJ’S Limited,0,0,0,0,0,0,0,0,1,1,0,0,2
Caredoc Healthcare Limited,0,0,0,0,0,0,0,0,0,0,0,2,2
Niall Keely  Associates Limited,1,0,1,0,0,0,0,0,0,0,0,0,2
EKW Professional Limited,0,1,1,0,0,0,0,0,0,0,0,0,2
Laguna Nurseries Ltd,0,0,0,0,0,0,0,2,0,0,0,0,2
Tianhe Jack Limited,0,0,1,0,0,0,0,0,0,0,1,0,2
Carrigdhoun Tasty Foods Ltd,0,0,0,0,2,0,0,0,0,0,0,0,2
Siemens Healthcare Medical Solutions Limited,0,0,0,0,1,0,0,0,1,0,0,0,2
Niche Interiors Living Limited,0,0,1,1,0,0,0,0,0,0,0,0,2
Carne Global Fund Managers (Ireland) Limited,1,0,0,0,0,0,0,1,0,0,0,0,2
Tianhong Catering Limited,0,0,0,0,0,1,0,0,0,1,0,0,2
Oracle EMEA Limited,0,2,0,0,0,0,0,0,0,0,0,0,2
Shuangwang Food Limited,0,0,0,0,0,0,2,0,0,0,0,0,2
Cash Analytics Limited,0,0,0,0,0,1,0,0,0,1,0,0,2
EKO Integrated Services Limited,0,0,0,1,0,0,0,0,0,0,1,0,2
Carl Turner,2,0,0,0,0,0,0,0,0,0,0,0,2
Maybin Support Services (Ireland) Limited,1,1,0,0,0,0,0,0,0,0,0,0,2
Care Supply Limited,0,0,0,0,0,0,0,0,0,0,0,2,2
Shujiuxiang Ltd,0,0,0,0,0,0,0,0,1,1,0,0,2
Lambstongue Ltd,0,0,0,0,0,0,2,0,0,0,0,0,2
Maynooth University,0,1,0,0,0,0,0,0,0,1,0,0,2
Nicholastown Stud Limited,0,0,0,0,0,0,0,0,0,2,0,0,2
Cashels Engineering Ltd,0,0,0,0,0,0,0,0,0,1,0,1,2
Mateus Viana,0,0,0,1,0,0,0,0,0,0,0,1,2
Fly By Nite Europe Limited,0,0,0,1,0,1,0,0,0,0,0,0,2
Emerton View Limited,0,0,0,0,0,0,0,2,0,0,0,0,2
Landalper Limited,1,0,0,0,0,0,0,0,0,0,1,0,2
Three J's Taverns Limited,0,1,0,0,0,0,0,0,0,0,0,1,2
Silork Limited,0,0,0,0,1,1,0,0,0,0,0,0,2
Cashel Care Limited,0,0,0,0,0,0,0,0,1,1,0,0,2
TIANGS FOOD LTD,0,0,2,0,0,0,0,0,0,0,0,0,2
Niche Hotels Unlimited Company,0,1,0,0,0,0,0,0,0,0,0,0,1
PF Wholesale Limited,0,0,0,0,0,0,0,0,0,0,0,1,1
Nursecure Limited,1,0,0,0,0,0,0,0,0,0,0,0,1
Otean Restaurant & Takeaway Limited,0,0,0,0,0,0,0,1,0,0,0,0,1
Na Woods Property Services Limited,0,0,0,0,0,0,0,0,1,0,0,0,1
Orcases Consultancy Services,0,0,0,0,0,0,0,0,1,0,0,0,1
P&L Carpentry Limited,0,0,0,0,0,1,0,0,0,0,0,0,1
Oceanpath Limited,0,0,0,0,0,0,0,0,0,0,0,1,1
P Mac Limited,0,0,1,0,0,0,0,0,0,0,0,0,1
Ocean Inn Chinese Takeaway Limited,0,1,0,0,0,0,0,0,0,0,0,0,1
OpenJaw Technologies Limited,0,0,0,0,0,0,0,1,0,0,0,0,1
P McCloskey and Sons,0,0,0,0,0,0,0,0,0,0,0,1,1
Ocean Poultry Limited,0,0,0,0,0,0,0,0,0,0,0,1,1
Pfizer Manufacturing Ireland Unlimited Company,0,0,1,0,0,0,0,0,0,0,0,0,1
Nurul Huda Palash,0,0,1,0,0,0,0,0,0,0,0,0,1
ORBCOMM Limited,0,0,0,0,0,0,0,0,0,0,0,1,1
Nassfeld Ltd,0,0,0,0,0,0,1,0,0,0,0,0,1
Neueda Technologies Ireland Limited,0,1,0,0,0,0,0,0,0,0,0,0,1
Pfizer Healthcare Ireland,0,0,1,0,0,0,0,0,0,0,0,0,1
Openet Telecom Sales Limited,0,0,0,0,0,0,1,0,0,0,0,0,1
Orbis Workshop Limited,0,0,0,0,0,1,0,0,0,0,0,0,1
Nurture Early Learning Company Limited,0,0,0,0,0,0,0,0,1,0,0,0,1
Nish Transport Limited,0,0,0,0,0,0,0,0,1,0,0,0,1
Open Field Design Ltd.,0,0,1,0,0,0,0,0,0,0,0,0,1
Patrick Fahy,0,0,0,0,0,0,1,0,0,0,0,0,1
Open Dialogue Limited,0,0,0,0,0,0,0,0,0,1,0,0,1
NetumIT Limited,0,1,0,0,0,0,0,0,0,0,0,0,1
Orbital Welding Solutions,0,0,0,0,0,0,0,1,0,0,0,0,1
OTHS Consultants Limited,0,0,0,0,0,0,0,0,0,1,0,0,1
P&H Waldron Ltd,0,0,0,0,0,0,0,0,0,0,1,0,1
Neoen Renewables Ireland,0,0,0,0,0,0,0,0,0,1,0,0,1
Nubrazka Sahyly Aguiar Mendez,0,0,0,0,1,0,0,0,0,0,0,0,1
Nuálach Automation Limited,0,0,0,0,0,0,0,0,0,1,0,0,1
NTT Data UK Limited,0,0,0,0,0,0,0,1,0,0,0,0,1
MSIM Fund Management (Ireland) Limited,0,0,0,1,0,0,0,0,0,0,0,0,1
Patrick Kinsella,0,1,0,0,0,0,0,0,0,0,0,0,1
New World Chinese Restaurant Takeaway Limited,1,0,0,0,0,0,0,0,0,0,0,0,1
OCS One Complete Solution Limited,1,0,0,0,0,0,0,0,0,0,0,0,1
Peter Mc Kiernan Construction & Engineering Ltd,0,0,0,0,0,0,0,0,0,0,0,1,1
Parkgate Lounge Limited,0,0,0,0,0,1,0,0,0,0,0,0,1
New York Global Consultant Limited,0,0,0,0,0,1,0,0,0,0,0,0,1
P.N.L Restaurants Limited,0,0,0,1,0,0,0,0,0,0,0,0,1
Net Ministries Of Ireland,0,0,0,0,0,0,0,0,0,0,0,1,1
Pab Retail Limited t/a Maxol,1,0,0,0,0,0,0,0,0,0,0,0,1
MSS Building Services Ltd.,0,0,0,0,0,0,0,0,0,0,0,1,1
Oomnitza Inc Ireland Limited,0,1,0,0,0,0,0,0,0,0,0,0,1
Peter Doyle,0,0,0,1,0,0,0,0,0,0,0,0,1
Newbridge Spares Limited,0,0,0,0,0,0,0,0,0,1,0,0,1
O'Sullivan Pharmacies and Beauticians (Corbally) Limited,0,0,0,0,0,0,1,0,0,0,0,0,1
NTR PLC,0,0,0,0,0,0,0,0,0,0,1,0,1
MTC Windows and Doors,0,1,0,0,0,0,0,0,0,0,0,0,1
OOFT Limited,0,0,0,1,0,0,0,0,0,0,0,0,1
Newcastle Service Station,1,0,0,0,0,0,0,0,0,0,0,0,1
N & E Farrell Precision Engineering Limited,0,0,0,0,0,1,0,0,0,0,0,0,1
O'Farrell Meats Ltd,0,1,0,0,0,0,0,0,0,0,0,0,1
PACO INTERIORS ROI LIMITED,0,0,0,0,1,0,0,0,0,0,0,0,1
National College of Ireland,0,0,0,0,0,0,0,0,0,1,0,0,1
Oceanus Fishing Ltd,1,0,0,0,0,0,0,0,0,0,0,0,1
Patrick Horgan,0,0,0,1,0,0,0,0,0,0,0,0,1
Petrogas Group Ltd,0,0,0,0,0,0,1,0,0,0,0,0,1
N.P.H. & T.A. Financial and Taxation Services Ltd,0,0,0,1,0,0,0,0,0,0,0,0,1
Petra Management Ltd,0,0,0,0,0,0,0,1,0,0,0,0,1
Petra Fast Foods Limited,0,0,0,0,0,0,0,0,0,0,1,0,1
N. Smith and Sons Ltd,1,0,0,0,0,0,0,0,0,0,0,0,1
Net Zero Bidco Limited,1,0,0,0,0,0,0,0,0,0,0,0,1
Otacsom Limited,1,0,0,0,0,0,0,0,0,0,0,0,1
Patrick Hughes,0,0,0,0,0,1,0,0,0,0,0,0,1
Nupita Ltd,0,0,0,0,0,0,0,0,0,0,0,1,1
Ocon Chemicals Ltd,0,0,0,0,0,0,0,0,1,0,0,0,1
O'Connell Street Inns Limited,0,1,0,0,0,0,0,0,0,0,0,0,1
MSF Ireland,0,0,0,0,0,0,0,1,0,0,0,0,1
NKH Maintenance Services Limited,0,0,1,0,0,0,0,0,0,0,0,0,1
Nupita Limited,0,0,0,0,0,0,0,0,1,0,0,0,1
Net Feasa Limited,0,0,0,0,0,0,0,0,0,0,1,0,1
NES Global Talent Limited,1,0,0,0,0,0,0,0,0,0,0,0,1
Neptune Basketball Club CLG,0,0,0,0,0,0,0,0,0,1,0,0,1
NEOID DISTRIBUTION INTERNATIONAL LIMITED,0,0,0,0,0,0,0,0,0,1,0,0,1
Peter Pan Creche (Drogheda) Limited,0,0,0,0,0,0,0,0,0,1,0,0,1
New Street Capital Limited,0,1,0,0,0,0,0,0,0,0,0,0,1
Nunan Farm Machinery Ltd,0,0,0,0,1,0,0,0,0,0,0,0,1
O'Sullivans Pharmacies & Beauticians (Sarsfield Street) Ltd,0,0,0,0,0,0,0,0,1,0,0,0,1
P.J. EDWARDS & COMPANY LIMITED,0,1,0,0,0,0,0,0,0,0,0,0,1
Nugent Safety Ltd T/A Nugent Workwear + Safety,0,0,0,0,0,0,0,0,0,0,0,1,1
Peter O'Brien & Sons (Landscaping) Ltd,0,0,0,0,0,0,0,1,0,0,0,0,1
Nathan Clarke,1,0,0,0,0,0,0,0,0,0,0,0,1
Oakwood Building Services Limited,0,0,0,0,0,0,0,1,0,0,0,0,1
New Century Engineering Limited,0,0,0,0,0,0,0,0,0,1,0,0,1
OZ Dental Limited,1,0,0,0,0,0,0,0,0,0,0,0,1
OZAIR LTD,0,0,0,0,0,0,0,1,0,0,0,0,1
MR THOMAS R MCCORMICK,0,0,0,0,0,0,0,0,0,0,1,0,1
P  A Fox Construction Limitd,1,0,0,0,0,0,0,0,0,0,0,0,1
O Brien Bros Transport Ltd,0,0,0,0,1,0,0,0,0,0,0,0,1
Pat Joe & Sean Cronin,0,0,0,0,0,0,0,0,1,0,0,0,1
Parsons Farm Limited,0,0,0,0,0,0,0,0,1,0,0,0,1
Mr Xie Brilliant Building Service Limited,1,0,0,0,0,0,0,0,0,0,0,0,1
Phoenix Entertainment City Ltd,0,0,0,0,1,0,0,0,0,0,0,0,1
Phoenix Cuisine and Restaurant Limited,1,0,0,0,0,0,0,0,0,0,0,0,1
nAperte DAC,0,0,0,0,0,0,0,0,0,1,0,0,1
PGL Contracts Limited,0,0,0,0,0,0,0,0,0,0,0,1,1
Parnell Street Pharmacy Limited,1,0,0,0,0,0,0,0,0,0,0,0,1
Oracle Sovereign Cloud Ireland Limited,0,0,0,0,0,0,0,0,0,1,0,0,1
Outside Garden Design LTD,0,0,0,0,0,0,0,0,1,0,0,0,1
Phoenix Cricket Club,0,0,0,1,0,0,0,0,0,0,0,0,1
New Look Bars Limited,0,0,0,0,0,0,0,0,0,0,1,0,1
New Age Auto Services Ltd,0,0,0,0,0,0,1,0,0,0,0,0,1
Orange House Chinese Takeaway Limited,0,0,1,0,0,0,0,0,0,0,0,0,1
Naoise Nahar Limited,0,0,1,0,0,0,0,0,0,0,0,0,1
NYL FOOD LIMITED,0,0,0,0,0,0,0,0,0,0,1,0,1
New Look Ltd,1,0,0,0,0,0,0,0,0,0,0,0,1
Outlier Games Limited,0,0,0,0,0,0,0,0,0,0,1,0,1
Philip Taaffe  Mullaghwillin Dairy Ltd,0,0,0,1,0,0,0,0,0,0,0,0,1
OBF Consultants Ltd,0,0,0,1,0,0,0,0,0,0,0,0,1
Philip King Electrical Limited,0,0,0,0,0,0,0,0,0,1,0,0,1
Mr Yoann Dulin,0,0,0,0,0,0,0,0,0,0,1,0,1
Mr John Paul Hogan,0,0,0,1,0,0,0,0,0,0,0,0,1
O’Herlihy Access Consultancy Limited,0,0,1,0,0,0,0,0,0,0,0,0,1
O’Connor Dairy Farms Unlimited Company,0,0,0,0,0,0,0,0,0,0,0,1,1
Pat Brennan Farm Ltd,0,0,0,0,0,0,1,0,0,0,0,0,1
Phone Campus Limited,0,0,0,0,0,0,0,1,0,0,0,0,1
OAK PROJECTS IRELAND LIMITED,0,0,0,0,0,0,0,0,0,1,0,0,1
OVVO Limited,0,0,0,0,0,0,0,0,0,0,0,1,1
Mr Kenneth Kitterick,0,0,0,1,0,0,0,0,0,0,0,0,1
Mr Kenneth Pentony,0,0,0,0,0,0,0,0,0,0,0,1,1
Mr Michael Phelan,0,0,0,0,0,0,0,0,0,1,0,0,1
Oxmantown Catering Limited,0,0,1,0,0,0,0,0,0,0,0,0,1
Oracle Emea Ltd,0,0,0,0,0,0,0,1,0,0,0,0,1
Mr Pat Casey,0,0,0,0,0,0,0,0,1,0,0,0,1
New Jumbo Chinese Restaurant & Takeaway Limited,0,0,0,0,0,0,0,0,0,1,0,0,1
O`Reillys Print (ABBEY STREET) Limited,1,0,0,0,0,0,0,0,0,0,0,0,1
MR RITESH CANNOO,0,0,0,0,0,0,0,0,1,0,0,0,1
Oxtron Limited,0,0,0,0,0,0,0,0,0,0,1,0,1
Oakvale Agri Limited,0,0,1,0,0,0,0,0,0,0,0,0,1
O R Y Quality Foods Limited,0,0,0,0,0,1,0,0,0,0,0,0,1
New Golden House Restaurant Limited,0,0,1,0,0,0,0,0,0,0,0,0,1
O G Insulation Limited,0,0,0,0,0,0,0,0,0,1,0,0,1
New Great Wall Limited,0,0,0,0,1,0,0,0,0,0,0,0,1
Oxygen Research Institute Ltd,0,0,0,0,0,0,0,0,0,1,0,0,1
Oakview Hospitality Limited,0,0,0,0,0,0,0,0,0,0,1,0,1
OYSTER DIGITAL SOLUTIONS LIMITED,0,0,0,0,0,0,0,0,1,0,0,0,1
O' Flynn Motors (Mallow) Ltd,0,0,0,0,0,0,0,0,0,0,0,1,1
O Callaghan and Hyland Limited,0,0,0,0,0,0,0,0,0,0,1,0,1
Nimbus Choice Limited,0,0,1,0,0,0,0,0,0,0,0,0,1
Phoenix Stage School,0,0,0,0,0,0,0,0,0,1,0,0,1
Neuromod Devices Limited,0,0,0,1,0,0,0,0,0,0,0,0,1
O'Callaghan's Cafe and Delicatessen Ltd,0,0,0,0,0,0,0,0,0,1,0,0,1
Opsl Management Consultancy Limited,0,1,0,0,0,0,0,0,0,0,0,0,1
Nico & Joe Limited,0,0,0,0,0,0,0,0,1,0,0,0,1
Pathfinder Artist Development Limited,0,0,0,0,0,0,0,0,0,0,0,1,1
OpenSky Data Systems Ltd,0,0,1,0,0,0,0,0,0,0,0,0,1
P and E Europe Star Ltd,0,0,1,0,0,0,0,0,0,0,0,0,1
NASQD LTD,0,0,0,0,0,0,0,0,0,0,1,0,1
Patrick & William Delaney,0,0,0,0,0,0,0,1,0,0,0,0,1
Nineyards Ltd,0,0,0,0,0,0,1,0,0,0,0,0,1
PH Autocare Ltd,0,0,0,0,0,0,0,1,0,0,0,0,1
Neuravi Limited,0,0,0,0,0,0,0,0,0,0,0,1,1
Ph Agri Farms Ltd,0,0,0,0,0,0,0,0,0,1,0,0,1
New Abbey House Ltd,0,0,0,0,0,0,0,1,0,0,0,0,1
Ms Ximei Lin,1,0,0,0,0,0,0,0,0,0,0,0,1
ONYX Engineering Limited,0,0,0,0,0,1,0,0,0,0,0,0,1
Patrick A. Brady,0,0,0,1,0,0,0,0,0,0,0,0,1
Oulo Limited,0,1,0,0,0,0,0,0,0,0,0,0,1
Parlez Pronto Limited,1,0,0,0,0,0,0,0,0,0,0,0,1
P Lyons Construction Limited,1,0,0,0,0,0,0,0,0,0,0,0,1
MSC Mediterranean Shipping Company Limited,0,0,0,0,0,0,0,0,0,0,0,1,1
Nickyjallure T/A Number Sixty One,0,0,0,0,0,0,0,1,0,0,0,0,1
Parkwest Fire Protection,0,0,0,0,0,1,0,0,0,0,0,0,1
Ocean & General Maritime Agencies Ltd,0,0,0,0,0,0,0,0,0,1,0,0,1
Patrick Costello,0,0,0,0,0,0,0,0,1,0,0,0,1
PFP Fire Systems (Ireland) Ltd,1,0,0,0,0,0,0,0,0,0,0,0,1
Patrick Deasy Jnr,0,0,0,0,0,0,0,0,0,1,0,0,1
Ocean Catering and Hospitality Services Ltd,0,0,0,0,0,1,0,0,0,0,0,0,1
P Dermody Farm Ltd,0,0,0,0,0,0,1,0,0,0,0,0,1
OPTIMA Machinery Ireland Limited,0,0,0,0,0,0,0,0,0,0,0,1,1
Nine Dots Recruitment Limited,0,0,0,0,0,0,0,0,0,0,1,0,1
Mr. Derek Merrins,0,0,0,0,0,0,0,0,0,1,0,0,1
O'Brien Cement Limited,0,0,0,0,0,0,0,0,0,1,0,0,1
Optical Express Limited,1,0,0,0,0,0,0,0,0,0,0,0,1
Phibro Animal Health Limited,0,0,0,0,0,0,0,1,0,0,0,0,1
P & K Tansey Retail Limited,0,0,0,0,0,0,0,0,0,0,1,0,1
Nannetti's Restaurants Designated Activity Company,0,0,0,0,0,0,0,0,0,0,0,1,1
P & N O'Connor Limited,0,0,0,0,0,0,0,1,0,0,0,0,1
Mr. Vent Limited,0,0,0,0,0,0,0,0,0,0,0,1,1
O'Briens Wine,0,0,0,0,0,1,0,0,0,0,0,0,1
MRUI Ltd,0,0,0,0,0,0,0,0,0,0,1,0,1
Nardca Limited,0,0,0,0,0,0,0,0,0,0,1,0,1
O'Byrne Bloodstock Ltd,0,0,1,0,0,0,0,0,0,0,0,0,1
Parminder Kaur,0,0,0,0,0,0,0,0,0,1,0,0,1
Pat Smith Engineering Ltd.,0,0,0,0,0,0,0,1,0,0,0,0,1
Nuwave Sensor Technology Limited,0,0,0,0,1,0,0,0,0,0,0,0,1
MS HAFEEZ & CO LIMITED,0,0,0,0,0,0,0,0,0,0,1,0,1
Nightlife Hospitality Limited,0,1,0,0,0,0,0,0,0,0,0,0,1
Nahanna Farm Limited,1,0,0,0,0,0,0,0,0,0,0,0,1
Ms Nujaree Prasertsri,0,0,0,0,0,0,0,0,0,1,0,0,1
Nadeem Aslam Raja,0,0,0,0,0,0,0,0,0,0,1,0,1
Pharma Force Limited,0,1,0,0,0,0,0,0,0,0,0,0,1
Nutty Delights Limited,1,0,0,0,0,0,0,0,0,0,0,0,1
Optel Vision Limited,0,0,1,0,0,0,0,0,0,0,0,0,1
Nielsen Media Watch Ireland Limited,0,0,0,0,0,0,0,0,1,0,0,0,1
P & R Takeaway Limited,0,0,0,0,0,0,0,0,0,0,1,0,1
P & S Dairy Farm Ltd,0,0,0,0,0,0,0,0,1,0,0,0,1
NAB-IRE Ventures Limited,0,0,0,0,0,0,0,0,0,0,0,1,1
Nardi Foods Limited,0,0,0,0,0,0,0,0,0,0,1,0,1
Mulzol Ltd.,0,0,0,0,0,0,1,0,0,0,0,0,1
Oriental Cook-In Takeaway Limited,0,0,0,0,0,0,0,0,1,0,0,0,1
Munch Away Limited,0,1,0,0,0,0,0,0,0,0,0,0,1
Nexus Health Hub Limited,0,1,0,0,0,0,0,0,0,0,0,0,1
PBR Restaurants Limited,0,0,0,0,0,0,0,0,0,0,1,0,1
Payzaar Limited,0,0,0,0,0,0,0,0,1,0,0,0,1
Payward Europe Solutions Limited,0,0,0,0,0,1,0,0,0,0,0,0,1
Patrick Slattery,1,0,0,0,0,0,0,0,0,0,0,0,1
Newton Squared 90 Ltd,1,0,0,0,0,0,0,0,0,0,0,0,1
North Dublin Inner City Home Care & Home Help Services CLG,0,1,0,0,0,0,0,0,0,0,0,0,1
Munroe Kids Klub,0,0,0,0,0,0,0,0,1,0,0,0,1
Newtonheath Company Limited,0,0,0,0,0,0,0,0,0,0,0,1,1
O'Leary Tucker,0,0,0,0,0,0,0,0,0,1,0,0,1
One Identity Software International DAC,0,0,0,0,0,0,0,0,0,1,0,0,1
Paula Higino Hair and Beauty Limited,0,0,0,0,0,0,0,0,0,1,0,0,1
Nolciv Engineering,0,1,0,0,0,0,0,0,0,0,0,0,1
Paul Twomey,0,0,0,1,0,0,0,0,0,0,0,0,1
Oriel House Hotel Limited,0,0,0,0,0,0,1,0,0,0,0,0,1
Natural Royal Foods Limited,0,0,0,1,0,0,0,0,0,0,0,0,1
North County Cricket Club,0,0,1,0,0,0,0,0,0,0,0,0,1
Muthu Periyanan,0,1,0,0,0,0,0,0,0,0,0,0,1
Orenji Hausu Limited,0,0,0,0,0,0,0,0,0,0,1,0,1
National Parents Council – Primary,0,0,0,0,0,0,0,0,0,0,1,0,1
Munster Coach Hire Limited,0,0,0,0,0,0,1,0,0,0,0,0,1
Olema Property Holdings Limited,0,0,1,0,0,0,0,0,0,0,0,0,1
Muster Developments Limited,0,1,0,0,0,0,0,0,0,0,0,0,1
Natural Forces Renewable Energy Limited,0,1,0,0,0,0,0,0,0,0,0,0,1
Munster Branch IRFU,0,0,0,0,0,0,0,1,0,0,0,0,1
Peakpoint Engineering Limited,0,0,0,0,0,0,0,0,0,0,1,0,1
Old Carton Farms Ltd,0,0,0,0,0,1,0,0,0,0,0,0,1
Navio Ltd,0,0,0,0,0,0,1,0,0,0,0,0,1
Peake Dairy Services Limited,0,0,0,0,0,0,1,0,0,0,0,0,1
PEACEHAVEN TRUST CLG,0,0,0,0,0,0,0,0,0,0,0,1,1
Old Quarter Chartered Accountants Ltd.,0,0,0,0,0,0,0,1,0,0,0,0,1
Omji Limited,0,1,0,0,0,0,0,0,0,0,0,0,1
Mulranny Day Centre Housing CLG,1,0,0,0,0,0,0,0,0,0,0,0,1
Newstar Mobile Limited,0,0,0,0,0,0,0,0,0,0,1,0,1
Multi Packaging Solutions Limerick Ltd,0,0,0,0,0,0,0,0,0,0,0,1,1
Paradise Place Limited,0,0,0,1,0,0,0,0,0,0,0,0,1
NGINX International Limited,0,0,0,0,0,0,0,0,1,0,0,0,1
Noel Recruitment Ireland Ltd.,0,0,0,0,0,0,0,1,0,0,0,0,1
Pc Auto Repairs Limited,0,1,0,0,0,0,0,0,0,0,0,0,1
North East Electrical Ltd,1,0,0,0,0,0,0,0,0,0,0,0,1
Paradise Nails,0,0,0,0,0,0,1,0,0,0,0,0,1
Noevro Limited,0,0,0,0,0,0,0,0,1,0,0,0,1
Navan Rugby Football Club,0,0,0,0,0,0,1,0,0,0,0,0,1
Orchid House Ltd,0,0,0,0,0,0,0,0,0,0,1,0,1
Palmira Ltd,0,0,0,0,0,0,0,0,0,0,1,0,1
Oriental Wok Limited,0,1,0,0,0,0,0,0,0,0,0,0,1
Noirin Brady Interiors,0,0,0,0,0,0,0,0,0,1,0,0,1
PC HOUSE LIMITED,0,0,0,0,0,0,0,0,0,0,0,1,1
Palmway Holdings Ltd,1,0,0,0,0,0,0,0,0,0,0,0,1
Ngai's Ltd,0,0,0,0,0,0,0,0,1,0,0,0,1
Pamela Scott Online Limited,0,0,0,0,0,0,0,0,0,0,0,1,1
NFB Wholesale Limited,0,0,1,0,0,0,0,0,0,0,0,0,1
Panalok Ltd.,0,0,0,0,0,0,0,0,0,0,1,0,1
Multihog Limited,0,0,0,0,0,0,0,0,0,0,1,0,1
"Paul O'Connell, Peter Doherty & Niall Vallely",0,0,0,0,0,0,0,0,0,1,0,0,1
Panda Inn Chinese Limited,0,0,0,0,0,0,0,0,1,0,0,0,1
OMC Technologies DAC,0,0,0,1,0,0,0,0,0,0,0,0,1
Om Jai Maa Restaurants Limited,0,0,0,0,0,0,0,0,1,0,0,0,1
Patty Foods Limited,0,1,0,0,0,0,0,0,0,0,0,0,1
Paperblanks Ltd.,0,0,0,0,0,0,0,0,1,0,0,0,1
Om Sai Foods Limited,0,0,0,0,0,0,0,0,0,0,1,0,1
Paul & Sophia Limited,0,0,0,0,0,0,1,0,0,0,0,0,1
Papaya Travel Limited,0,0,0,0,0,0,0,0,0,0,1,0,1
Murphy Plant Civils Ltd,0,0,0,0,0,0,0,0,0,0,0,1,1
O'Regan Site Dumpers Ltd.,0,0,0,0,0,0,0,1,0,0,0,0,1
Noor Restaurant Limited,0,0,0,0,0,0,1,0,0,0,0,0,1
Paul McGrail Limited,0,0,0,0,0,0,0,0,1,0,0,0,1
National University of Ireland,1,0,0,0,0,0,0,0,0,0,0,0,1
Murray Timber Products Unlimited Company,0,0,0,0,0,0,0,0,0,0,1,0,1
Newtricity Ltd,0,0,0,0,0,0,0,0,0,1,0,0,1
Paul Henry Tailoring Limited,0,0,0,0,0,0,0,0,1,0,0,0,1
Paul Fitzsimmons,0,0,0,0,0,0,0,1,0,0,0,0,1
Paul and David Julian Farm,0,0,1,0,0,0,0,0,0,0,0,0,1
National Pen Promotional Products Ltd,0,0,0,0,0,0,0,0,0,1,0,0,1
OMahony Tree Specialists LTD,0,0,0,0,0,0,0,0,0,0,0,1,1
Next Generation Products Limited,0,0,1,0,0,0,0,0,0,0,0,0,1
Panther Hygiene Limited,0,0,1,0,0,0,0,0,0,0,0,0,1
Paul Bergin Steel & Concrete Ltd,0,0,0,0,0,0,0,1,0,0,0,0,1
NOOR GROCERY OUTLET LIMITED,0,0,0,0,0,0,1,0,0,0,0,0,1
Noone Poultry Limited,0,0,0,0,0,0,0,0,0,0,0,1,1
Noonan Poultry Limited,0,0,1,0,0,0,0,0,0,0,0,0,1
O'Mahony Pike Architects Limited,0,0,0,0,0,0,0,0,0,1,0,0,1
Murphy's Motors Limited,1,0,0,0,0,0,0,0,0,0,0,0,1
Panda Express Limited,0,0,0,0,0,0,0,0,0,1,0,0,1
Patrick Walsh,1,0,0,0,0,0,0,0,0,0,0,0,1
Orchidford Ltd./Ballydague Farm,0,0,0,0,0,0,0,0,1,0,0,0,1
Musgrave Operating Partners Ireland Limited,1,0,0,0,0,0,0,0,0,0,0,0,1
Olive Powderly,1,0,0,0,0,0,0,0,0,0,0,0,1
Order IT Limited,0,0,0,0,0,0,0,0,0,0,1,0,1
National Theatre Society Limited (Abbey Theatre),0,1,0,0,0,0,0,0,0,0,0,0,1
Munster Machinery Repairs Limited,0,1,0,0,0,0,0,0,0,0,0,0,1
Oliver Foudy Motors Ltd,0,0,0,0,0,0,0,0,0,0,0,1,1
Omega Link Limited,0,0,0,0,0,0,0,0,0,0,0,1,1
Olive's Seoul Food,0,0,0,0,0,0,0,0,0,1,0,0,1
Olmar Foods,0,0,0,0,0,0,0,1,0,0,0,0,1
National Standards Authority of Ireland,1,0,0,0,0,0,0,0,0,0,0,0,1
PARADISE MARKETING LIMITED,0,1,0,0,0,0,0,0,0,0,0,0,1
Paul Rafter,0,0,0,0,0,0,1,0,0,0,0,0,1
Munster Technological University (MTU),0,0,0,0,0,0,0,0,0,1,0,0,1
Muratec Automation Ireland Limited,0,0,1,0,0,0,0,0,0,0,0,0,1
Murcon Refrigeration and Air-conditioning Limited,0,0,0,0,0,0,0,0,0,0,1,0,1
Paul Power,0,0,0,0,0,0,0,0,0,0,0,1,1
Olmar Foods Limited,1,0,0,0,0,0,0,0,0,0,0,0,1
Norbrook Laboratories (Ireland)  Ltd,0,1,0,0,0,0,0,0,0,0,0,0,1
"Paul O'Connell, Peter Doherty and Niall Vallely",1,0,0,0,0,0,0,0,0,0,0,0,1
Olmeto Limited,0,0,0,0,0,0,1,0,0,0,0,0,1
Noragg Ltd,0,0,0,0,0,0,1,0,0,0,0,0,1
Panda House Chinese Takeaway Limited,0,0,0,0,0,0,0,0,0,0,1,0,1
O'Reilly Garage (Carrigrohane) Limited,0,0,1,0,0,0,0,0,0,0,0,0,1
Nomo Foods Limited,0,0,1,0,0,0,0,0,0,0,0,0,1
OLTECH OFFICE LOGICS LTD,0,0,0,0,0,0,0,0,0,0,1,0,1
Pattaya Chinese Restaurant Ltd,0,0,0,0,1,0,0,0,0,0,0,0,1
Pertora Limited,0,0,0,0,0,1,0,0,0,0,0,0,1
national employee development training centre,0,0,0,0,0,0,0,0,0,0,0,1,1
Novus Via Limited,0,0,0,0,0,0,0,0,0,0,1,0,1
Persuasion Republic Communications Ltd,0,0,0,0,0,0,0,0,0,1,0,0,1
Personio Group SE,0,0,0,0,0,0,0,1,0,0,0,0,1
Parkchester Limited,0,0,0,0,0,0,0,0,0,0,1,0,1
Park South Farms Ltd,1,0,0,0,0,0,0,0,0,0,0,0,1
Niaron Ltd,0,0,0,0,0,0,0,0,0,1,0,0,1
Mulan Catering Limited,0,0,0,0,0,0,0,0,1,0,0,0,1
Mulcahy’s Larder Limited,0,0,1,0,0,0,0,0,0,0,0,0,1
Perryfton Limited,0,1,0,0,0,0,0,0,0,0,0,0,1
Ogham Engineering Ltd.,0,0,0,0,0,0,0,0,1,0,0,0,1
MySolar Ltd,0,0,1,0,0,0,0,0,0,0,0,0,1
Pedro da Silva,0,0,1,0,0,0,0,0,0,0,0,0,1
Omnisys Limited,0,0,0,0,0,0,0,0,1,0,0,0,1
Niall Thomas Dowling,0,0,0,0,0,0,0,0,1,0,0,0,1
Padraig Kelly and James Murphy,0,0,0,0,0,0,0,0,0,1,0,0,1
OSA Accountants Limited,0,0,0,0,0,0,0,1,0,0,0,0,1
Newforce Technologies Limited,0,0,0,1,0,0,0,0,0,0,0,0,1
Neil Dennehy Transport Limited,0,0,0,0,0,0,0,0,0,1,0,0,1
Perigord Data Solutions Ltd,0,0,0,1,0,0,0,0,0,0,0,0,1
Needl Search Ltd,0,0,0,0,0,0,0,0,0,0,1,0,1
Pergamino Limited,0,0,0,0,0,0,0,0,0,1,0,0,1
Novo Nordisk Production Ireland Ltd,0,0,1,0,0,0,0,0,0,0,0,0,1
Mysafedrive Limited,0,0,1,0,0,0,0,0,0,0,0,0,1
OmniSpirant Limited,0,0,0,1,0,0,0,0,0,0,0,0,1
Novo Nordisk Limited,0,0,0,1,0,0,0,0,0,0,0,0,1
Novegen Limited,0,0,0,0,0,0,0,1,0,0,0,0,1
Ogilvy Mather Group Ltd,0,0,0,0,0,0,0,0,0,1,0,0,1
Paddy Appliances Limited,1,0,0,0,0,0,0,0,0,0,0,0,1
Paddy McCormack Farming Limited,0,0,1,0,0,0,0,0,0,0,0,0,1
Nenagh Dental Limited,0,0,0,0,0,0,0,0,0,1,0,0,1
Paddy Spares Limited,0,0,0,0,0,1,0,0,0,0,0,0,1
Óstan Gúgán Barra Teo,0,0,0,0,0,0,0,0,1,0,0,0,1
NMJ Haulage & Road Sweeping Services Limited,0,0,0,0,0,0,0,0,1,0,0,0,1
Mughal Tandoori King Limited,1,0,0,0,0,0,0,0,0,0,0,0,1
Pestle & Mortar Ltd,0,0,0,1,0,0,0,0,0,0,0,0,1
NT Europart Trade,0,0,0,0,0,0,1,0,0,0,0,0,1
Newclear Energy Limited,0,0,1,0,0,0,0,0,0,0,0,0,1
Muhammad Adnan,0,0,0,0,0,0,0,0,0,1,0,0,1
Muhammad Ghaznain,0,0,1,0,0,0,0,0,0,0,0,0,1
Onebill Utilities Limited,0,0,0,0,0,0,1,0,0,0,0,0,1
Nox Hotel Galway Limited,0,1,0,0,0,0,0,0,0,0,0,0,1
Patrick Macken Limited,0,0,1,0,0,0,0,0,0,0,0,0,1
NNIT Ireland Limited,0,0,0,0,0,0,1,0,0,0,0,0,1
Ogalas Unlimited Company,0,0,0,0,0,0,0,0,0,1,0,0,1
Paddy's Dream Co. Limited,0,0,0,0,0,0,0,0,0,0,1,0,1
Muiris Carey,0,0,0,0,0,0,0,0,1,0,0,0,1
OSL Engineering Services Ltd,0,0,0,0,0,0,0,0,1,0,0,0,1
Patrick Meany,0,0,1,0,0,0,0,0,0,0,0,0,1
National Electrical Wholesalers (IRL) Limited,1,0,0,0,0,0,0,0,0,0,0,0,1
MYSTIC SYSTEMS GAMES LIMITED,0,0,1,0,0,0,0,0,0,0,0,0,1
O'Sheas Builders (Cork) Ltd,0,0,0,0,0,0,0,1,0,0,0,0,1
OSG Property Development Ltd,0,0,0,0,0,0,0,0,0,0,0,1,1
NELLCOR PURITAN BENNETT IRELAND UNLIMITED COMPANY,0,0,0,0,0,0,0,0,0,1,0,0,1
NRA,0,0,0,0,0,0,0,1,0,0,0,0,1
OGH Vehicle Conversions Limited,1,0,0,0,0,0,0,0,0,0,0,0,1
On The Town Restaurant Limited,0,1,0,0,0,0,0,0,0,0,0,0,1
Oikos Contracts Ltd,0,0,0,0,0,0,0,0,1,0,0,0,1
My Mexican Shop Limited,0,0,0,0,0,0,0,0,0,0,0,1,1
Oilfield Solutions Limited,0,0,0,0,0,0,0,0,0,1,0,0,1
Oishii Foods Ltd,0,0,0,0,0,0,0,1,0,0,0,0,1
Penco Insurances Ltd,0,0,1,0,0,0,0,0,0,0,0,0,1
Pakitchon Limited,0,0,0,0,0,0,1,0,0,0,0,0,1
Parallel Graphics Limited,1,0,0,0,0,0,0,0,0,0,0,0,1
Northside Family Resource Centre CLG,0,0,0,0,0,0,0,1,0,0,0,0,1
Newpark Construction Limited,0,0,0,0,0,0,0,1,0,0,0,0,1
Ormond Dairies Limited,0,0,0,0,0,0,0,0,0,1,0,0,1
National Institute for Prevention & Cardiovascular Health Company Limited by Guarantee,0,0,0,0,0,0,0,0,0,0,0,1,1
O'Keeffe's Bakery Unlimited Company,1,0,0,0,0,0,0,0,0,0,0,0,1
Paladar Limited,0,0,0,0,0,0,0,0,1,0,0,0,1
O'Gorman Contract Cleaning Limited,1,0,0,0,0,0,0,0,0,0,0,0,1
Pembroke Wanderers Hockey Club,0,0,0,0,0,0,1,0,0,0,0,0,1
NHM Foundation,0,1,0,0,0,0,0,0,0,0,0,0,1
Original Box Limited,0,0,0,1,0,0,0,0,0,0,0,0,1
Navlyonn Catering Limited,0,1,0,0,0,0,0,0,0,0,0,0,1
Pembroke Cricket Club,1,0,0,0,0,0,0,0,0,0,0,0,1
Northern Lights Life Limited,0,0,1,0,0,0,0,0,0,0,0,0,1
Newrises Ltd,0,1,0,0,0,0,0,0,0,0,0,0,1
Okura Japanese cuisine limited,0,0,0,0,0,0,0,0,0,1,0,0,1
NHC Construction Limited,0,0,0,0,0,0,0,0,1,0,0,0,1
News Press Ireland Limited,0,0,1,0,0,0,0,0,0,0,0,0,1
Pem Automation Ltd,0,0,0,0,0,0,0,0,0,1,0,0,1
North Park Takeaway Limited,0,0,0,0,1,0,0,0,0,0,0,0,1
Noel Murphy,1,0,0,0,0,0,0,0,0,0,0,0,1
Noel Noonan Fabrications Ltd,0,0,0,0,0,0,0,0,1,0,0,0,1
Mulligan & Haines Hospitality Ltd,0,0,0,0,0,0,0,0,1,0,0,0,1
Omnihyper Limited,1,0,0,0,0,0,0,0,0,0,0,0,1
nearForm Limited,0,0,0,0,0,0,0,0,1,0,0,0,1
myPatientSpace Limited,1,0,0,0,0,0,0,0,0,0,0,0,1
Novacoast EU Limited,0,0,0,0,0,0,0,1,0,0,0,0,1
NNIT Ireland Ltd,0,0,0,0,0,0,1,0,0,0,0,0,1
Mullacurry Farm Services Limited,0,1,0,0,0,0,0,0,0,0,0,0,1
Newline Bulk Haulage,0,0,0,1,0,0,0,0,0,0,0,0,1
Myles Reilly,0,0,0,0,0,0,0,0,0,0,1,0,1
Newman Home Builders & Sons Limited,0,0,0,0,0,0,0,1,0,0,0,0,1
Park Plant Hire Limited,1,0,0,0,0,0,0,0,0,0,0,0,1
Parish Life Ltd,0,0,0,0,0,0,0,0,0,0,1,0,1
PepsiCo Ireland Food and Beverages Unlimited Company,0,0,0,0,1,0,0,0,0,0,0,0,1
Mullaghmeen Farms Limited,0,0,0,0,0,0,0,0,0,1,0,0,1
Pennengineering FasteningTechnologies (Europe) Limited,0,0,0,0,1,0,0,0,0,0,0,0,1
NOATECH LIMITED,0,0,0,1,0,0,0,0,0,0,0,0,1
People Solutions Ltd,0,1,0,0,0,0,0,0,0,0,0,0,1
National Forensic Mental Health Service,1,0,0,0,0,0,0,0,0,0,0,0,1
Nottub Limited,0,0,0,0,0,0,0,1,0,0,0,0,1
Noblebytetech Solutions Limited,1,0,0,0,0,0,0,0,0,0,0,0,1
Pagoda Investments Limited,0,0,0,0,1,0,0,0,0,0,0,0,1
OHL Ireland Construction and Engineering Limited,0,0,0,0,0,0,0,0,0,0,0,1,1
Mullally Security Ireland Limited,0,0,0,0,0,0,0,0,0,0,1,0,1
OHM Accountants Ltd T/A Fiducial,0,0,0,0,0,0,0,0,0,1,0,0,1
My Wonder Kitchen Limited,0,0,1,0,0,0,0,0,0,0,0,0,1
Patrick Rory Murphy,0,1,0,0,0,0,0,0,0,0,0,0,1
Norty Limited T/A T-Pro,0,0,0,0,0,0,0,0,0,1,0,0,1
Mullane Plant Hire Ltd,0,0,0,0,0,0,0,1,0,0,0,0,1
Pennyfeather by Judi Ltd,0,1,0,0,0,0,0,0,0,0,0,0,1
Pepber Limited,0,0,1,0,0,0,0,0,0,0,0,0,1
Thinkhouse Ltd,0,0,1,0,0,0,0,0,0,0,0,0,1
Think Ahead Limited,0,0,0,0,0,0,0,0,1,0,0,0,1
Thi Hanh Ngoc,0,0,1,0,0,0,0,0,0,0,0,0,1
Thesaurus Software,1,0,0,0,0,0,0,0,0,0,0,0,1
Thermo Fisher Diagnostics Ireland Limited,0,0,0,1,0,0,0,0,0,0,0,0,1
Thera Pharmaceuticals Limited,0,0,0,0,0,0,0,0,0,0,1,0,1
Thebethlehem Grace Limited,0,1,0,0,0,0,0,0,0,0,0,0,1
Thebethhelem Grace Limited,0,0,0,0,0,0,0,1,0,0,0,0,1
Sherlock Recruitment Limited,0,1,0,0,0,0,0,0,0,0,0,0,1
The Waterford Cleaboy Limited,0,0,0,0,0,0,0,0,0,0,0,1,1
The Village Table @ D&m's Limited,0,0,0,0,0,0,0,0,0,0,1,0,1
The Vanilla Pod Eatery Ltd,0,1,0,0,0,0,0,0,0,0,0,0,1
The Vanilla Pod Eatery Blackrock Limited,1,0,0,0,0,0,0,0,0,0,0,0,1
The Temple Grill Limited,0,0,0,0,0,0,0,0,1,0,0,0,1
The Talbot Lodge Hotel Ltd,1,0,0,0,0,0,0,0,0,0,0,0,1
The Square Dental Services Limited,0,0,0,1,0,0,0,0,0,0,0,0,1
The Speckled Door Limited,0,0,0,0,0,0,0,0,0,0,1,0,1
The Social House Limited,0,0,1,0,0,0,0,0,0,0,0,0,1
The Wicklow Heather Restaurant Limited,0,0,0,0,0,0,1,0,0,0,0,0,1
TIDY MECHANICAL REPAIRS LIMITED,0,0,0,0,0,0,0,0,0,0,1,0,1
Ticketlock Ltd,0,0,0,0,0,0,1,0,0,0,0,0,1
Tianyuan Catering Limited,0,0,0,0,1,0,0,0,0,0,0,0,1
Thyme Out Catering Ltd,0,0,0,0,0,0,0,0,0,0,0,1,1
Three Tigers Food Ltd,0,0,0,0,0,0,0,0,0,1,0,0,1
Three Rivers Farms Limited,0,0,0,0,0,0,0,0,1,0,0,0,1
Threadstrong Limited,0,1,0,0,0,0,0,0,0,0,0,0,1
Thrace Synthetic Packaging Ltd.,0,0,0,1,0,0,0,0,0,0,0,0,1
Thrace Synthetic Packaging Limited,0,0,0,0,0,0,0,0,0,0,1,0,1
Thomas Condon,0,0,0,0,0,0,0,0,0,0,1,0,1
Thornmont Limited,0,0,0,0,0,0,0,0,1,0,0,0,1
THORN MOTORS LIMITED,0,1,0,0,0,0,0,0,0,0,0,0,1
Thomson Process Equipment  Engineering Ltd,0,1,0,0,0,0,0,0,0,0,0,0,1
Thomson D Caters Limited,1,0,0,0,0,0,0,0,0,0,0,0,1
Thomond Electrical & Mechanical Services Limited,0,0,0,0,0,0,0,0,1,0,0,0,1
Thomas Street Taverns LTD,0,0,0,0,0,0,0,0,1,0,0,0,1
Thomas Nealon & Hilda Nealon,1,0,0,0,0,0,0,0,0,0,0,0,1
Thomas Hayden Dairy Ltd,0,0,1,0,0,0,0,0,0,0,0,0,1
Thomas Garrett O'Neill Unlimited Company,0,0,0,0,0,0,0,0,0,0,1,0,1
Thoroughbred Country Company Limited,0,0,0,0,0,0,0,0,1,0,0,0,1
The Lodge at Ashford Castle Ltd,0,1,0,0,0,0,0,0,0,0,0,0,1
The Little Willows Preschool LTD,0,0,0,0,0,0,0,0,1,0,0,0,1
THE LITTLE PETER AFTER SCHOOL  LIMITED,0,0,0,0,0,0,0,0,0,0,0,1,1
The Limestone Land Company Ltd,0,0,1,0,0,0,0,0,0,0,0,0,1
THE LEFT BANK BISTRO LIMITED,0,0,0,0,0,0,0,0,0,0,1,0,1
The Lantern House Group Limited,0,0,1,0,0,0,0,0,0,0,0,0,1
The Landmark Hotel Limited,0,0,1,0,0,0,0,0,0,0,0,0,1
The Labour Party,0,1,0,0,0,0,0,0,0,0,0,0,1
The Kind Brand Company Limited,0,0,0,0,1,0,0,0,0,0,0,0,1
The Smugglers Inn Ltd,1,0,0,0,0,0,0,0,0,0,0,0,1
The Interiors GP Irl Ltd,0,0,0,0,0,0,0,0,0,0,1,0,1
The Inside Out Restaurant Ltd,0,0,0,0,0,0,0,0,0,0,1,0,1
The Hudson Lloyd Hotel Group Limited,0,0,1,0,0,0,0,0,0,0,0,0,1
The Hub Bike for Life Limited,0,0,0,0,0,0,0,0,0,0,1,0,1
The Hospitality Partnership Limited,1,0,0,0,0,0,0,0,0,0,0,0,1
The Healthiest Workplace Limited,0,0,0,0,0,0,0,0,0,1,0,0,1
The Headfort Trust Ltd,0,0,0,0,0,0,0,0,0,1,0,0,1
The Gourmet Food Market Company Limited,1,0,0,0,0,0,0,0,0,0,0,0,1
The Good Food Co. Ltd T/A Apache Pizza,0,1,0,0,0,0,0,0,0,0,0,0,1
The Irish Music Rights Organisation CLG,0,0,0,0,1,0,0,0,0,0,0,0,1
The Smoking Cat Partnership Ltd,0,1,0,0,0,0,0,0,0,0,0,0,1
The Silver Room Restaurant,0,0,0,0,0,0,0,0,0,0,1,0,1
The Silver Pig Limited,0,0,0,0,0,0,0,1,0,0,0,0,1
The Sexual Health Centre Ltd,0,0,0,0,0,0,0,1,0,0,0,0,1
The Secret Bar Limited,0,1,0,0,0,0,0,0,0,0,0,0,1
The Saoirse Foundation CLG,0,0,0,0,0,0,0,1,0,0,0,0,1
The Portlaoise Wine Vault Limited,0,0,0,0,0,0,1,0,0,0,0,0,1
The Pod Factory Limited,0,0,0,0,0,0,0,1,0,0,0,0,1
The Peter Bradley Foundation,0,0,0,0,0,0,0,0,0,1,0,0,1
The Mango Catering Co Limited,0,0,0,0,1,0,0,0,0,0,0,0,1
The Old Bakehouse Restaurant Limited,1,0,0,0,0,0,0,0,0,0,0,0,1
The Nightingale Agency Limited,0,0,1,0,0,0,0,0,0,0,0,0,1
The National Yacht Club,0,0,0,0,0,0,0,0,0,0,0,1,1
The Mustard Seed Limited,0,0,0,0,0,0,1,0,0,0,0,0,1
The Multiple Sclerosis Society of Ireland Ltd - National Care Centre,0,0,0,0,0,0,1,0,0,0,0,0,1
The Moon Fast Food Limited,0,0,0,0,0,0,0,1,0,0,0,0,1
The Menopause Hub Ltd,0,0,0,0,0,0,0,0,0,0,0,1,1
The Mekong Catering Enterprise Limited,0,0,0,0,0,0,0,0,0,1,0,0,1
The Mastic Man Limited,0,0,0,1,0,0,0,0,0,0,0,0,1
The One Mile Dairy LTD,0,0,0,0,0,0,0,0,0,0,0,1,1
Travel Tech Labs Limited,0,0,0,0,1,0,0,0,0,0,0,0,1
Transton Logistics Limited,0,0,1,0,0,0,0,0,0,0,0,0,1
Transport Insights Limited,0,0,0,1,0,0,0,0,0,0,0,0,1
Transperfect Translations Limited,0,0,0,0,0,0,1,0,0,0,0,0,1
Tramwood Ltd,0,0,0,0,0,0,0,0,0,0,0,1,1
Tram Chowder Ltd,0,0,0,0,0,0,0,0,1,0,0,0,1
Tractebel Engineering Ireland Limited t/a Red Engineering Design Ireland,0,0,0,0,0,0,1,0,0,0,0,0,1
Tractamotors Tyres Ltd,0,0,1,0,0,0,0,0,0,0,0,0,1
Tracey Hyland,0,0,0,0,0,0,0,0,0,0,0,1,1
Tierney Kitchens Retail Ltd,0,0,0,0,0,0,0,1,0,0,0,0,1
TQ Transport Limited,0,0,0,0,0,0,0,0,0,0,0,1,1
TP Ireland Operations Limited,0,0,0,0,0,0,1,0,0,0,0,0,1
Townsend Property Services Limited,0,0,0,0,0,0,0,0,0,0,1,0,1
Total Welding Precision Engineering Ltd,0,0,0,0,0,0,0,0,0,1,0,0,1
Total Tyres and Accessories Limited,0,0,0,0,0,0,0,0,0,0,1,0,1
Total Precision Ltd.,0,0,0,0,0,0,0,0,0,0,0,1,1
Total Music Ltd,0,0,0,0,0,0,0,1,0,0,0,0,1
Total Country Limited,0,0,1,0,0,0,0,0,0,0,0,0,1
Total Access Solutions Ltd,0,0,0,0,0,0,1,0,0,0,0,0,1
Tracematics Limited,0,0,0,0,1,0,0,0,0,0,0,0,1
Tryban Hotel Limited,1,0,0,0,0,0,0,0,0,0,0,0,1
Tru-tech Precision Engineering Ltd,0,0,0,0,0,0,0,0,0,0,0,1,1
Trusture International Ltd.,0,0,0,0,0,0,0,0,0,1,0,0,1
Trunwit Transport Limited,0,0,0,0,1,0,0,0,0,0,0,0,1
Trona Products Limited,0,0,0,0,0,1,0,0,0,0,0,0,1
Triska Energy Ltd,0,0,0,0,0,0,0,1,0,0,0,0,1
Trinity Leisure Holdings Limited,0,0,0,0,0,0,0,0,0,0,0,1,1
Trident Project Engineering Ltd,0,0,0,0,0,0,0,0,0,1,0,0,1
Trident Industrial Safety Limited,0,0,0,0,0,0,0,0,0,0,1,0,1
Treacy Farm Partnership,0,0,0,0,0,0,0,0,0,0,0,1,1
Tria Energy Limited,0,1,0,0,0,0,0,0,0,0,0,0,1
Trevor Byrne Pubs Limited,0,0,0,0,0,0,0,0,0,0,1,0,1
Trevor Baker,0,0,1,0,0,0,0,0,0,0,0,0,1
Treo Coffee Limited,0,0,0,0,1,0,0,0,0,0,0,0,1
Trend E Furniture Ltd,0,0,0,0,0,1,0,0,0,0,0,0,1
Trebleside D.A.C.,0,1,0,0,0,0,0,0,0,0,0,0,1
Treaty Software Limited,0,0,0,0,0,0,0,0,1,0,0,0,1
Treaty Digital Solutions Limited,1,0,0,0,0,0,0,0,0,0,0,0,1
Treatvale Limited,1,0,0,0,0,0,0,0,0,0,0,0,1
Tricentis Ireland Ltd,0,0,0,0,0,0,0,0,0,1,0,0,1
TMF Management (Ireland) Limited,0,0,0,0,0,1,0,0,0,0,0,0,1
Tmech Heating Plumbing Ltd,0,0,0,0,0,0,0,0,0,1,0,0,1
TKA Firestopping Specialists Limited,1,0,0,0,0,0,0,0,0,0,0,0,1
TJL Millbrook Limited,1,0,0,0,0,0,0,0,0,0,0,0,1
TJ Crowley Bandon Ltd.,0,1,0,0,0,0,0,0,0,0,0,0,1
Tivoli Investments Ltd,1,0,0,0,0,0,0,0,0,0,0,0,1
Tisalabs Limited,0,1,0,0,0,0,0,0,0,0,0,0,1
Tír na Rí Farm Limited,0,0,0,0,0,0,0,0,0,0,0,1,1
Tipperary Healthcare Limited,0,0,0,0,0,0,0,0,0,0,0,1,1
Toscana Limited,0,0,0,0,0,0,0,0,0,1,0,0,1
"Tines Security Services Limited,",1,0,0,0,0,0,0,0,0,0,0,0,1
Timothy Valentine Whooley,0,0,1,0,0,0,0,0,0,0,0,0,1
Timothy Austen,1,0,0,0,0,0,0,0,0,0,0,0,1
Timoney Leadership Institute,1,0,0,0,0,0,0,0,0,0,0,0,1
Timahoe Construction,0,0,1,0,0,0,0,0,0,0,0,0,1
Tim Crowley Limited,0,0,0,0,0,0,0,0,0,0,1,0,1
Tim and Andrew O Callaghan,0,0,0,0,0,0,0,0,1,0,0,0,1
TiLT role-play,0,0,0,0,0,0,0,0,0,0,1,0,1
Tierney's Office Automation Limited,0,0,0,0,0,0,0,0,0,0,1,0,1
Tinnacurra Livestock Limited,0,0,0,0,0,0,0,0,0,0,1,0,1
Torc Candles Ltd,0,0,0,0,0,0,0,0,1,0,0,0,1
Topaz Transport Limited,0,0,1,0,0,0,0,0,0,0,0,0,1
Topalliance Biosciences Europe Limited,0,0,0,0,0,0,0,0,0,1,0,0,1
Top Walker Limited,0,0,1,0,0,0,0,0,0,0,0,0,1
Toomaline Taverns Limited,0,0,0,0,0,0,0,1,0,0,0,0,1
Tonray Hospitality Limited,0,0,0,0,0,0,0,1,0,0,0,0,1
TOMORROWS WORLD LTD,0,0,0,0,0,0,0,0,0,0,1,0,1
Tomodachi Izakaya Limited,0,0,1,0,0,0,0,0,0,0,0,0,1
Tommy Daly Plant Services Limited,0,0,0,0,0,0,0,0,0,0,0,1,1
TNV Taxi Services Limited,0,0,0,0,0,0,0,0,0,0,1,0,1
Tomi Food Concepts Ltd,0,0,0,0,0,0,0,0,1,0,0,0,1
Tomas Murray and Partners,0,0,0,0,0,1,0,0,0,0,0,0,1
Tom Staunton Motors Limited,0,0,1,0,0,0,0,0,0,0,0,0,1
Tom Shaw Farm Machinery LTD,0,0,0,0,1,0,0,0,0,0,0,0,1
Tom Mullins Racing Stables,0,0,1,0,0,0,0,0,0,0,0,0,1
Tom Duggan Retail Limited,1,0,0,0,0,0,0,0,0,0,0,0,1
Tola Ireland Limited,0,0,0,0,1,0,0,0,0,0,0,0,1
Toilet Cubicles Ireland Limited,0,0,1,0,0,0,0,0,0,0,0,0,1
Tobar Farms Unlimited,0,0,0,0,0,0,0,0,0,0,1,0,1
TOMI HOUSE LIMITED,0,0,0,0,0,0,0,0,0,0,1,0,1
T J O Connor  Associates Ltd,0,0,0,0,0,0,0,1,0,0,0,0,1
Sytorus Limited,1,0,0,0,0,0,0,0,0,0,0,0,1
SynergySuite Limited,0,0,0,0,0,0,0,0,0,0,0,1,1
Synergy Serviced Apartments Limited,0,1,0,0,0,0,0,0,0,0,0,0,1
Synergy Environmental Limited,1,0,0,0,0,0,0,0,0,0,0,0,1
Synergy Engineering Ltd,0,0,0,0,0,0,0,0,1,0,0,0,1
Synergy Consulting IFA Ireland Ltd,0,0,0,0,0,0,0,0,0,0,1,0,1
Synergy Coffee Company,0,0,0,1,0,0,0,0,0,0,0,0,1
The Glue Pot Limited trading as Liberty Irish Tour’s,0,0,0,0,0,1,0,0,0,0,0,0,1
Synchronoss Software Ireland Limited,0,0,0,0,0,1,0,0,0,0,0,0,1
Sygma HVAC Automation Ltd.,1,0,0,0,0,0,0,0,0,0,0,0,1
Syed FH International Limited,0,0,0,0,0,0,0,0,0,0,0,1,1
Sycomp Technologies Ireland Limited,0,0,0,0,0,0,1,0,0,0,0,0,1
SX Engineering Limited,0,0,0,0,0,0,0,0,0,0,0,1,1
Sword Media Limited,0,0,1,0,0,0,0,0,0,0,0,0,1
Switzer Optical Limited T/A Elizabeth Switzer Optometrist,0,0,0,0,0,0,0,0,0,0,1,0,1
Swimworld Ltd,0,0,0,0,0,0,0,0,0,1,0,0,1
Swigmore Inns Limited,0,0,0,0,1,0,0,0,0,0,0,0,1
SYNDEX IRELAND LTD,0,0,0,0,0,0,0,1,0,0,0,0,1
Tanjores Restaurant Limited,0,1,0,0,0,0,0,0,0,0,0,0,1
TANGO AND SONS HAULAGE LIMITED,0,0,0,0,0,0,1,0,0,0,0,0,1
Tang Cumberland Limited,0,0,0,0,0,0,0,0,0,0,1,0,1
Tammdek Tooling Limited,0,0,1,0,0,0,0,0,0,0,0,0,1
Talus Brew Pub Limited,0,0,0,0,0,1,0,0,0,0,0,0,1
TALLYBROOKE CIVIL ENGINEERING LIMITED,0,0,0,0,0,0,0,0,0,0,1,0,1
Tallaght West Childhood Development Initiative,0,0,0,0,0,0,0,0,1,0,0,0,1
Talio Technologies Limited,0,0,0,0,0,0,0,0,0,0,0,1,1
Talbot Hotel Carlow Limited,0,1,0,0,0,0,0,0,0,0,0,0,1
T..E. Laboratories Ltd.,0,0,0,0,0,0,0,0,0,0,0,1,1
Taj Indian Takeaway,0,0,0,0,0,0,0,0,0,0,1,0,1
TAJ & TAN VENTURES LIMITED,0,0,0,0,0,0,0,0,0,0,1,0,1
Taipan Asian Kitchen Limited,1,0,0,0,0,0,0,0,0,0,0,0,1
Tain Stores Ltd,0,0,1,0,0,0,0,0,0,0,0,0,1
Tailored Films Ltd.,1,0,0,0,0,0,0,0,0,0,0,0,1
Taikichi Limited,0,1,0,0,0,0,0,0,0,0,0,0,1
Taiba Traders Ltd,0,0,0,1,0,0,0,0,0,0,0,0,1
TAI Consultants Limited,1,0,0,0,0,0,0,0,0,0,0,0,1
TA Deerpark Limited,1,0,0,0,0,0,0,0,0,0,0,0,1
Takumi Precision Engineering,0,0,0,0,0,0,0,0,0,0,1,0,1
Summerath Holdings Limited,0,0,1,0,0,0,0,0,0,0,0,0,1
Sullivan's Craft Brewery (1702) Limited,0,0,0,0,0,0,0,0,0,1,0,0,1
Submit Software Solutions Limited,0,0,0,0,0,0,1,0,0,0,0,0,1
Studio One Film Exhibitors Ltd,0,0,0,0,0,0,0,0,0,1,0,0,1
Studio Negri Limited,0,0,0,0,0,1,0,0,0,0,0,0,1
Studio Intelligence Limited,0,0,1,0,0,0,0,0,0,0,0,0,1
Stryker Ireland Limited,1,0,0,0,0,0,0,0,0,0,0,0,1
Stripe Technology Europe Limited,0,1,0,0,0,0,0,0,0,0,0,0,1
Strike Digital Limited,0,0,0,0,0,0,0,0,1,0,0,0,1
Sweet Fragrant Chilli Company Limited,0,1,0,0,0,0,0,0,0,0,0,0,1
Street Noodle Box Takeaway Limited,0,0,0,0,0,0,0,0,0,1,0,0,1
Streamline Capital Projects,0,0,0,0,0,0,0,0,0,1,0,0,1
Strategic Risk Solutions (SRS Europe) ltd,1,0,0,0,0,0,0,0,0,0,0,0,1
Strategic Edge Consulting Limited,0,0,0,0,0,0,0,0,1,0,0,0,1
Strategic Bookkeeping & Advisory Limited,0,0,0,1,0,0,0,0,0,0,0,0,1
Strata Project Solutions Ltd,0,0,0,0,0,0,0,0,0,0,0,1,1
Strand Hotel (Dunmore) Limited,0,0,0,0,0,0,0,0,0,0,1,0,1
Storebest Shopfitting Co. Ltd.,0,0,0,0,0,0,1,0,0,0,0,0,1
STORE VISION LTD,0,0,0,0,0,0,0,0,0,0,0,1,1
Street Wheel Limited,0,0,0,0,0,0,0,0,0,0,0,1,1
Swanriver Limited,0,0,0,0,0,0,1,0,0,0,0,0,1
Swan Training Institute Limited,1,0,0,0,0,0,0,0,0,0,0,0,1
Swan Plant Hire (Dublin) Ltd.,1,0,0,0,0,0,0,0,0,0,0,0,1
Svetlana Kilgannon,0,0,0,0,0,0,0,0,0,1,0,0,1
Sutton House Hospitality Limited,0,0,0,0,0,0,0,0,0,0,1,0,1
Sutton Foods Limited,0,0,1,0,0,0,0,0,0,0,0,0,1
Sushiko Foods Limited,0,0,0,0,0,0,0,0,0,0,1,0,1
Sushi Sakai Limited,0,0,1,0,0,0,0,0,0,0,0,0,1
Sure Investments Limited,0,0,0,0,0,1,0,0,0,0,0,0,1
Summerhill Construction Co Ltd,1,0,0,0,0,0,0,0,0,0,0,0,1
SUPERGEAR MOTORS LIMITED,0,0,0,0,0,0,0,1,0,0,0,0,1
Superchef Asian Take Away Ltd,1,0,0,0,0,0,0,0,0,0,0,0,1
Super Dollfin Limited,1,0,0,0,0,0,0,0,0,0,0,0,1
Sunvolt Limited,0,0,0,0,0,1,0,0,0,0,0,0,1
Sunshine Takeaway Limited,0,0,1,0,0,0,0,0,0,0,0,0,1
Sunshine Juice Ltd,0,0,0,0,0,0,0,0,0,1,0,0,1
Sunshine Food Product Limited,0,0,0,0,0,0,0,0,0,0,1,0,1
Sunrise Men Grooming Ltd,0,0,0,0,1,0,0,0,0,0,0,0,1
Sunrise Garden Chinese Restaurant & Takeaway Limited,0,0,0,0,0,0,0,1,0,0,0,0,1
Superpost Limited,0,0,0,0,0,0,1,0,0,0,0,0,1
The Centre for Effective Services,0,0,0,0,1,0,0,0,0,0,0,0,1
The Cavalier Tavern Ltd,0,0,1,0,0,0,0,0,0,0,0,0,1
The Caterwaiter Supply Company Limited,0,1,0,0,0,0,0,0,0,0,0,0,1
The Brooklodge Hotel Partnership,0,0,0,0,0,0,0,1,0,0,0,0,1
The Brick Oven Ltd,0,0,0,0,0,0,0,1,0,0,0,0,1
The Body Energy Fitness Health Ltd,0,0,1,0,0,0,0,0,0,0,0,0,1
The Blue Door,0,0,0,0,0,0,0,1,0,0,0,0,1
The Black Wok Limited,0,0,0,0,1,0,0,0,0,0,0,0,1
The Avoca Clinic Limited,0,0,0,0,0,0,0,0,0,0,0,1,1
Tank Trans Ltd,0,0,0,0,0,0,0,0,0,0,1,0,1
The Arts Council,0,0,1,0,0,0,0,0,0,0,0,0,1
The Artisan Pizza Company Limited,1,0,0,0,0,0,0,0,0,0,0,0,1
The Arches Ltd,0,0,0,0,0,0,0,1,0,0,0,0,1
The Après School Club Limited,0,0,0,0,0,0,0,0,0,0,1,0,1
The Abbey Court Hostel Ltd,0,0,0,0,0,0,0,0,0,0,1,0,1
"The 1772 Foundation, Inc.",0,0,0,0,0,0,0,0,1,0,0,0,1
Thanhcong Chinese Takeaway Limited,0,0,0,0,0,1,0,0,0,0,0,0,1
Thanh Loi Limited,0,0,1,0,0,0,0,0,0,0,0,0,1
Thanh Cong  Chinese Takeaway Limited,0,0,0,0,1,0,0,0,0,0,0,0,1
The Ashe Street Clinic Limited,0,0,0,0,0,0,0,0,0,0,1,0,1
The Gateway Hotel Management Company Limited,0,0,0,0,0,0,0,1,0,0,0,0,1
The Friday Agency Limited,0,0,0,0,0,0,0,0,0,1,0,0,1
The French Table Ltd,0,0,0,0,0,0,0,0,0,1,0,0,1
The Food and Catering Shop Limited,0,0,0,0,1,0,0,0,0,0,0,0,1
The Flaming Wok Food Limited,0,0,1,0,0,0,0,0,0,0,0,0,1
The Fitzpatrick Club Tallaght Ltd,0,0,0,0,1,0,0,0,0,0,0,0,1
The Finest Food There Is Ltd,0,0,0,0,0,1,0,0,0,0,0,0,1
The Examiner Echo Group Limited,0,0,0,0,0,0,0,0,0,0,0,1,1
The Engine Room,0,0,0,0,0,0,0,0,1,0,0,0,1
The Chicken Inn,0,0,0,0,0,0,0,0,0,0,1,0,1
The Edge Sports Ltd,0,0,0,0,0,0,0,0,0,0,1,0,1
The Eden Pizza Company Limited,0,0,1,0,0,0,0,0,0,0,0,0,1
The Early Years Academy Limited,0,0,1,0,0,0,0,0,0,0,0,0,1
The Eagle King Limited,0,0,0,0,0,0,0,0,0,1,0,0,1
The Den Creche Limited,1,0,0,0,0,0,0,0,0,0,0,0,1
The Cycle Clinic,0,0,0,0,0,0,0,0,0,0,1,0,1
THE CULTURED FOOD COMPANY LIMITED,0,0,0,0,0,0,0,0,0,1,0,0,1
The Community Foundation for Ireland,0,0,0,0,0,0,0,0,0,0,1,0,1
THE CHINA KING LTD,0,0,0,0,0,1,0,0,0,0,0,0,1
"The Education, Psychology and Therapy Clinic Limited",0,0,0,0,0,0,0,0,0,0,0,1,1
Tech Mahindra Limited,0,0,0,0,0,0,0,1,0,0,0,0,1
Tech Made Easy Limited,0,0,0,0,0,0,0,0,0,0,0,1,1
Tech Group Europe Limited,0,0,0,0,1,0,0,0,0,0,0,0,1
Team Pro Limited,0,0,0,0,0,0,0,0,1,0,0,0,1
Teach De Broc Limited,0,1,0,0,0,0,0,0,0,0,0,0,1
Tea Craft Limited,0,0,1,0,0,0,0,0,0,0,0,0,1
TD Global Finance Unlimited Company,0,0,0,0,1,0,0,0,0,0,0,0,1
TD Freight Limited,0,0,0,0,0,0,0,0,0,0,0,1,1
TCEA LIMITED,0,0,0,0,0,0,0,1,0,0,0,0,1
Thamam Catering Limited,0,0,0,0,1,0,0,0,0,0,0,0,1
Tasty Up Limited,0,0,1,0,0,0,0,0,0,0,0,0,1
Tastemaster Solutions,0,0,0,0,0,1,0,0,0,0,0,0,1
TASTE OF KASHMIR LIMITED,0,0,0,1,0,0,0,0,0,0,0,0,1
Taskforce Security Management Services Limited,0,0,0,0,0,0,0,0,0,0,0,1,1
Tarmon Take Away Limited,1,0,0,0,0,0,0,0,0,0,0,0,1
Tarim Consulting Europe Limited,0,0,0,0,0,0,0,0,0,0,1,0,1
Taradevi Foods Limited,0,1,0,0,0,0,0,0,0,0,0,0,1
Tapadoo Limited,1,0,0,0,0,0,0,0,0,0,0,0,1
Tanner Tyres Sales & Repairs Limited,0,1,0,0,0,0,0,0,0,0,0,0,1
Tavan Meats Ltd,1,0,0,0,0,0,0,0,0,0,0,0,1
Thali Nepal Restaurant Limited,0,0,1,0,0,0,0,0,0,0,0,0,1
Thaima Asian Cuisine Limited,0,0,0,0,0,0,0,0,1,0,0,0,1
Thai Cuisine Portmarnock Limited,0,0,0,0,1,0,0,0,0,0,0,0,1
TFI MARINE LTD,0,0,0,0,0,0,0,0,0,1,0,0,1
TestReach Limited,0,0,0,0,0,0,0,0,0,1,0,0,1
Terway Limited T/A Begleys,0,0,0,0,0,0,0,0,0,1,0,0,1
Tertulia Ireland Limited,0,0,0,0,0,0,0,0,0,0,1,0,1
Terra Glen Residential Care Services Limited,0,0,1,0,0,0,0,0,0,0,0,0,1
TERESA HORAN T/A CHRYSALIS MONTESSORI & AFTERSCHOOL,0,0,0,0,0,0,0,0,1,0,0,0,1
TECH VIBE SOLUTION LIMITED,0,0,0,0,0,0,0,0,0,0,0,1,1
Terenure College Rugby Football Club,0,0,0,0,0,0,0,1,0,0,0,0,1
Temporary Outsourced Trades And Labour Ltd.,0,0,0,0,0,0,0,0,0,1,0,0,1
Temple Inns Limited,0,0,0,0,0,0,0,0,1,0,0,0,1
TEM Engineering and Management DAC,0,0,1,0,0,0,0,0,0,0,0,0,1
TEM Engineering & Management DAC,0,0,0,0,0,0,0,1,0,0,0,0,1
Telcom Group Est 1999 DAC,0,0,1,0,0,0,0,0,0,0,0,0,1
Tekenable Limited,0,0,0,0,1,0,0,0,0,0,0,0,1
Tegan Innovations Limited,0,0,0,0,0,0,1,0,0,0,0,0,1
Teddy House Limited,0,1,0,0,0,0,0,0,0,0,0,0,1
Terenure Sports Club,0,1,0,0,0,0,0,0,0,0,0,0,1
Wilsons Brothers Ltd,0,0,0,0,0,0,0,0,0,1,0,0,1
Willow Bend Limited,0,0,1,0,0,0,0,0,0,0,0,0,1
Willow and Wild Cafe Ltd,0,1,0,0,0,0,0,0,0,0,0,0,1
Willoughby Construction Ltd,0,0,0,0,0,0,0,0,0,0,1,0,1
Willogrove Limited,0,0,1,0,0,0,0,0,0,0,0,0,1
Williamsberg Property Limited,0,0,0,0,0,0,0,0,0,0,0,1,1
Williams Lea Ireland Ltd,0,0,0,0,0,0,1,0,0,0,0,0,1
"William, John and Sarah Kehoe",0,0,0,0,0,0,0,0,1,0,0,0,1
TSA Consulting Engineers Limited,0,0,0,0,0,0,1,0,0,0,0,0,1
William Neville & Sons Construction Unlimited Company,1,0,0,0,0,0,0,0,0,0,0,0,1
William Kenny,0,0,0,0,0,0,0,0,0,1,0,0,1
William & John Barrett Limited,0,0,0,0,0,0,0,1,0,0,0,0,1
Williaam Cox Limited,0,1,0,0,0,0,0,0,0,0,0,0,1
Wildcard Software Limited,0,0,1,0,0,0,0,0,0,0,0,0,1
Wiiya International Limited,0,0,0,0,0,0,0,0,0,0,0,1,1
Wicklow DBC Ltd,0,0,0,0,0,0,1,0,0,0,0,0,1
Wholesome Kitchen Ltd,0,0,0,0,1,0,0,0,0,0,0,0,1
Wholefoods Wholesale Limited,0,0,0,0,0,0,0,1,0,0,0,0,1
William O'Donoghue Limited,0,0,0,0,0,0,1,0,0,0,0,0,1
Woodale Designs Ltd,0,1,0,0,0,0,0,0,0,0,0,0,1
Wood Group Kenny Ireland Limited,0,0,0,0,0,0,0,1,0,0,0,0,1
Wonderfoods Unlimited Company,0,0,0,0,0,0,0,0,0,1,0,0,1
Wolfe Development Ltd,0,0,1,0,0,0,0,0,0,0,0,0,1
Wolf and Oak Consultancy Limited,0,0,1,0,0,0,0,0,0,0,0,0,1
Wok-U-Like Inn Chinese Takeaway Limited,0,0,0,0,0,0,0,0,0,0,0,1,1
Wok U Like Limited,0,0,0,0,0,0,0,1,0,0,0,0,1
Wok Time Limited,0,0,0,0,1,0,0,0,0,0,0,0,1
WK Logistics Limited,0,0,0,0,0,0,0,0,0,0,1,0,1
Wilton Scrap Metals Limited,0,0,0,1,0,0,0,0,0,0,0,0,1
Wingview Limited,0,0,1,0,0,0,0,0,0,0,0,0,1
Wing Kheong Wong,0,0,0,0,0,0,0,0,0,1,0,0,1
Wineport Lodge Ltd,0,0,0,0,0,0,0,0,0,0,0,1,1
Windyridge Nurseries & Garden Centre ltd,0,0,0,0,0,0,0,0,0,0,1,0,1
Windsor Surprise Limited,0,0,0,0,0,0,0,0,0,1,0,0,1
Window Work Limited,0,1,0,0,0,0,0,0,0,0,0,0,1
Wincasset Ltd,0,0,0,0,0,0,0,0,0,1,0,0,1
Wilton Waste Recycling Ltd,0,0,1,0,0,0,0,0,0,0,0,0,1
Wilton Specsavers Limited,0,0,0,0,0,0,0,0,0,1,0,0,1
WK Automation & Electrical Limited,0,0,0,0,0,0,0,0,0,1,0,0,1
Wen Cai Yao,0,0,1,0,0,0,0,0,0,0,0,0,1
Wembar Company Unlimited Company,0,0,1,0,0,0,0,0,0,0,0,0,1
Welltel (Ireland) Limited,0,0,0,0,0,0,0,1,0,0,0,0,1
Wells Granite Marble Limited,0,1,0,0,0,0,0,0,0,0,0,0,1
Wells Fargo Bank International,0,0,0,0,0,0,0,1,0,0,0,0,1
Wells Cargo Logistics Limited,0,1,0,0,0,0,0,0,0,0,0,0,1
Weir & Sons Unlimited Company,0,0,0,0,0,0,0,0,0,0,0,1,1
Weilin Limited,0,0,0,0,0,0,1,0,0,0,0,0,1
Wei Lu,1,0,0,0,0,0,0,0,0,0,0,0,1
Whitewater Group H2O Limited,0,0,0,0,0,0,0,1,0,0,0,0,1
Wegoyoba Limited,0,0,0,0,0,0,0,1,0,0,0,0,1
WEESMYO LIMITED,0,0,0,0,0,0,0,1,0,0,0,0,1
Weener Plastics Limited,1,0,0,0,0,0,0,0,0,0,0,0,1
Webo Limited,0,0,0,0,0,0,0,0,0,0,1,0,1
Weber Bessa Marques T/A MW Maintenance,0,0,0,0,0,0,0,0,0,0,1,0,1
We the People Limited,0,0,1,0,0,0,0,0,0,0,0,0,1
We Do Food Limited,0,0,1,0,0,0,0,0,0,0,0,0,1
WCH Service Solutions Limited,0,0,0,0,1,0,0,0,0,0,0,0,1
WBA Digitial & IT Solutions,0,0,0,0,0,0,0,0,0,0,0,1,1
Wei Kee Limited,0,0,0,0,0,0,0,0,1,0,0,0,1
Whiterock Technologies Limited,0,0,0,0,0,0,0,0,0,0,0,1,1
Whitelands Building Services Ltd,0,0,0,0,0,0,0,0,1,0,0,0,1
Whitefriars Childcare Limited,0,0,0,0,0,0,0,0,1,0,0,0,1
White Buffalo Ltd,1,0,0,0,0,0,0,0,0,0,0,0,1
Wherelse Ltd,0,0,0,0,0,0,0,0,0,0,1,0,1
Whelan Alarms Limited,0,0,0,0,0,0,0,0,1,0,0,0,1
WHC Lab Limited,0,0,0,0,0,1,0,0,0,0,0,0,1
Wexford Pig Development Ltd,0,0,1,0,0,0,0,0,0,0,0,0,1
Wexford County Council,0,0,0,0,0,0,0,0,0,0,0,1,1
Wesco Digital Solutions (Ireland) Limited,0,0,0,0,0,0,0,0,0,1,0,0,1
Westpoint OD´s Ltd,0,0,0,0,0,1,0,0,0,0,0,0,1
Western Public House Limited,0,0,0,0,0,0,0,0,0,1,0,0,1
Westbourne Daybreak Limited,0,0,0,0,0,0,0,0,0,0,1,0,1
West Eco Recycling Ireland Limited,0,0,0,0,0,0,0,0,0,0,1,0,1
West Cork Women Against Violence Company Limited By Guarantee,0,0,0,0,0,0,0,0,0,0,0,1,1
West Cork Distillers Limited,1,0,0,0,0,0,0,0,0,0,0,0,1
West Cork Coach Hire Limited,0,0,0,0,0,0,0,0,0,0,1,0,1
Wesley Point Limited,1,0,0,0,0,0,0,0,0,0,0,0,1
Wesley College,0,0,0,0,0,0,0,0,0,0,0,1,1
Westquay Energy Limited,0,0,0,0,0,0,0,0,0,0,1,0,1
AB TEAGUE ENTERPRISES LIMITED,0,0,0,0,0,0,0,0,0,0,1,0,1
Aaron Dunne Tyre Service Ltd,0,0,0,0,0,1,0,0,0,0,0,0,1
AAR Asian Food Limited,0,0,0,0,0,0,0,0,0,1,0,0,1
AA Unity Foods Limited,0,0,1,0,0,0,0,0,0,0,0,0,1
AA Tax and Tech Solutions Ltd,0,0,0,0,0,0,0,0,0,0,0,1,1
AA Business and Employment Solutions Limited,0,0,0,0,0,0,0,0,1,0,0,0,1
A84 Ashbourne Limited,1,0,0,0,0,0,0,0,0,0,0,0,1
A.K Bansal Limited,0,0,0,1,0,0,0,0,0,0,0,0,1
A.F. Lucey Haulage Limited,0,0,0,0,0,0,0,1,0,0,0,0,1
Woodfire & Wings Production Limited,0,0,0,0,0,0,1,0,0,0,0,0,1
A&W Trailers Limited,0,0,0,0,1,0,0,0,0,0,0,0,1
A Transfer Company 01 Production Test (Please Ignore),0,0,0,0,0,0,0,0,0,0,1,0,1
A Portal Company 01 Production Test (Please Ignore),0,0,0,0,1,0,0,0,0,0,0,0,1
A CHEF KEBAB PIZZA,0,0,0,0,0,0,0,0,1,0,0,0,1
A C Tyres ltd,0,0,0,0,0,0,1,0,0,0,0,0,1
5 Points Deli & Cafe Ltd,0,0,0,0,0,0,0,0,0,0,1,0,1
Yiyi Asian Chinese Takeaway Limited,0,1,0,0,0,0,0,0,0,0,0,0,1
Yashmi Consulting Limited,1,0,0,0,0,0,0,0,0,0,0,0,1
Yarista Food Limited,1,0,0,0,0,0,0,0,0,0,0,0,1
A. Cliffe Haulage Limited,1,0,0,0,0,0,0,0,0,0,0,0,1
Zappy Ltd,0,0,0,0,0,0,1,0,0,0,0,0,1
Zanna Cookhouse Ltd.,0,0,0,1,0,0,0,0,0,0,0,0,1
Zaiqa Retail Cash Carry Limited,0,0,0,0,0,0,1,0,0,0,0,0,1
Zaiqa Nation Wide Food Wholesalers Limited,0,0,0,0,0,0,0,1,0,0,0,0,1
Zain & Co Indian Cuisine Limited,0,0,0,0,0,0,0,1,0,0,0,0,1
Zadelle Films DAC,0,0,0,0,0,0,0,0,0,0,1,0,1
Zachs Foods Limited,0,0,1,0,0,0,0,0,0,0,0,0,1
Z.Y Jing Foods Limited,0,0,0,0,0,1,0,0,0,0,0,0,1
Yummy Asian Street Food Limited,0,0,0,0,1,0,0,0,0,0,0,0,1
ABA Preschool Academy,0,0,0,0,0,0,0,0,0,0,0,1,1
YUKTA LIMITED,0,0,0,0,0,0,0,0,1,0,0,0,1
Yueming Limited,0,1,0,0,0,0,0,0,0,0,0,0,1
YU&GUO CAI LIMITED,0,0,0,0,0,0,0,0,0,0,1,0,1
Yu Geng  Lin Cui,1,0,0,0,0,0,0,0,0,0,0,0,1
You're Delight Catering Ltd,1,0,0,0,0,0,0,0,0,0,0,0,1
Young Worker Activation Ltd,0,0,0,0,0,0,1,0,0,0,0,0,1
Young Feng Limited,0,0,0,0,0,0,0,0,0,0,1,0,1
Yolk Studio Limited,0,0,1,0,0,0,0,0,0,0,0,0,1
YMJ THAI & ASIAN STREET FOOD,0,0,0,0,0,0,0,0,1,0,0,0,1
Yum yum Asia food,0,0,0,0,0,0,0,0,0,0,0,1,1
Xin Shanghai Limited,0,1,0,0,0,0,0,0,0,0,0,0,1
Xian Zi Huang,0,0,0,1,0,0,0,0,0,0,0,0,1
XH SUNFLOWER LIMITED,1,0,0,0,0,0,0,0,0,0,0,0,1
Xavier Management Holdings Ltd,0,0,1,0,0,0,0,0,0,0,0,0,1
Wyndham Global Solutions Hub Limited,0,0,0,1,0,0,0,0,0,0,0,0,1
Wundore Limited,0,0,0,0,0,0,1,0,0,0,0,0,1
WSP Ireland Consulting Limited,0,0,0,0,0,0,0,0,0,0,1,0,1
Wright Quarry Products Ltd,0,0,0,0,0,0,1,0,0,0,0,0,1
Wright Concrete Innovations Ltd,0,0,0,0,1,0,0,0,0,0,0,0,1
Yan Xue,0,0,0,0,0,0,0,0,0,0,0,1,1
Woulins Limited,1,0,0,0,0,0,0,0,0,0,0,0,1
Worship Management,0,0,0,0,0,0,0,0,0,0,1,0,1
World Travel Centre Limited,0,0,0,0,0,0,0,0,0,1,0,0,1
World Rugby Limited,0,0,0,1,0,0,0,0,0,0,0,0,1
Workvivo Limited,0,0,0,1,0,0,0,0,0,0,0,0,1
Workforce Elite Recruitment Limited,0,0,0,0,0,0,1,0,0,0,0,0,1
Woodland International Express Company Limited,0,0,1,0,0,0,0,0,0,0,0,0,1
Woodland Farms Ltd,0,0,0,0,0,0,0,0,0,1,0,0,1
Woodford Dolmen Hotel,0,0,0,0,0,0,0,1,0,0,0,0,1
WPX Restaurant Limited,0,0,0,0,0,0,0,0,1,0,0,0,1
Yan Li,0,0,0,0,0,0,0,0,0,1,0,0,1
Yamei Zhang,1,0,0,0,0,0,0,0,0,0,0,0,1
Yala Consult Limited,0,0,0,0,0,0,0,0,0,0,0,1,1
Yacoub Limited,0,0,0,0,0,0,0,0,1,0,0,0,1
Y U Rong Takeaway Limited,0,0,1,0,0,0,0,0,0,0,0,0,1
Xuxiuying Cafe Limited,0,0,0,0,0,0,0,1,0,0,0,0,1
Xuan Wang,1,0,0,0,0,0,0,0,0,0,0,0,1
Xpress Pantry Limited,0,0,0,0,1,0,0,0,0,0,0,0,1
Xpress Healthcare Limited,0,0,0,0,0,0,1,0,0,0,0,0,1
Xin Wan Catering Limited,0,0,0,0,0,0,0,0,0,0,0,1,1
Xiyu Golden Bowl Limited,0,0,0,0,1,0,0,0,0,0,0,0,1
Xiuqin Wang Shuiwang Chen,1,0,0,0,0,0,0,0,0,0,0,0,1
Xiuming Catering Ltd,1,0,0,0,0,0,0,0,0,0,0,0,1
Xiu Lan Riverside Hotel Limited,0,0,0,0,0,0,0,1,0,0,0,0,1
Xinyuan Zhou,1,0,0,0,0,0,0,0,0,0,0,0,1
Xinyuan Ltd,0,0,0,0,0,0,0,0,0,0,0,1,1
Xing Yao Limited,0,1,0,0,0,0,0,0,0,0,0,0,1
Xing Rong Restaurant Takeaway Limited,0,0,1,0,0,0,0,0,0,0,0,0,1
Xin Yuan Food Limited,0,0,0,0,0,0,1,0,0,0,0,0,1
XL Catlin Services SE,0,0,0,0,0,0,0,0,0,1,0,0,1
Valamar Limited,0,0,0,0,0,0,0,0,0,0,1,0,1
Va EHS Services Limited,0,0,0,1,0,0,0,0,0,0,0,0,1
V.I.P Project Services Limited,1,0,0,0,0,0,0,0,0,0,0,0,1
V Nails and Spa,0,0,0,0,0,0,1,0,0,0,0,0,1
UV Ventures Limited,1,0,0,0,0,0,0,0,0,0,0,0,1
UTS Technologies Limited,1,0,0,0,0,0,0,0,0,0,0,0,1
Utilityfair Limited,0,0,0,0,0,0,1,0,0,0,0,0,1
US Bank Global Fund Services (Ireland) Limited,0,1,0,0,0,0,0,0,0,0,0,0,1
Urban Optics Limited,0,1,0,0,0,0,0,0,0,0,0,0,1
WB Farms Ltd.,0,0,0,0,0,0,0,0,0,0,0,1,1
Uppercross Enterprises Limited,0,0,0,0,0,0,0,0,1,0,0,0,1
UPMC Sports Surgery Clinic Limited,0,0,0,0,0,0,0,0,0,0,0,1,1
UPMC Kildare Hospital Limited,0,0,0,1,0,0,0,0,0,0,0,0,1
Universal Light Catering Limited,0,0,0,0,0,0,0,1,0,0,0,0,1
Universal Electronic Legend Limited,0,0,0,0,0,0,0,0,1,0,0,0,1
Unity Traders Distributors Limited,0,0,1,0,0,0,0,0,0,0,0,0,1
United Parcel Service CSTC Ireland Limited,0,1,0,0,0,0,0,0,0,0,0,0,1
United Caps Greystones Ltd,0,0,1,0,0,0,0,0,0,0,0,0,1
UNIPHAR PUBLIC LIMITED COMPANY,1,0,0,0,0,0,0,0,0,0,0,0,1
Urban Arq Limited,0,0,0,0,0,0,0,0,0,0,0,1,1
Vermac Gas Systems Limited,0,0,0,0,0,1,0,0,0,0,0,0,1
Verity Medical Ltd,0,1,0,0,0,0,0,0,0,0,0,0,1
Verde Environmental Consultants Limited,0,0,1,0,0,0,0,0,0,0,0,0,1
Vera Advisory Limited,0,0,0,0,0,0,0,0,0,0,0,1,1
VENERA HALIMI,0,0,0,0,0,0,0,0,0,0,0,1,1
VELTIS CONSULTING LIMITED,0,0,0,0,0,0,0,0,0,1,0,0,1
Velasco Limited,0,0,0,0,1,0,0,0,0,0,0,0,1
Vedic Bites Limited,0,0,0,0,0,0,0,0,0,0,1,0,1
Vectra AI Ireland Limited,0,0,1,0,0,0,0,0,0,0,0,0,1
Valdizar De Amorim Brito,0,0,0,0,0,0,0,0,0,0,0,1,1
Varlo Estate Management Limited,0,0,0,0,0,0,0,0,0,1,0,0,1
Vardis Security Limited,1,0,0,0,0,0,0,0,0,0,0,0,1
Vantage Resources Limited,1,0,0,0,0,0,0,0,0,0,0,0,1
Vanta Technology Ireland I Limited,0,0,0,0,0,0,0,0,1,0,0,0,1
Van Cuong Nguyen and Van Thi Nguyen,0,0,0,1,0,0,0,0,0,0,0,0,1
Value Retail Management Ireland Limited,0,0,0,0,0,0,0,0,0,1,0,0,1
Value Agri Supplies,0,0,0,0,0,0,0,0,0,1,0,0,1
Valshan Unlimited Company,0,1,0,0,0,0,0,0,0,0,0,0,1
Valley Filters Ltd,0,0,0,0,0,0,1,0,0,0,0,0,1
VATIC INTERNATIONAL LIMITED,0,0,0,0,0,1,0,0,0,0,0,0,1
TwoDeetv Limited,0,1,0,0,0,0,0,0,0,0,0,0,1
Two Wombats Europa Wisdom Limited,0,0,1,0,0,0,0,0,0,0,0,0,1
Two Pups Coffee Limited,0,0,0,0,0,0,0,0,0,0,1,0,1
Two into Three Ltd,0,0,0,0,0,0,0,0,0,0,1,0,1
Two Fifty Square Coffee Bar Limited,0,0,0,0,0,0,0,0,0,1,0,0,1
Twirly Gate Limited,0,0,0,0,0,0,0,0,0,0,1,0,1
Tusker Plant Maintenance Ltd,0,0,0,0,0,0,1,0,0,0,0,0,1
Tusa IT Limited,0,0,0,0,0,0,0,0,0,0,0,1,1
Turtle Tots Ireland Limited,0,0,0,0,0,0,0,0,1,0,0,0,1
Uniphar Medtech Limited,0,0,0,0,1,0,0,0,0,0,0,0,1
Turn Key Ventures Limited,0,0,0,0,0,0,0,0,0,1,0,0,1
turboTEM Limited,0,0,0,0,0,0,0,0,1,0,0,0,1
Turas Nua Limited,0,1,0,0,0,0,0,0,0,0,0,0,1
Tully Nurseries Limited,1,0,0,0,0,0,0,0,0,0,0,0,1
Tullan Foods Limited,0,0,1,0,0,0,0,0,0,0,0,0,1
Tulane Business Management Ltd,0,0,0,0,0,0,0,0,0,0,0,1,1
TTM Healthcare Limited,0,0,0,0,0,0,0,0,0,0,0,1,1
TSZCH LIMITED,0,0,1,0,0,0,0,0,0,0,0,0,1
TSG Interactive Services (Ireland) Ltd.,0,0,0,0,1,0,0,0,0,0,0,0,1
Turning Point Catering Ltd,0,0,0,0,0,0,0,0,0,0,1,0,1
Uniphar Group,0,0,0,0,0,0,0,0,0,0,1,0,1
Union of Students in Ireland,0,0,0,1,0,0,0,0,0,0,0,0,1
Unilokomotive Ltd,0,0,0,0,0,0,0,0,0,0,1,0,1
Unijobs DAC,0,0,0,0,0,0,0,0,0,1,0,0,1
Unihaven Limited,1,0,0,0,0,0,0,0,0,0,0,0,1
Unicorn Sabatini Holdings Limited,0,1,0,0,0,0,0,0,0,0,0,0,1
UNICORN IMMIGRATION AND STUDY ABROAD CONSULTING (IRELAND) CO LIMITED,0,0,0,0,0,0,1,0,0,0,0,0,1
UNICEF Ireland,0,0,0,0,0,0,0,0,1,0,0,0,1
Una Flanagan,0,0,0,0,0,0,0,0,0,1,0,0,1
Tyholland Mushrooms Limited,1,0,0,0,0,0,0,0,0,0,0,0,1
Umar Farooq,0,0,0,0,0,1,0,0,0,0,0,0,1
Ulysses Neuroscience Limited,0,0,0,0,0,1,0,0,0,0,0,0,1
UCD SU Commercial Services Ltd,0,0,1,0,0,0,0,0,0,0,0,0,1
Ubotica Technologies Limited,0,1,0,0,0,0,0,0,0,0,0,0,1
Uber Eats Ireland Limited,0,0,0,0,1,0,0,0,0,0,0,0,1
U Value Insulation Limited,0,0,0,0,1,0,0,0,0,0,0,0,1
U FU Coffee Company Limited,0,0,1,0,0,0,0,0,0,0,0,0,1
TZ Lin and XU Ltd,0,1,0,0,0,0,0,0,0,0,0,0,1
Tyro Technologies Limited,0,0,0,0,0,0,0,0,0,1,0,0,1
Un Altra Pasta Bar,0,0,0,0,0,0,0,1,0,0,0,0,1
Walsh and Nagle Ltd,1,0,0,0,0,0,0,0,0,0,0,0,1
Wallace Travel & Transport,0,0,0,0,0,0,0,0,0,1,0,0,1
Wall Steel Limited,0,0,1,0,0,0,0,0,0,0,0,0,1
Wall and Kenneally Limited,1,0,0,0,0,0,0,0,0,0,0,0,1
Walkinstown Association for People with an Intellectual Disability,0,0,0,0,0,0,0,0,0,0,1,0,1
Walkers (Ireland) LLP,0,0,0,0,0,0,0,0,0,1,0,0,1
Walkair Ltd.,0,1,0,0,0,0,0,0,0,0,0,0,1
Walk Long Foods Limited,0,0,0,0,0,0,0,0,1,0,0,0,1
Wakami Restaurant Limited,0,1,0,0,0,0,0,0,0,0,0,0,1
Vernet Ltd,1,0,0,0,0,0,0,0,0,0,0,0,1
W5 Marketing Intelligence Ltd,1,0,0,0,0,0,0,0,0,0,0,0,1
W1 Design Limited,0,0,0,1,0,0,0,0,0,0,0,0,1
W.M. Fancy Food Limited,0,0,0,0,0,0,0,0,0,0,0,1,1
W&J Catering Limited,0,0,0,0,0,0,0,1,0,0,0,0,1
W & S Delahunt,0,0,0,0,0,0,1,0,0,0,0,0,1
VVS Building Services Limited,0,0,0,0,0,0,0,0,0,0,1,0,1
Vurzol Dublin West Limited,0,0,0,0,0,0,1,0,0,0,0,0,1
VRG Retail Limited,0,0,0,0,0,0,0,0,0,1,0,0,1
VR Property Management Limited,0,0,0,0,0,0,0,0,0,1,0,0,1
Wainbg Limited,0,0,0,0,0,0,0,0,1,0,0,0,1
Waystone Investment Management (IE) Limited,0,0,1,0,0,0,0,0,0,0,0,0,1
Wavepark Limited,1,0,0,0,0,0,0,0,0,0,0,0,1
Wave Media Communications Limited,1,0,0,0,0,0,0,0,0,0,0,0,1
Wau Fusion Limited,0,0,0,1,0,0,0,0,0,0,0,0,1
Waterville's Little Stars,0,0,0,0,0,0,0,0,0,1,0,0,1
Waters Technologies Ireland Limited,0,0,0,0,0,0,0,0,1,0,0,0,1
Watermark Cards Ltd,0,0,0,0,0,0,0,0,0,0,1,0,1
Watermans (LI) Limited,0,0,0,0,0,0,0,1,0,0,0,0,1
Waterford Health Park Pharmacy Limited,0,0,0,0,1,0,0,0,0,0,0,0,1
Walsh Keating Bakery Ltd,0,0,0,0,0,0,0,0,0,0,1,0,1
Warren Allen Ltd,0,0,0,0,0,0,0,1,0,0,0,0,1
Ward Automation Ltd.,0,0,0,0,0,0,0,0,1,0,0,0,1
Ward Automation (Galway) Ltd,0,0,0,1,0,0,0,0,0,0,0,0,1
Wang Yen Catering Limited,0,0,1,0,0,0,0,0,0,0,0,0,1
Wanchen foods ltd,0,0,0,0,0,0,0,0,0,1,0,0,1
Waman Yip,0,0,0,0,0,0,0,0,0,0,1,0,1
Walter Raleigh Hotel Limited,0,0,1,0,0,0,0,0,0,0,0,0,1
Walsh Sisters S1 DAC,0,1,0,0,0,0,0,0,0,0,0,0,1
Walsh O'Brien Accountants Limited,0,1,0,0,0,0,0,0,0,0,0,0,1
Waseem Sarwar,0,1,0,0,0,0,0,0,0,0,0,0,1
Visage Geen Limited,0,1,0,0,0,0,0,0,0,0,0,0,1
Virtue Disability,0,1,0,0,0,0,0,0,0,0,0,0,1
Virginia Transport Ltd,0,1,0,0,0,0,0,0,0,0,0,0,1
Virgin Media Television Limited,0,0,0,0,0,0,1,0,0,0,0,0,1
Virgin Media Ireland Limited,0,0,0,0,1,0,0,0,0,0,0,0,1
VINDL Limited,0,0,0,0,1,0,0,0,0,0,0,0,1
Vigitrust Limited,1,0,0,0,0,0,0,0,0,0,0,0,1
Vigilant Security Services UK Limited,0,0,0,1,0,0,0,0,0,0,0,0,1
VIEC ltd,1,0,0,0,0,0,0,0,0,0,0,0,1
Volunteering Ireland Company Limited by Guarantee,1,0,0,0,0,0,0,0,0,0,0,0,1
Video Elephant Limited,0,0,0,0,0,0,0,0,0,0,1,0,1
Victoria Road Cafe Ltd,0,0,0,0,0,0,0,0,0,0,1,0,1
Vibe Coding Limited,0,0,0,0,0,0,0,0,1,0,0,0,1
Viasat Europe Limited,0,0,0,0,0,0,0,0,0,0,0,1,1
Veterinary Specialists Limited,0,0,0,0,0,0,0,0,0,0,1,0,1
Vestas Ireland Ltd,0,0,0,0,0,0,0,0,0,1,0,0,1
Vertice Integration Services Limited,0,0,0,0,0,0,0,1,0,0,0,0,1
Vertical Markets Search Limited,1,0,0,0,0,0,0,0,0,0,0,0,1
Veronica Murphy,1,0,0,0,0,0,0,0,0,0,0,0,1
Vidhyasagar Gompa,1,0,0,0,0,0,0,0,0,0,0,0,1
Voltalia Ireland Limited,0,0,0,0,0,0,0,0,0,1,0,0,1
Volkswagen Group Ireland Ltd,0,0,0,0,0,0,0,0,0,0,1,0,1
VOID Interactive Ltd.,0,0,0,0,0,0,0,0,0,1,0,0,1
VOD Building Services Ltd,0,0,0,0,0,0,0,0,1,0,0,0,1
VMotion IT Solutions LTD,0,0,0,0,0,0,0,0,0,1,0,0,1
Vivere Concept Limited,0,0,0,0,0,0,0,0,0,0,0,1,1
Viva Luxy Limited,0,0,0,0,0,0,0,0,0,0,1,0,1
Viton Ltd,0,0,0,0,0,0,0,1,0,0,0,0,1
Vitalograph (Ireland) Ltd,0,1,0,0,0,0,0,0,0,0,0,0,1
VISAGE GREEN LIMITED,0,0,0,0,0,0,1,0,0,0,0,0,1
Vital Wellness Limited,0,0,0,0,0,0,0,0,0,0,0,1,1
Vita Safety Systems Ltd.,0,0,0,0,0,0,0,0,1,0,0,0,1
Vistra Corporate Services (Ireland) Limited,0,0,0,0,0,0,0,1,0,0,0,0,1
Vistra Alternative Investments (Ireland) Limited,0,0,0,0,1,0,0,0,0,0,0,0,1
Visnou Cleaning Services Limited,0,0,0,0,0,0,0,0,0,0,1,0,1
Visionary Growth Partners Limited,0,0,0,0,0,0,0,0,0,0,1,0,1
Vision Solar Renewable Energy Limited,0,1,0,0,0,0,0,0,0,0,0,0,1
Vision Signs & Glass Film Products Limited,0,0,0,0,0,0,0,0,0,1,0,0,1
Vision Contracting Ltd,1,0,0,0,0,0,0,0,0,0,0,0,1
Vitalograph (Ireland) Limited,0,1,0,0,0,0,0,0,0,0,0,0,1
Rift Coffee Limited,0,0,0,0,1,0,0,0,0,0,0,0,1
Richtech Engineering Ltd,0,0,0,0,0,0,0,1,0,0,0,0,1
Richard Raftice Farm Limited,0,1,0,0,0,0,0,0,0,0,0,0,1
Richard O'Connell Services Ltd,0,0,0,1,0,0,0,0,0,0,0,0,1
Richard Browne Consulting Engineers Ltd.,0,1,0,0,0,0,0,0,0,0,0,0,1
Richard Brabazon,0,0,0,0,0,0,0,0,1,0,0,0,1
Rice Cantillon Farms Ltd,0,0,0,0,0,0,0,1,0,0,0,0,1
RIAIN PROPERTIES (IRL) LIMITED,0,0,0,1,0,0,0,0,0,0,0,0,1
Store Computer Technology Limited,0,0,0,0,0,0,0,0,0,0,1,0,1
Rhino Roofing  Cladding Ltd,1,0,0,0,0,0,0,0,0,0,0,0,1
Rhenus Air & Ocean Limited,1,0,0,0,0,0,0,0,0,0,0,0,1
RGJ Catering Limited,1,0,0,0,0,0,0,0,0,0,0,0,1
RGIS Inventory Specialists Teoranta,0,0,0,0,0,0,0,0,0,0,1,0,1
Reynolds Logistic Limited,0,0,1,0,0,0,0,0,0,0,0,0,1
Reward Catering Limited,0,0,0,0,0,0,0,0,0,1,0,0,1
Revolution Cuisine Limited,0,0,0,0,0,0,1,0,0,0,0,0,1
Revington Foods Ltd,0,0,0,0,0,0,0,0,0,0,1,0,1
ReveniQ Limited,0,0,1,0,0,0,0,0,0,0,0,0,1
Rhomu Limited,0,0,0,1,0,0,0,0,0,0,0,0,1
Riverside Foods Ltd,0,0,0,0,0,0,0,0,0,1,0,0,1
Riverhouse Indian Spice Limited,0,0,0,0,0,0,0,0,0,0,0,1,1
River Spice Limited,0,1,0,0,0,0,0,0,0,0,0,0,1
River Poppintree Trade Limited,0,0,0,0,0,0,0,0,0,1,0,0,1
River Hampton Wood Trade Limited,0,0,0,0,0,0,0,0,1,0,0,0,1
Rithik Engineering Ltd.,0,0,0,0,0,0,1,0,0,0,0,0,1
Rising Lifei limited,1,0,0,0,0,0,0,0,0,0,0,0,1
Rising East Food Limited,0,0,0,0,0,0,0,0,0,0,0,1,1
Risbay Unlimited Company,0,0,0,0,0,0,1,0,0,0,0,0,1
Right Therapy Care Ltd,1,0,0,0,0,0,0,0,0,0,0,0,1
Riot Games Limited,0,0,1,0,0,0,0,0,0,0,0,0,1
Rio Grande Business Services Ltd,0,1,0,0,0,0,0,0,0,0,0,0,1
Ring's Family Farm Limited,0,0,0,0,0,0,0,1,0,0,0,0,1
Ringlestown Farm Limited,0,0,0,0,0,0,0,0,0,0,0,1,1
Ringfort Dairies Ltd,1,0,0,0,0,0,0,0,0,0,0,0,1
Rinan Food Village Limited,1,0,0,0,0,0,0,0,0,0,0,0,1
RINA Consulting Ltd,0,0,0,0,0,0,0,0,0,0,0,1,1
RIJ Catering Limited,0,0,0,0,0,0,0,0,0,0,0,1,1
Rightword Language Institute Limited,0,0,0,0,0,0,0,0,0,0,0,1,1
Riovoir Ltd T/A Limerick City Hotel,0,0,0,0,0,0,0,0,0,0,1,0,1
Reddit Ireland Limited,0,0,0,0,0,0,0,0,0,1,0,0,1
Redac One Limited,0,0,0,0,0,0,0,0,1,0,0,0,1
Red Torch Ginger Limited,1,0,0,0,0,0,0,0,0,0,0,0,1
Red Rice Limited,0,0,1,0,0,0,0,0,0,0,0,0,1
Red Marble Farm Ltd,0,0,0,0,0,0,0,0,0,0,0,1,1
Red Box Direct Limited,1,0,0,0,0,0,0,0,0,0,0,0,1
Red and White Soccer Limited,0,0,1,0,0,0,0,0,0,0,0,0,1
Recruitroo Ireland Limited,0,0,0,0,0,0,0,0,0,0,1,0,1
Recruitment ELearning Systems Limited,0,0,0,0,0,0,0,0,0,1,0,0,1
Retina International CLG,0,0,0,0,0,1,0,0,0,0,0,0,1
Reckitt Benckiser (Ireland) Ltd,1,0,0,0,0,0,0,0,0,0,0,0,1
Re-Cell Technology Solutions Limited,0,0,0,0,1,0,0,0,0,0,0,0,1
Réalta Healthcare Limited,0,0,0,0,0,0,0,0,0,0,0,1,1
REALT NA MARA HOSPITALITY LIMITED,0,0,0,0,0,0,0,0,0,1,0,0,1
Realdeal Foods Limited,0,0,0,0,0,0,0,0,1,0,0,0,1
Ready2go Concepts Limited,0,1,0,0,0,0,0,0,0,0,0,0,1
RDF Planning and Architecture Limited,0,0,0,0,0,0,0,0,1,0,0,0,1
RDC Civil Engineering Ltd,0,1,0,0,0,0,0,0,0,0,0,0,1
RCK Investments Limited,0,0,0,0,0,0,0,0,0,0,0,1,1
Recordati Ireland Limited,0,0,0,0,0,0,0,0,0,0,1,0,1
Restlime Limited,0,1,0,0,0,0,0,0,0,0,0,0,1
Reso health,0,0,0,0,0,0,0,0,1,0,0,0,1
Repro Health Consultants Limited,0,0,0,0,0,0,0,0,0,0,1,0,1
Renmore Inn Ltd,0,0,0,0,0,0,0,0,0,0,1,0,1
RenewableBOT Limited,0,0,0,0,0,0,1,0,0,0,0,0,1
Renbawn Farming Limited,0,0,1,0,0,0,0,0,0,0,0,0,1
Renaissance Engineering Ltd.,1,0,0,0,0,0,0,0,0,0,0,0,1
REM Globe Limited,0,1,0,0,0,0,0,0,0,0,0,0,1
RELIANCE LINK MANAGEMENT LIMITED,0,0,0,0,0,0,0,0,0,0,1,0,1
Reecekev Taverns Limited,0,1,0,0,0,0,0,0,0,0,0,0,1
REJ Wholesale Ltd.,0,0,1,0,0,0,0,0,0,0,0,0,1
Réiteach Consultancy Limited,0,0,0,0,0,0,0,0,0,0,1,0,1
Reinforce Learning Limited,1,0,0,0,0,0,0,0,0,0,0,0,1
Reidys Garage Limited,0,0,0,0,0,0,0,0,0,0,1,0,1
Regionglade DAC,0,1,0,0,0,0,0,0,0,0,0,0,1
Regent Chinese Cuisine Limited,1,0,0,0,0,0,0,0,0,0,0,0,1
"Reflective Measurement Systems Ltd.,",1,0,0,0,0,0,0,0,0,0,0,0,1
Refill Ireland Project Clg,1,0,0,0,0,0,0,0,0,0,0,0,1
Reeves Catering Limited,0,0,0,0,0,0,0,0,1,0,0,0,1
Rekhi Trading Limited,0,0,0,0,0,0,0,0,1,0,0,0,1
Ryan Agri Enterprises Lauragh Ltd,0,0,1,0,0,0,0,0,0,0,0,0,1
Rutej Tech Limited,0,0,1,0,0,0,0,0,0,0,0,0,1
Rush Malone Limited,0,0,0,0,0,0,0,0,1,0,0,0,1
RuoMei Zhang,0,0,0,0,0,1,0,0,0,0,0,0,1
Rue Gilt Groupe Limited Ireland,0,0,0,0,0,0,0,1,0,0,0,0,1
RUCHI RESTAURANT LTD,1,0,0,0,0,0,0,0,0,0,0,0,1
RUBY KING ASIA CUISINE LIMITED,0,0,0,0,0,0,0,0,0,1,0,0,1
Rub Edibrac Holdings Ltd,0,0,0,0,0,0,0,0,1,0,0,0,1
RR Resources Limited,0,0,0,0,0,0,0,0,1,0,0,0,1
Riverside Neville Park Hotel Limited,1,0,0,0,0,0,0,0,0,0,0,0,1
Royal St George Yacht Club,1,0,0,0,0,0,0,0,0,0,0,0,1
Royal Spice Ltd,0,0,0,0,0,0,0,0,0,0,0,1,1
Royal City Asian Restaurant Limited,0,0,1,0,0,0,0,0,0,0,0,0,1
Roxxy Studio,0,0,0,0,0,0,0,0,0,1,0,0,1
Roundwood Stores Limited,0,0,0,0,0,0,0,1,0,0,0,0,1
Roundhill Farm Ltd,0,0,0,0,0,0,0,0,1,0,0,0,1
Round Two Pubs Ltd,1,0,0,0,0,0,0,0,0,0,0,0,1
Roughan and O'Donovan Limited,0,0,0,0,0,0,0,0,0,0,0,1,1
Rototherm Ltd.,0,1,0,0,0,0,0,0,0,0,0,0,1
Roybridge Ltd. T/A KSH Group,0,0,0,0,0,1,0,0,0,0,0,0,1
Sagar and Reddy Retailers Limited,0,0,1,0,0,0,0,0,0,0,0,0,1
Safegard Systems Ltd,1,0,0,0,0,0,0,0,0,0,0,0,1
Safara Ltd,0,0,0,0,0,0,0,0,0,1,0,0,1
Safa Food Limited,0,0,0,0,1,0,0,0,0,0,0,0,1
Sada Limited,0,0,0,0,0,0,0,1,0,0,0,0,1
Sacyr Ireland Ltd,0,0,0,0,0,0,0,0,0,0,0,1,1
Sabari Limited,1,0,0,0,0,0,0,0,0,0,0,0,1
SA Gofonez Limited,0,0,0,0,0,0,0,0,1,0,0,0,1
S.Y.P Ventures Limited,0,0,0,0,0,0,0,0,1,0,0,0,1
Ryder Surveys Limited,0,0,0,0,0,0,0,0,1,0,0,0,1
S&L Pharmacies Limited,0,0,0,0,0,0,0,0,0,0,0,1,1
S&F Global Fresh Exotics Limited,0,0,0,0,0,0,0,0,1,0,0,0,1
S Dolan Farms Ltd,0,0,0,0,0,0,0,0,1,0,0,0,1
S Clifford Music Limited,0,0,0,0,0,0,0,0,0,1,0,0,1
S (Transport) Cork Limited,0,0,0,0,0,1,0,0,0,0,0,0,1
S & T Tours Limited,0,0,0,0,0,0,0,0,0,1,0,0,1
S & M Investments And Business Consultants Limited,1,0,0,0,0,0,0,0,0,0,0,0,1
S  P Beauty Limited,1,0,0,0,0,0,0,0,0,0,0,0,1
Rystenview Inns Ltd,0,0,0,0,0,0,0,0,0,0,1,0,1
S.A Global Healthcare Limited,0,0,1,0,0,0,0,0,0,0,0,0,1
"Roger, Mary and Eoin Kennedy",0,0,0,0,1,0,0,0,0,0,0,0,1
Roffey Park Institute Ireland CLG,0,0,0,0,0,0,0,0,0,0,0,1,1
Rockbrook A.d. Limited,0,0,0,0,0,0,0,0,0,1,0,0,1
Rock N Blues Limited,0,0,0,0,0,0,0,0,0,0,0,1,1
Rock Machinery Sales Limited,1,0,0,0,0,0,0,0,0,0,0,0,1
Roches Tankardstown,0,1,0,0,0,0,0,0,0,0,0,0,1
Rocha Consulting Limited,0,0,0,0,0,0,0,0,0,0,1,0,1
Rocca Restaurant Ltd,0,0,0,0,0,0,0,0,0,0,1,0,1
Robust Property Services Limited,0,0,0,0,0,0,0,0,1,0,0,0,1
Rostino Tavern Limited,1,0,0,0,0,0,0,0,0,0,0,0,1
Robert Quinn Limited,0,0,0,0,0,0,0,0,0,0,1,0,1
Robert Clarke,0,0,0,0,0,0,0,0,0,0,0,1,1
Robert A. Merry Co Limited,0,0,0,0,1,0,0,0,0,0,0,0,1
Road Truck Services Limited,0,0,0,0,0,0,0,0,0,0,0,1,1
Road Safety Operations Ireland,0,0,0,0,0,0,0,0,0,0,1,0,1
RMD Catering Limited,0,1,0,0,0,0,0,0,0,0,0,0,1
Riverwakiti Limited,0,0,0,0,0,0,0,0,0,1,0,0,1
Rivervale Nursing Home Ltd.,0,0,0,0,0,0,0,0,0,1,0,0,1
Rivervale Nursing Home Ltd,1,0,0,0,0,0,0,0,0,0,0,0,1
Robert Tyner,0,0,1,0,0,0,0,0,0,0,0,0,1
Rossreade Dairy Limited,0,0,0,1,0,0,0,0,0,0,0,0,1
Rossmore Civils Ltd,0,0,0,0,0,0,0,0,0,0,0,1,1
Rosslea Priory Ltd,0,0,0,0,0,0,0,1,0,0,0,0,1
Rosscarbery Foods Limited,0,1,0,0,0,0,0,0,0,0,0,0,1
Ross O'Sullivan Racing Ltd,0,0,0,0,0,0,0,0,0,0,0,1,1
Ross Medical Practice,0,0,1,0,0,0,0,0,0,0,0,0,1
Ross Hegarty Hairdressing,0,0,0,0,1,0,0,0,0,0,0,0,1
Rose & Rhubarb Industry Limited,0,0,0,1,0,0,0,0,0,0,0,0,1
Rosapenna Hotel Management Limited,0,0,0,0,0,0,0,0,1,0,0,0,1
Rogue Fitness Limited,0,0,0,0,0,0,1,0,0,0,0,0,1
Roomex Limited,0,1,0,0,0,0,0,0,0,0,0,0,1
Rookery Lane Food & Lodging,0,0,0,0,0,0,0,0,0,0,0,1,1
Roofnstop Limited,0,0,0,0,0,0,0,0,0,0,1,0,1
Romnyo Glv Limited,0,1,0,0,0,0,0,0,0,0,0,0,1
Romaway Restaurant Limited,0,0,0,0,0,0,1,0,0,0,0,0,1
Roma Pizzera & Takeaway,0,0,0,1,0,0,0,0,0,0,0,0,1
ROLSTAN LTD,0,0,0,0,0,0,1,0,0,0,0,0,1
Rolsford Limited,0,0,0,0,0,0,0,0,0,1,0,0,1
Rohan Dairies Limited,0,0,0,0,0,0,0,0,0,0,0,1,1
Rope Walk Car Park Limited,0,0,1,0,0,0,0,0,0,0,0,0,1
Prison Officers Medical Aid Society,0,0,0,0,0,0,0,0,0,0,1,0,1
Print G Holdings Limited,0,1,0,0,0,0,0,0,0,0,0,0,1
Principal Systems Limited,0,0,1,0,0,0,0,0,0,0,0,0,1
Principal Security Limited,0,0,0,0,0,0,0,0,0,1,0,0,1
Principal Facilities Limited,0,0,0,0,0,0,0,0,1,0,0,0,1
PRIMUM AI LIMITED,0,0,0,0,0,0,0,0,0,0,1,0,1
Prime Time Shipping Limited,0,0,1,0,0,0,0,0,0,0,0,0,1
Primark Limited,1,0,0,0,0,0,0,0,0,0,0,0,1
Prestwick Aircraft Maintenance IRE Ltd,0,1,0,0,0,0,0,0,0,0,0,0,1
RCI Banque Societe Anonyme,0,0,0,0,0,0,0,0,0,0,0,1,1
Premium Apparel Manufacturing Limited,0,0,0,1,0,0,0,0,0,0,0,0,1
Premier Pitstop Service Centre Ltd,1,0,0,0,0,0,0,0,0,0,0,0,1
Premier Hvac Services Ltd,0,0,0,0,0,0,0,1,0,0,0,0,1
Premier Fasteners Limited,0,0,0,1,0,0,0,0,0,0,0,0,1
Premier A&F Catering Limited,0,0,0,0,0,0,0,0,0,1,0,0,1
Precision Utility Mapping Ireland Limited,0,0,0,0,0,0,0,0,1,0,0,0,1
Precision Parts And Products Ltd,0,0,0,0,0,0,0,0,0,0,1,0,1
Praxis Care,0,0,0,0,0,0,0,0,0,0,0,1,1
Prableen Khasria Limited,0,0,0,0,0,0,0,1,0,0,0,0,1
Prescient Fund Services (Ireland) Ltd,0,0,0,0,0,0,0,0,0,0,1,0,1
Purplestone Bridge Sales Limited,0,0,1,0,0,0,0,0,0,0,0,0,1
Purcell McQuillan Tax Partners Ltd,0,0,1,0,0,0,0,0,0,0,0,0,1
Purcell Construction Limited,0,0,0,0,0,1,0,0,0,0,0,0,1
Purcell Agri Sales Ltd,0,0,0,0,0,0,0,0,0,0,1,0,1
Puratos Crest Foods Limited,0,0,1,0,0,0,0,0,0,0,0,0,1
Punjabi House Restaurant Limited,0,0,0,0,0,0,0,0,1,0,0,0,1
PSI Mobile Limited,0,0,0,0,0,0,0,0,0,0,0,1,1
Prove Identity Ltd,0,0,0,0,0,0,0,0,0,0,0,1,1
Prosper Fingal Company Limited by Guarantee,1,0,0,0,0,0,0,0,0,0,0,0,1
Private Security Ltd,0,0,0,1,0,0,0,0,0,0,0,0,1
Promontoria Servicing Ireland Limited,0,0,0,0,0,0,0,0,0,0,1,0,1
Prolift Handling Limited,0,0,1,0,0,0,0,0,0,0,0,0,1
Project Arts Centre,0,0,0,0,0,0,0,0,0,0,0,1,1
Professional Hair Products Limited,0,0,0,0,0,0,0,0,0,0,1,0,1
Production Equipment Limited,0,0,0,0,0,0,0,0,0,0,0,1,1
Prodensus Limited,0,0,0,0,1,0,0,0,0,0,0,0,1
Procore Technologies Construction Software Limited,0,0,0,0,0,0,0,1,0,0,0,0,1
Pro-Clad Insulation Limited,0,0,0,0,1,0,0,0,0,0,0,0,1
Pro Green Golf Tours Limited,0,1,0,0,0,0,0,0,0,0,0,0,1
ProPhotonix (Irl) Limited,0,0,1,0,0,0,0,0,0,0,0,0,1
PMPT Limited,0,0,0,0,0,0,0,0,0,0,1,0,1
Pmk Farm Limited,0,0,0,0,0,0,0,0,0,0,1,0,1
PMCE Limited,0,0,0,1,0,0,0,0,0,0,0,0,1
Plenary Origination Ireland Limited,0,0,1,0,0,0,0,0,0,0,0,0,1
Players Leisure Limited,1,0,0,0,0,0,0,0,0,0,0,0,1
PlanNet21 Communications Ltd.,0,1,0,0,0,0,0,0,0,0,0,0,1
PLANNET 21 COMMUNICATIONS LIMITED,0,0,0,0,0,0,0,0,0,1,0,0,1
Plan Ireland Charitable Assistance,0,0,0,0,0,0,0,0,0,1,0,0,1
Pitch Golf Dublin Limited,0,0,1,0,0,0,0,0,0,0,0,0,1
PPR Environmental LTD,0,0,0,0,0,0,0,0,0,1,0,0,1
Pinoy Sari-Sari Store Ltd,0,1,0,0,0,0,0,0,0,0,0,0,1
Pinnacle Motorsport Ltd,0,1,0,0,0,0,0,0,0,0,0,0,1
Pinhui Chen,0,0,0,1,0,0,0,0,0,0,0,0,1
PIneview Farms Ltd,0,0,0,1,0,0,0,0,0,0,0,0,1
Pilgrims Rest Nursing Home Limited,1,0,0,0,0,0,0,0,0,0,0,0,1
Pilgrim Global Advisors Support Services Limited,0,0,0,0,0,0,0,1,0,0,0,0,1
Pikers Arms Limited,0,0,0,0,0,0,0,0,0,0,1,0,1
Pigeon View Tech Limited,1,0,0,0,0,0,0,0,0,0,0,0,1
Piatra Sites Services Ltd,0,0,0,0,0,0,0,0,0,1,0,0,1
Piper's Trade Limited,0,0,0,0,0,0,0,0,1,0,0,0,1
PP Hair Salon Limerick,0,1,0,0,0,0,0,0,0,0,0,0,1
PowerGrade Ltd,0,0,1,0,0,0,0,0,0,0,0,0,1
Powerboy Inn Limited,0,0,0,1,0,0,0,0,0,0,0,0,1
Power Farming,0,0,1,0,0,0,0,0,0,0,0,0,1
Poulnasherry Pigs Limited,0,0,0,0,0,0,0,0,0,0,0,1,1
Postmount Building Limited,0,0,0,0,0,0,0,0,0,0,0,1,1
Post Publications Limited,0,1,0,0,0,0,0,0,0,0,0,0,1
Portlaoise Specsavers Limited,0,0,0,0,0,0,0,1,0,0,0,0,1
Portersize Farm Ltd,0,0,0,0,0,0,1,0,0,0,0,0,1
PMR Fuels Services Limited,0,0,0,0,0,0,0,0,0,0,0,1,1
Portarlington Auto Parts Limited,0,1,0,0,0,0,0,0,0,0,0,0,1
PORT WALLS LIMITED,0,0,0,0,0,0,0,0,1,0,0,0,1
Port Eatery Limited,0,0,0,0,0,0,0,0,0,0,1,0,1
Porsche International Financing dac,0,0,0,0,0,0,0,0,1,0,0,0,1
Pony Tales Stables,0,0,0,0,0,0,1,0,0,0,0,0,1
Pollereagh Pigs Limited,0,0,0,0,0,0,1,0,0,0,0,0,1
Poised Ltd,0,0,0,0,0,1,0,0,0,0,0,0,1
Poetry Ireland,1,0,0,0,0,0,0,0,0,0,0,0,1
Pod Pizzeria Limited,1,0,0,0,0,0,0,0,0,0,0,0,1
Portarlington Pharmacy Ltd,0,0,0,0,0,0,0,0,0,0,1,0,1
Rana Fonez Tech Limited,0,0,0,0,0,0,0,0,0,0,0,1,1
RAMGen Limited,0,1,0,0,0,0,0,0,0,0,0,0,1
Ramblers Way,0,0,1,0,0,0,0,0,0,0,0,0,1
RAKFORT LIMITED,0,0,0,0,1,0,0,0,0,0,0,0,1
Rajpoot Catering Limited,1,0,0,0,0,0,0,0,0,0,0,0,1
Raiyan Smart & Tech Ltd,0,0,0,0,0,0,0,1,0,0,0,0,1
Raisis Construction Limited,0,0,0,0,0,0,1,0,0,0,0,0,1
Rainmaker Business Technologies Limited,0,0,0,0,0,1,0,0,0,0,0,0,1
Rainbow House Chinese Restaurant,0,0,0,0,0,0,0,0,0,0,0,1,1
Puteoli Limited,0,0,0,0,1,0,0,0,0,0,0,0,1
Rainbow & Kabo,0,0,0,0,0,0,0,0,0,1,0,0,1
Railtours Ireland First Class Limited,0,0,0,0,0,1,0,0,0,0,0,0,1
RailRoad Pizza and Grill Limited,0,1,0,0,0,0,0,0,0,0,0,0,1
Raidió Teilifís Éireann  (RTÉ),0,0,0,0,0,0,0,0,1,0,0,0,1
Raheen Supermarkets Ltd,1,0,0,0,0,0,0,0,0,0,0,0,1
Raglan Restaurants Limited,0,0,0,0,1,0,0,0,0,0,0,0,1
Rafpro Limited,1,0,0,0,0,0,0,0,0,0,0,0,1
Radius Technologies Ltd,0,1,0,0,0,0,0,0,0,0,0,0,1
Radionics Limited,0,0,0,0,0,0,0,0,0,0,0,1,1
RAINBOW ASIAN CATERING LIMITED,0,0,0,0,1,0,0,0,0,0,0,0,1
RBL Hospitality Limited,0,0,0,0,0,0,0,0,0,0,1,0,1
RBK Management Services Limited,0,0,0,0,0,0,0,0,1,0,0,0,1
Rays Hostelry Ltd,0,0,0,0,0,0,0,0,0,0,1,0,1
Raymond Legal (Ireland) Limited,0,0,0,0,0,0,0,1,0,0,0,0,1
Raymond  Moloney,0,0,1,0,0,0,0,0,0,0,0,0,1
Ray Foudy,0,0,0,0,1,0,0,0,0,0,0,0,1
RAW Marketing & Events Ltd.,0,0,1,0,0,0,0,0,0,0,0,0,1
Rathsallagh House Ltd,0,0,0,0,0,0,0,0,0,0,0,1,1
Rathcaled Contracts Limited,0,0,0,0,0,0,0,0,0,0,1,0,1
Randox Teoranta,0,0,0,0,0,0,0,0,0,0,1,0,1
Rata Makai Limited,0,0,1,0,0,0,0,0,0,0,0,0,1
Rascor Ireland Ltd,0,1,0,0,0,0,0,0,0,0,0,0,1
Rascals Brewing Company Limited,0,0,0,0,0,0,0,0,0,0,0,1,1
Rasbee Limited,0,0,0,0,0,0,0,0,0,0,1,0,1
Ras Medical Limited,0,0,0,0,0,0,0,0,0,1,0,0,1
Raquel Lopes,0,0,0,0,0,0,1,0,0,0,0,0,1
Rani Taj Ventures Limited,0,0,0,0,0,0,0,0,0,0,1,0,1
RANI TAJ TAKEAWAY LIMITED,0,0,0,0,0,0,0,0,0,0,1,0,1
Ranelagh Barbers Limited,0,0,0,0,0,0,1,0,0,0,0,0,1
Rathbally Scaffolding Limited,0,0,0,0,0,0,1,0,0,0,0,0,1
Quarry Park Motors Ltd,0,0,0,0,0,0,0,0,0,0,1,0,1
Quarry Farms Limited,0,0,0,0,0,0,0,0,0,0,0,1,1
Quantus Advisory Limited,0,1,0,0,0,0,0,0,0,0,0,0,1
Quantum Homes Limited,0,0,0,0,0,0,0,0,0,1,0,0,1
Quantex Limited,0,0,0,0,0,0,0,0,1,0,0,0,1
Quando Pizzeria,0,0,0,0,0,0,0,0,1,0,0,0,1
Qualtech Ltd,1,0,0,0,0,0,0,0,0,0,0,0,1
Quality Recycling Ltd,0,0,0,0,0,0,0,0,0,0,0,1,1
Quality Food and Beverages Limited,0,0,0,0,1,0,0,0,0,0,0,0,1
Radio Systems PetSafe Europe Ltd,1,0,0,0,0,0,0,0,0,0,0,0,1
Qualitas Property Partners Limited,0,0,0,0,0,0,0,0,0,1,0,0,1
Q's Kitchen Limited,0,0,0,1,0,0,0,0,0,0,0,0,1
QL Sakura Limited,0,0,1,0,0,0,0,0,0,0,0,0,1
QIN YU,1,0,0,0,0,0,0,0,0,0,0,0,1
Qial Ltd,0,1,0,0,0,0,0,0,0,0,0,0,1
QbDVision Operating Company Limited,0,0,0,0,0,1,0,0,0,0,0,0,1
Q4PR Ltd,1,0,0,0,0,0,0,0,0,0,0,0,1
PZTV LIMITED,0,0,0,0,0,0,1,0,0,0,0,0,1
PV Generation Limited,0,0,0,0,0,0,0,0,0,1,0,0,1
QUALITY FOOD & BEVERAGES LIMITED,0,0,0,0,0,0,0,0,1,0,0,0,1
Radhouane Bouker,0,1,0,0,0,0,0,0,0,0,0,0,1
Radharc Landscaping Company Limited,0,0,0,0,0,0,1,0,0,0,0,0,1
Rachel Barry,0,0,0,0,0,0,0,0,1,0,0,0,1
Race Displays Ltd,0,0,1,0,0,0,0,0,0,0,0,0,1
Rabobank Dublin,0,0,0,0,0,0,0,1,0,0,0,0,1
RABIBA LIMITED,0,0,0,0,0,0,0,0,0,0,0,1,1
Rabat Ltd,0,0,0,0,0,0,0,1,0,0,0,0,1
R3 Corda Ireland Limited,0,0,0,1,0,0,0,0,0,0,0,0,1
R. S. L. (Ireland) Limited,0,0,0,0,0,0,0,1,0,0,0,0,1
Quest Software International Limited,0,0,0,0,0,0,0,0,0,0,0,1,1
R Hendy & Co. Bookkeeping Services Unlimited Company,1,0,0,0,0,0,0,0,0,0,0,0,1
R & R Irish Marine Services Limited,0,0,0,0,0,0,0,0,0,0,0,1,1
R  M Morris Ltd,0,0,0,1,0,0,0,0,0,0,0,0,1
Qureshi  Mahra Ventures Limited,0,0,1,0,0,0,0,0,0,0,0,0,1
Quora Ireland Limited,0,1,0,0,0,0,0,0,0,0,0,0,1
Quinn's Bar & Restaurant Ltd,0,1,0,0,0,0,0,0,0,0,0,0,1
Quinn Tanker Services,0,0,0,0,0,0,0,0,0,0,1,0,1
Quick Fone Repairs Limited,0,0,0,0,0,0,0,0,0,1,0,0,1
Quick Fit Garage Limited,0,0,1,0,0,0,0,0,0,0,0,0,1
R&J Sweepers LTD,0,0,0,0,0,0,1,0,0,0,0,0,1
Social Brand's & Innovations Limited,0,0,0,0,0,0,0,0,0,1,0,0,1
Soba Asian Street Food,0,0,1,0,0,0,0,0,0,0,0,0,1
SoapBox Labs Ltd,0,0,0,0,0,0,0,0,1,0,0,0,1
Snipp Interactive Limited,0,0,0,0,0,0,0,0,1,0,0,0,1
Snack Time Limited,0,1,0,0,0,0,0,0,0,0,0,0,1
Smyth Trailers Eu Limited,0,0,0,0,0,0,0,0,0,0,0,1,1
Smurfit Westrock Limited,1,0,0,0,0,0,0,0,0,0,0,0,1
Smurfit Kappa Treasury Unlimited Company,0,0,0,0,0,0,0,0,0,1,0,0,1
Sage Hibernia Limited,1,0,0,0,0,0,0,0,0,0,0,0,1
Smoke Green Limited,1,0,0,0,0,0,0,0,0,0,0,0,1
Smith-Miciotta Media Limited,0,0,0,0,0,0,0,0,0,1,0,0,1
Smith Vehicle Solutions Limited,1,0,0,0,0,0,0,0,0,0,0,0,1
Smiggle Ireland Ltd,0,0,1,0,0,0,0,0,0,0,0,0,1
Smartbar Monitor Limited,0,0,1,0,0,0,0,0,0,0,0,0,1
Smart Points Ltd,0,0,0,0,0,0,0,0,0,1,0,0,1
Smart Advertising Technology Limited,0,0,0,0,0,0,0,0,0,1,0,0,1
Small Foundation,0,0,0,0,0,0,0,0,1,0,0,0,1
Smack Print Limited,0,0,0,0,0,0,0,0,0,1,0,0,1
SMS Facilities,0,0,0,0,0,0,0,0,1,0,0,0,1
Songbrook Unlimited Company t/a Sweartaker,0,0,0,0,0,0,1,0,0,0,0,0,1
Sonatus Ireland Limited,0,0,0,0,0,0,0,1,0,0,0,0,1
Sonas Childcare Limited,0,0,0,1,0,0,0,0,0,0,0,0,1
Somex Innovations Teoranta,0,0,0,0,0,0,0,1,0,0,0,0,1
Solver Software Limited,0,0,0,0,0,0,0,1,0,0,0,0,1
Solution Out Limited,0,0,0,0,0,0,0,0,1,0,0,0,1
Solstice Advanced Materials Ireland Limited,0,0,0,0,0,0,0,0,0,1,0,0,1
Solo Logistics Limited,0,0,0,0,0,0,0,0,0,1,0,0,1
SOLITAIRE CATERING PVT. LIMITED,0,0,0,0,0,0,0,1,0,0,0,0,1
Sodaco Limited,0,0,0,1,0,0,0,0,0,0,0,0,1
Solaris Botanicals Ltd,0,0,0,0,0,0,0,1,0,0,0,0,1
Sol Rosenberg Ltd,0,0,0,0,0,0,0,0,0,0,1,0,1
SOL PILATES LIMITED,0,0,0,0,0,0,0,1,0,0,0,0,1
Softworks Limited,0,0,0,0,0,0,0,1,0,0,0,0,1
Software Pipeline Ireland Limited,0,0,0,0,1,0,0,0,0,0,0,0,1
Software Hardware and Application Design Solutions Limited,0,0,0,0,0,0,0,0,0,1,0,0,1
Softview Ltd,0,0,0,0,0,0,1,0,0,0,0,0,1
SoftCo Unlimited Company,0,0,0,0,0,0,0,0,0,0,1,0,1
Sodexo Ireland Limited,0,0,0,0,0,0,0,0,0,0,0,1,1
SolarVault Energy Systems Limited,0,0,0,0,0,0,0,0,0,0,0,1,1
SkanTrans Ireland Ltd,0,0,1,0,0,0,0,0,0,0,0,0,1
SK ZAIQA LIMITED,1,0,0,0,0,0,0,0,0,0,0,0,1
SK Biotek Ireland Limited,0,0,0,0,0,0,0,0,0,0,0,1,1
Sixmilebridge District Community Services Company Limited by Guarantee,0,0,0,0,0,0,0,0,0,0,1,0,1
Sisu Izakaya Limited,0,1,0,0,0,0,0,0,0,0,0,0,1
Sisters Of Saint Joseph Of Cluny,0,1,0,0,0,0,0,0,0,0,0,0,1
"Sisters of Mercy, Catherine Mc Auley House",0,0,0,0,0,0,0,0,0,0,1,0,1
Siroos Sofizadeh,0,0,1,0,0,0,0,0,0,0,0,0,1
SIRO,0,0,1,0,0,0,0,0,0,0,0,0,1
SLK Management Services Limited,0,0,0,0,0,0,0,0,0,0,1,0,1
Siris Software Solutions Limited,0,0,0,0,0,0,0,0,0,0,1,0,1
Siopaella Limited,1,0,0,0,0,0,0,0,0,0,0,0,1
Siobhan Conlon Solicitors,1,0,0,0,0,0,0,0,0,0,0,0,1
Sinoclix Digital Marketing Agency Limited,1,0,0,0,0,0,0,0,0,0,0,0,1
Sino Foods Limited,1,0,0,0,0,0,0,0,0,0,0,0,1
Sinnott Training And Certification Ltd.,1,0,0,0,0,0,0,0,0,0,0,0,1
Sinnott Training & Certification Ltd.,0,0,0,0,0,0,0,0,0,0,1,0,1
Singh Cappagh Enterprises Limited,0,0,0,0,0,1,0,0,0,0,0,0,1
Sinara Mendes Guimaraes,0,0,1,0,0,0,0,0,0,0,0,0,1
Sirius Aircraft Management Ltd,0,0,0,0,0,0,0,0,0,0,1,0,1
Sligo Rugby Football Club,0,0,0,0,0,0,0,1,0,0,0,0,1
Sligo Park Hotel Ltd,0,0,0,0,0,0,0,0,0,0,1,0,1
Sligo Leitrim ITS Regional Development Projects DAC,0,0,0,0,0,0,0,0,0,0,1,0,1
Sligo Football & Sports Development Society Limited,0,0,0,0,0,0,0,0,0,1,0,0,1
Sligo Ballincar Hospitality Limited,0,0,0,0,0,0,0,0,1,0,0,0,1
Slieve Foy Tool and Die Limited.,0,0,1,0,0,0,0,0,0,0,0,0,1
Slideville Limited,0,0,0,0,1,0,0,0,0,0,0,0,1
Sleepless Server Solutions Ltd,0,0,0,0,0,0,0,0,1,0,0,0,1
Slatterys Garage Ltd,0,0,0,0,0,0,0,0,0,1,0,0,1
SKC Cash and Carry Limited,1,0,0,0,0,0,0,0,0,0,0,0,1
Sláinte Hospitality Limited,0,0,0,0,1,0,0,0,0,0,0,0,1
Slada Contracting Limited,0,0,0,0,0,0,0,0,0,1,0,0,1
Sla Endeavour Limited,0,0,0,0,0,0,0,0,0,0,0,1,1
SL DASKA BUSINESS MANAGEMENT LIMITED,0,0,0,0,0,0,0,1,0,0,0,0,1
Skyland Construction Limited,0,1,0,0,0,0,0,0,0,0,0,0,1
Sky Handling Partner Limited,0,0,0,0,0,0,0,0,0,0,1,0,1
SKS BARS LIMITED,0,0,0,0,0,0,0,0,0,0,1,0,1
Skout Secure Intelligence EMEA Limited,1,0,0,0,0,0,0,0,0,0,0,0,1
Skerries Inns Holdings Ltd,1,0,0,0,0,0,0,0,0,0,0,0,1
Slane Composites Works Ltd,0,0,0,0,0,0,0,0,0,0,1,0,1
Star Clover Ventures Limited,0,0,0,0,0,0,0,0,0,0,1,0,1
Stalis Data Services Ireland Limited,0,0,0,0,0,0,0,0,0,0,0,1,1
St. Michael's House,0,0,0,0,0,0,0,0,1,0,0,0,1
ST. GOBNAITS NURSING HOME LIMITED,0,0,1,0,0,0,0,0,0,0,0,0,1
St. David's Nursing Home Limited,0,0,0,0,0,0,0,0,1,0,0,0,1
St. Columcille's Hospital,0,0,0,0,0,0,0,0,0,1,0,0,1
St. Anne's Convalescent Home Ltd,0,0,0,0,0,0,0,1,0,0,0,0,1
St Paul's Retreat,0,0,0,0,1,0,0,0,0,0,0,0,1
St Mary's Nursing Home Unlimited Company,0,0,0,0,0,0,0,0,1,0,0,0,1
Sonra Intelligence Limited,0,0,0,0,0,0,0,1,0,0,0,0,1
St Francis Nursing Home,0,0,1,0,0,0,0,0,0,0,0,0,1
St Daska Enterprise Limited,0,0,0,0,0,0,0,0,0,0,1,0,1
SSP Ireland Limited,0,0,1,0,0,0,0,0,0,0,0,0,1
SSI SCHAEFER (IRELAND) LIMITED,0,0,0,0,1,0,0,0,0,0,0,0,1
SRI Executive Search Limited,0,0,0,0,0,0,1,0,0,0,0,0,1
Sree Sai Prabha Limited,0,0,0,1,0,0,0,0,0,0,0,0,1
SRB Asian Spices Limited,0,0,1,0,0,0,0,0,0,0,0,0,1
SR Ventilation Limited,0,0,0,0,1,0,0,0,0,0,0,0,1
SR Convenience Limited,0,1,0,0,0,0,0,0,0,0,0,0,1
St Francis Nursing Home (Mount Oliver) Company Limited by Guarantee,0,0,0,0,0,0,0,0,0,0,1,0,1
Stoneyford Foods Limited,0,0,1,0,0,0,0,0,0,0,0,0,1
STOCK HEALTH LTD,0,0,0,0,0,1,0,0,0,0,0,0,1
Sticky Fingers,1,0,0,0,0,0,0,0,0,0,0,0,1
Stewart Curtis,0,1,0,0,0,0,0,0,0,0,0,0,1
Steven Linehan,0,0,0,1,0,0,0,0,0,0,0,0,1
Stephen Winters,0,0,0,0,0,0,0,0,1,0,0,0,1
Stephen Phelan Limited,0,0,0,0,0,0,0,0,1,0,0,0,1
Stephen O’Rourke & Sons Contractors Limited,1,0,0,0,0,0,0,0,0,0,0,0,1
Stephen Hamilton Financial Services Ltd,0,0,1,0,0,0,0,0,0,0,0,0,1
Star Dental Limited,0,0,0,0,0,0,0,0,0,1,0,0,1
Stem Education Metaverse Limited,0,0,0,0,0,1,0,0,0,0,0,0,1
"Stellify Ltd,",0,1,0,0,0,0,0,0,0,0,0,0,1
Stelfox Limited,0,0,1,0,0,0,0,0,0,0,0,0,1
Steeltech Sheds Ltd.,0,0,0,0,1,0,0,0,0,0,0,0,1
Staycity Limited,1,0,0,0,0,0,0,0,0,0,0,0,1
Staunton Sports Ltd T/A Elverys Sports,0,0,0,0,0,0,0,0,1,0,0,0,1
Stats Sports Data & Technology Ireland Ltd,1,0,0,0,0,0,0,0,0,0,0,0,1
Startbright Early Learning Centres Clg,0,0,0,0,0,0,0,0,0,0,0,1,1
Star Harvest Limited,1,0,0,0,0,0,0,0,0,0,0,0,1
Stephen & John Cotterell,0,0,1,0,0,0,0,0,0,0,0,0,1
Spectac International,0,0,0,0,0,0,0,0,0,0,1,0,1
Specsavers Crumlin Limited,0,0,0,0,0,0,0,1,0,0,0,0,1
Speco Services Limited,0,1,0,0,0,0,0,0,0,0,0,0,1
Specialist Medical Services Locums LTD,0,0,0,0,0,0,0,0,1,0,0,0,1
SpeakEasy SLT Ltd,0,0,0,0,0,0,1,0,0,0,0,0,1
SPAR,0,0,0,1,0,0,0,0,0,0,0,0,1
Spanish Point Investments Limited,0,1,0,0,0,0,0,0,0,0,0,0,1
Space Developers & Contractors Limited,0,0,0,0,0,0,0,0,0,0,0,1,1
Southern Scientific Services Ltd,0,0,0,0,0,0,0,0,0,0,0,1,1
SPS International Limited,1,0,0,0,0,0,0,0,0,0,0,0,1
Southern Hospitality Limited,0,0,0,0,0,0,0,0,0,1,0,0,1
Southern Advertising Limerick Limited,0,0,0,1,0,0,0,0,0,0,0,0,1
South Phoenix Allied Limited,1,0,0,0,0,0,0,0,0,0,0,0,1
South Munster MABS,0,0,0,0,0,0,0,0,0,1,0,0,1
Source Galileo Ireland Ltd,0,0,0,0,0,0,0,0,0,0,1,0,1
SOSV Limited,0,0,0,0,0,0,1,0,0,0,0,0,1
Soraghan Auto Retail,0,0,0,0,0,0,0,1,0,0,0,0,1
Soolnua Consulting Limited,0,0,0,0,0,1,0,0,0,0,0,0,1
Sontai Data Solutions Limited,0,0,0,0,0,0,0,0,1,0,0,0,1
Southern Hotel (Sligo) Ltd,1,0,0,0,0,0,0,0,0,0,0,0,1
Sprout Upper Baggot Street Limited,0,0,0,0,1,0,0,0,0,0,0,0,1
Sprout Social Limited,0,0,0,0,0,0,0,1,0,0,0,0,1
Sprout Camden Street Limited,0,0,0,0,0,0,0,1,0,0,0,0,1
Sprout Ballsbridge Limited,1,0,0,0,0,0,0,0,0,0,0,0,1
Sprout & Co Kitchen Limited,0,0,0,0,0,0,0,0,0,0,0,1,1
Spring Hospitality Ltd,0,0,0,0,0,0,0,0,0,0,0,1,1
Spring Grove Farm Ltd,0,0,0,0,0,0,0,0,0,0,1,0,1
Spratt Logistics Ltd,0,0,0,0,0,0,0,0,0,1,0,0,1
Spraoi Collann Limited,0,0,0,0,0,1,0,0,0,0,0,0,1
Spector Information Security Limited,0,0,0,0,0,0,0,0,0,0,1,0,1
Sports Across Ireland CLG,0,0,0,0,0,0,0,0,0,0,1,0,1
Spórt-Ionad Réigiúinach Chorcaí Cuideachta Faoi Theorainn Rathaiochta,0,0,0,0,0,0,0,1,0,0,0,0,1
Sport Ireland,0,0,0,0,0,1,0,0,0,0,0,0,1
Splab365 Limited,0,0,0,0,0,0,0,0,0,0,1,0,1
Spina Bifida Hydrocephalus Ireland,0,1,0,0,0,0,0,0,0,0,0,0,1
Spencer Leisure Investments,0,0,0,0,0,0,0,0,0,0,0,1,1
Spectrum Wellness Ltd,0,0,1,0,0,0,0,0,0,0,0,0,1
Spectrum Logistics Limited,0,0,0,0,0,0,0,0,0,0,1,0,1
Spectrum Engineering Limited,0,0,0,0,0,0,0,0,0,1,0,0,1
Spot The Pig Limited,0,0,0,0,0,0,0,0,1,0,0,0,1
Seamus Mc Grath Servicing and Tyres,0,0,0,0,0,0,0,0,0,0,0,1,1
Seamus Howlin,0,0,0,0,0,0,0,0,0,0,1,0,1
Seamus Flynn,0,0,0,0,0,0,0,0,0,1,0,0,1
Seamus Fitzpatrick Construction Limited,0,0,0,1,0,0,0,0,0,0,0,0,1
Sealord Food Experts Limited,1,0,0,0,0,0,0,0,0,0,0,0,1
Seahorse Aquariums Ltd.,0,1,0,0,0,0,0,0,0,0,0,0,1
Seabridge Liner Agencies Limited,1,0,0,0,0,0,0,0,0,0,0,0,1
SDW INTERNATIONAL EDUCATION 73 LIMITED,0,1,0,0,0,0,0,0,0,0,0,0,1
SDSF LTD,0,0,0,0,0,0,0,1,0,0,0,0,1
Simpson's Hospital,0,0,1,0,0,0,0,0,0,0,0,0,1
SD Worx,0,0,0,0,0,0,0,1,0,0,0,0,1
Sd Imports Limited,0,0,0,0,0,0,0,0,0,0,1,0,1
SCT Consultancy Ltd t/a Stakelum Consultancy,0,0,0,0,0,1,0,0,0,0,0,0,1
Screen Scene Ltd,0,0,1,0,0,0,0,0,0,0,0,0,1
Scorchio Limited,0,0,0,0,1,0,0,0,0,0,0,0,1
Scope Ease IT Solutions Limited,1,0,0,0,0,0,0,0,0,0,0,0,1
Scissors Brew Pub Ltd,0,0,0,0,0,0,0,0,0,0,0,1,1
SCIFORCE IRELAND LIMITED,0,0,0,0,0,0,0,1,0,0,0,0,1
Schumann Technical Ltd,0,0,0,0,0,0,0,1,0,0,0,0,1
Sdeal Ltd,0,0,0,0,0,0,0,0,1,0,0,0,1
Sehmus Borak,0,0,0,0,0,0,0,0,1,0,0,0,1
Seema Food House Limited,0,0,0,0,0,0,1,0,0,0,0,0,1
Seed Mentors (Ireland) Ltd,0,0,0,0,0,0,0,0,0,1,0,0,1
Securway at Risk Security Group Ltd,0,0,0,0,0,0,0,0,0,1,0,0,1
SecuriCentrix Ltd,0,0,0,0,0,0,0,0,0,0,1,0,1
Secure Management Solutions Ltd,1,0,0,0,0,0,0,0,0,0,0,0,1
Secret Recipe Limited,0,0,0,0,0,1,0,0,0,0,0,0,1
Second Bedroom Modular Limited,0,0,0,0,0,0,0,0,0,0,1,0,1
Sebastian Gruszecki,0,0,0,0,0,0,1,0,0,0,0,0,1
Seamus Noonan,0,0,1,0,0,0,0,0,0,0,0,0,1
Seasons Catering Limited,0,1,0,0,0,0,0,0,0,0,0,0,1
Search Talent People Limited,0,0,0,0,0,0,0,0,0,0,0,1,1
Sean O'Connell Tyres (Wholesale) Limited,0,0,0,0,1,0,0,0,0,0,0,0,1
Sean O Sullivan,1,0,0,0,0,0,0,0,0,0,0,0,1
Sean Keaveney T/A Keaveney Travel,0,0,0,0,0,0,1,0,0,0,0,0,1
Sean Gilsenan Theresa Gilsenan John Gilsenan,0,0,0,0,0,0,0,0,0,1,0,0,1
Sean Doyle Windows Limited,0,0,0,0,0,0,0,0,0,1,0,0,1
Sean Canty,0,0,0,0,1,0,0,0,0,0,0,0,1
Sean and Marco Magnetti,0,0,0,0,0,0,0,0,0,0,1,0,1
SEAtS Software Limited,0,1,0,0,0,0,0,0,0,0,0,0,1
Sandra Russell Bloodstock Limited,0,0,0,0,0,0,0,0,0,0,0,1,1
SanDisk International Limited,0,0,0,0,0,0,0,0,1,0,0,0,1
Samwick Associates Limited,0,1,0,0,0,0,0,0,0,0,0,0,1
Samruddhi Kitchen Food Pvt Limited,0,0,0,0,0,0,0,1,0,0,0,0,1
Samco Agricultural Manufacturing Limited,1,0,0,0,0,0,0,0,0,0,0,0,1
Sambara Limited,0,0,0,1,0,0,0,0,0,0,0,0,1
Samata Ltd,0,0,0,0,0,0,0,0,0,0,0,1,1
Salute Mission Critical Limited,0,0,1,0,0,0,0,0,0,0,0,0,1
Salus Global Recruitment Limited,0,0,0,0,0,0,0,0,1,0,0,0,1
School Kids Aloud Ltd,0,1,0,0,0,0,0,0,0,0,0,0,1
Salters Free Range Farm Limited,0,0,0,0,0,0,0,0,0,0,1,0,1
Salted Stone EMEA Limited,1,0,0,0,0,0,0,0,0,0,0,0,1
Sakura Asian Street Food Limited,0,0,0,0,0,0,0,0,0,0,1,0,1
Sajid Nisar,0,0,0,0,0,0,0,0,0,0,1,0,1
Saint Nicholas Montessori Society Of Ireland Company Limited by Guarantee,0,1,0,0,0,0,0,0,0,0,0,0,1
Saint John of God Community Services CLG,0,1,0,0,0,0,0,0,0,0,0,0,1
Saint Gobain Construction Products Ireland Limited,0,0,0,0,0,0,0,1,0,0,0,0,1
Sai Prabha Limited,0,0,0,0,0,0,0,1,0,0,0,0,1
Sai Kripa Foods Limited,0,0,0,0,0,0,0,1,0,0,0,0,1
Salus Financial Limited,0,0,1,0,0,0,0,0,0,0,0,0,1
Schneider Electric IT Logistics Europe Limited,0,1,0,0,0,0,0,0,0,0,0,0,1
SCG Growth Partners Limited,1,0,0,0,0,0,0,0,0,0,0,0,1
SCF Processing Limited,0,0,0,0,0,0,0,0,1,0,0,0,1
Scantech Geoscience Limited,0,1,0,0,0,0,0,0,0,0,0,0,1
Scandinavian Airlines Ireland Limited,0,0,0,0,0,0,0,0,0,0,0,1,1
Scandal Beauty Lounge Limited,0,0,0,0,0,0,0,0,0,0,0,1,1
SC Euroclutch Gearbox Limited,1,0,0,0,0,0,0,0,0,0,0,0,1
Sayana Food Enterprises Limited,1,0,0,0,0,0,0,0,0,0,0,0,1
Say Fish Limited,0,0,0,0,0,0,0,0,0,0,1,0,1
SANIA QASIM CATERING LIMITED,0,0,1,0,0,0,0,0,0,0,0,0,1
Saucy VGN ltd,0,0,0,0,0,0,0,0,1,0,0,0,1
SAU Auto Traders Limited,0,0,0,0,0,0,0,0,1,0,0,0,1
Sasta LeCheile Limited,0,1,0,0,0,0,0,0,0,0,0,0,1
Sasamh Limited,0,0,0,1,0,0,0,0,0,0,0,0,1
Sarah Louise Interiors Limited,0,0,1,0,0,0,0,0,0,0,0,0,1
SAP Ireland Limited,0,0,0,0,0,0,1,0,0,0,0,0,1
Saoirse Express Limited,0,0,0,0,0,0,0,0,0,0,1,0,1
Sanwei Asia Food Limited,0,1,0,0,0,0,0,0,0,0,0,0,1
SANJAY DRAVID CONSULTING LIMITED,0,0,0,0,0,0,0,0,0,0,0,1,1
Saxena Hospitality Ltd,0,0,0,0,0,0,0,0,0,1,0,0,1
SHZW Care Company Ltd,0,0,0,0,0,0,0,0,0,1,0,0,1
Shun Construction Limited,0,0,0,0,0,0,0,0,1,0,0,0,1
Shufang Weng & Chang Jing Wang,1,0,0,0,0,0,0,0,0,0,0,0,1
Shrule Taverns Ltd,0,0,0,0,0,0,0,0,0,0,0,1,1
Shree Ganesh Limited,1,0,0,0,0,0,0,0,0,0,0,0,1
SHOUTOUT,0,0,0,0,0,0,0,0,0,1,0,0,1
Shogon Trading Ltd,0,0,0,0,0,0,0,0,0,0,0,1,1
Shiva Ventures Limited,0,0,0,0,0,0,0,0,0,0,1,0,1
Shining Star Capital Limited,0,0,0,0,1,0,0,0,0,0,0,0,1
Sekam Ltd,0,0,0,0,0,0,0,0,0,0,1,0,1
Shine Analytics Ltd,0,0,1,0,0,0,0,0,0,0,0,0,1
Sherwin Williams Ireland Ltd.,0,0,0,0,0,0,0,0,0,1,0,0,1
Sherry Textiles Limited,0,0,0,0,1,0,0,0,0,0,0,0,1
Sherpa Restaurant Limited,0,1,0,0,0,0,0,0,0,0,0,0,1
Mr John Berry,0,0,0,0,0,0,0,0,0,1,0,0,1
Sheridan Waterford Ltd,0,0,0,0,0,0,0,0,0,0,0,1,1
Sheridan Television Productions DAC,0,0,0,0,1,0,0,0,0,0,0,0,1
Sherborough Development Company UnLimited,0,0,0,0,0,0,0,1,0,0,0,0,1
SHENG MEI FLAVORS LIMITED,0,0,0,0,0,0,0,0,0,0,1,0,1
Shining Smile Limited,1,0,0,0,0,0,0,0,0,0,0,0,1
Simplyvine Limited T/A Simplysteel,0,0,0,0,0,0,0,0,0,1,0,0,1
Simply Taxation Limited,0,0,0,0,1,0,0,0,0,0,0,0,1
Simply Original Limited,0,0,1,0,0,0,0,0,0,0,0,0,1
Simply Nuc Europe Limited,0,0,0,0,1,0,0,0,0,0,0,0,1
Simplify AI International Limited,0,0,0,0,0,1,0,0,0,0,0,0,1
Simpal foods ltd,0,0,0,0,1,0,0,0,0,0,0,0,1
Simon J Kelly  Partners Ltd,1,0,0,0,0,0,0,0,0,0,0,0,1
Simon Cavanagh,0,0,0,0,0,0,0,0,0,1,0,0,1
Silverpool Limited,0,0,0,0,0,0,0,0,0,0,1,0,1
SIAC Bituminous Products,0,0,0,0,0,0,0,1,0,0,0,0,1
Silver Leaf Catering Ltd,0,0,0,0,0,0,0,0,1,0,0,0,1
Silicon Republic Knowledge & Events Management Ltd,0,0,0,0,0,0,0,1,0,0,0,0,1
Silent Push Limited,0,0,0,0,0,0,0,0,0,1,0,0,1
Sihag's Food Limited,0,0,0,0,0,0,0,1,0,0,0,0,1
Siemens Limited,0,0,0,0,0,0,0,1,0,0,0,0,1
Siegerland Limited,1,0,0,0,0,0,0,0,0,0,0,0,1
Siege Coffee Company Ltd,1,0,0,0,0,0,0,0,0,0,0,0,1
Sidhu Star King Kebab Limited,0,1,0,0,0,0,0,0,0,0,0,0,1
Siam Thai Rathmines Restaurant Ltd,0,1,0,0,0,0,0,0,0,0,0,0,1
Silverdock Limited,0,0,0,0,0,0,0,0,1,0,0,0,1
Shanagore developments ltd,0,0,0,0,0,0,0,0,0,0,1,0,1
Shamrock Shield Limited,1,0,0,0,0,0,0,0,0,0,0,0,1
Shamrock Commercial Trading Limited,0,0,0,1,0,0,0,0,0,0,0,0,1
Shamrock Chinese Limited,0,0,0,0,0,0,0,1,0,0,0,0,1
"Shamrock Accounting, Tax and Payroll Limited",0,0,0,0,0,0,1,0,0,0,0,0,1
Shallots Indian Takeway Limited,0,0,0,0,0,0,0,0,0,1,0,0,1
Shakeel Ahmed Dar,0,0,0,0,0,0,1,0,0,0,0,0,1
Shahi Gee Limited,0,0,1,0,0,0,0,0,0,0,0,0,1
Sevilla Tech Solutions Limited,1,0,0,0,0,0,0,0,0,0,0,0,1
Shen Qing Limited,0,0,0,0,0,0,0,0,0,0,0,1,1
ServiceNow International Treasury Limited,0,0,0,0,0,0,0,0,1,0,0,0,1
Servaplex Ltd,0,0,0,0,0,0,0,0,0,0,1,0,1
SeqBiome Limited,0,0,0,0,0,0,0,0,1,0,0,0,1
Senycull Limited,0,0,0,0,0,0,0,0,0,1,0,0,1
Sensori Facilities Management Limited,0,0,0,1,0,0,0,0,0,0,0,0,1
Semple Transport Limited,0,0,0,0,0,0,0,1,0,0,0,0,1
Selskar Phonesurg Limited,1,0,0,0,0,0,0,0,0,0,0,0,1
Select Technology Sales and Distribution Irl Limited,0,0,0,0,0,0,0,0,0,1,0,0,1
Select Technology Sales and Distribution (Irl) Limited,0,0,1,0,0,0,0,0,0,0,0,0,1
Seskin Agri and Plant Limited,0,0,0,0,0,0,0,0,0,1,0,0,1
Shellfish De La Mer Limited,0,0,0,0,0,0,0,0,0,1,0,0,1
Shelbourne Catering Limited,0,0,0,0,1,0,0,0,0,0,0,0,1
She Counts Accounting and Financial Services,0,0,0,0,0,0,0,1,0,0,0,0,1
Shawcove Limited,1,0,0,0,0,0,0,0,0,0,0,0,1
Shavo Ltd,0,0,0,0,0,0,0,0,1,0,0,0,1
Shaun Mc Elwaine,0,0,0,0,0,0,0,0,0,1,0,0,1
Shasha's Hospitality Limited,0,0,0,0,0,0,1,0,0,0,0,0,1
Sharpcrest Limited,0,0,0,0,0,0,0,0,1,0,0,0,1
Sharon Browne,1,0,0,0,0,0,0,0,0,0,0,0,1
Shanarc Archaeology Limited,0,0,0,0,1,0,0,0,0,0,0,0,1
Shapla Spice Ltd,0,1,0,0,0,0,0,0,0,0,0,0,1
Shanti Niketon Limited,0,0,0,0,0,0,0,0,0,0,0,1,1
Shansol Limited,0,1,0,0,0,0,0,0,0,0,0,0,1
Shannon Estuary Hotels Limited,0,0,0,0,0,0,0,0,1,0,0,0,1
Shannon Coiled Springs Ltd,0,0,0,0,0,0,0,0,0,1,0,0,1
Shane O Donnell,0,0,0,0,1,0,0,0,0,0,0,0,1
Shane Foley Plant Hire Limited,0,0,1,0,0,0,0,0,0,0,0,0,1
Shandon Bells Guest House,0,0,0,0,0,0,1,0,0,0,0,0,1
Shanavine Dairy Limited,0,0,0,0,0,0,0,0,0,1,0,0,1
Sharma Delivery Services Limited,0,0,0,0,0,0,1,0,0,0,0,0,1
Cosmedilase Limited,0,0,0,0,1,0,0,0,0,0,0,0,1
Cosgrove electrical services Ltd,0,1,0,0,0,0,0,0,0,0,0,0,1
Corvus Hospitality Limited,1,0,0,0,0,0,0,0,0,0,0,0,1
Corrib Tyres Ltd T/A Craughwell Tyres,0,0,0,0,0,0,0,0,0,0,1,0,1
Corrib Fire Protection Company Ltd,0,0,1,0,0,0,0,0,0,0,0,0,1
Corrib Farming Limited,0,0,0,0,0,0,0,0,0,0,0,1,1
Cornmarket Group Financial Services,0,0,0,0,0,0,0,0,0,0,1,0,1
Cornhill Farm Enterprises Ltd,0,0,0,0,0,0,0,0,0,0,0,1,1
Cornelius O'Mahony,0,0,0,0,0,0,0,0,0,0,1,0,1
Cornelia Murphy Architects Limited,0,0,0,0,1,0,0,0,0,0,0,0,1
Kang Shun Restaurant Limited,0,0,0,0,0,0,0,1,0,0,0,0,1
Cork Visionplus Limited,0,0,0,0,0,0,0,1,0,0,0,0,1
Cork Education  Training Board,0,0,0,1,0,0,0,0,0,0,0,0,1
Cork County Cricket Club,0,1,0,0,0,0,0,0,0,0,0,0,1
Corgan IE Limited,0,1,0,0,0,0,0,0,0,0,0,0,1
Corcorans Engineering Enterprises Ltd,0,0,0,0,0,0,0,1,0,0,0,0,1
Corby Carriers Limited,0,0,0,0,0,1,0,0,0,0,0,0,1
Coraude Limited,0,0,0,0,0,0,0,1,0,0,0,0,1
Coral Nursing Social & Complementary Services Ltd,0,0,0,0,1,0,0,0,0,0,0,0,1
Cora Tine Teoranta t/a Kelsius,0,0,0,0,0,1,0,0,0,0,0,0,1
Cora Systems Limited,1,0,0,0,0,0,0,0,0,0,0,0,1
Cora Consulting Engineers Ltd,0,0,0,0,0,0,0,0,1,0,0,0,1
Corkery Alu-Cast Enterprises Ltd,0,0,0,0,0,1,0,0,0,0,0,0,1
Cristeano Limited,0,0,0,0,0,0,0,0,0,0,0,1,1
Crimeguard Security Services Limited,0,0,0,0,0,0,0,0,0,0,1,0,1
Crime Control Security Limited,0,0,0,1,0,0,0,0,0,0,0,0,1
CRIF Vision-net Ltd,0,0,1,0,0,0,0,0,0,0,0,0,1
Creva Industries,0,0,0,0,0,0,0,0,0,0,1,0,1
Cremin Mccarthy & Co. Chartered Accountants Limited,0,0,0,0,0,0,0,0,0,0,1,0,1
Cregg Labour Solutions Limited,0,0,0,0,0,0,0,0,1,0,0,0,1
Creditsafe Services Ltd - Irish Branch,0,0,0,0,0,0,0,0,0,0,1,0,1
Creditsafe Services Limited,1,0,0,0,0,0,0,0,0,0,0,0,1
Credit Card Systems Ireland ltd,0,0,1,0,0,0,0,0,0,0,0,0,1
Creative Engineering Limited,0,0,0,0,0,0,0,0,0,0,0,1,1
Cosmo Pharmaceuticals NV,0,0,0,0,0,0,0,0,1,0,0,0,1
Crane Hire Limited,0,0,1,0,0,0,0,0,0,0,0,0,1
Cranberrylane Limited,1,0,0,0,0,0,0,0,0,0,0,0,1
Cracked Nut Limited,0,1,0,0,0,0,0,0,0,0,0,0,1
CPI Technology Ltd.,0,0,0,0,0,0,0,0,0,1,0,0,1
Cpac Modular Limited,0,0,1,0,0,0,0,0,0,0,0,0,1
Coveglade Limited,1,0,0,0,0,0,0,0,0,0,0,0,1
Courtmacsherry Machinery Ltd,0,0,0,0,0,0,0,1,0,0,0,0,1
Coursetown Farm Ltd,0,0,1,0,0,0,0,0,0,0,0,0,1
Country Manor Hotels Unimited Company,0,0,1,0,0,0,0,0,0,0,0,0,1
Cottage Motors Limited,0,0,0,0,0,1,0,0,0,0,0,0,1
Costello Quarry Products Ltd,1,0,0,0,0,0,0,0,0,0,0,0,1
Crane Worldwide Logistics Ireland Limited,0,1,0,0,0,0,0,0,0,0,0,0,1
Conaty Catering Supplies Wholesale Ltd.,0,0,1,0,0,0,0,0,0,0,0,0,1
Conals Tree Services Ltd,0,0,0,0,0,0,0,0,0,1,0,0,1
ConAir Ventilation,0,0,0,0,0,0,1,0,0,0,0,0,1
Con Traas Ltd,0,0,0,0,0,0,1,0,0,0,0,0,1
Con Brouder Manufacturing Limited,1,0,0,0,0,0,0,0,0,0,0,0,1
Computerwise Limited,0,0,0,0,0,0,0,1,0,0,0,0,1
CompuCal Calibration Solutions Ltd,0,0,0,0,0,0,0,0,1,0,0,0,1
Compliance Software Systems DMO Limited,0,0,0,1,0,0,0,0,0,0,0,0,1
Compliance Engineering Ireland Ltd,0,0,1,0,0,0,0,0,0,0,0,0,1
Complete Stainless Engineering Ltd,0,0,0,0,0,0,0,1,0,0,0,0,1
Coppinger Row Juice Store Ltd,0,0,1,0,0,0,0,0,0,0,0,0,1
Compass Informatics Limited,0,0,0,0,0,0,0,0,1,0,0,0,1
Compass Catering Services Ireland Limited,0,0,0,0,0,0,0,1,0,0,0,0,1
Compas Equine Ltd,0,0,1,0,0,0,0,0,0,0,0,0,1
"Company""",1,0,0,0,0,0,0,0,0,0,0,0,1
Company Formations International Limited,0,1,0,0,0,0,0,0,0,0,0,0,1
Company Bureau Formations Unlimited Company,0,0,0,0,0,0,0,0,0,1,0,0,1
Company Auditor 4U Limited,0,0,1,0,0,0,0,0,0,0,0,0,1
Como Advance Limited,0,0,0,0,0,0,0,0,0,0,0,1,1
Commission for Railway Regulation,0,0,0,0,1,0,0,0,0,0,0,0,1
Commission for Communications Regulations,0,0,0,0,0,0,0,0,0,1,0,0,1
Commercial Diesel & Electrical Limited,0,0,0,0,0,0,0,0,1,0,0,0,1
COMPASSROCK INTERNATIONAL (IRELAND) LIMITED,0,1,0,0,0,0,0,0,0,0,0,0,1
Copper Grove Investments Ltd,0,0,0,0,0,0,0,1,0,0,0,0,1
COPE Galway Company Limited by Guarantee,0,0,0,0,0,0,0,0,0,0,1,0,1
Cope Foundation,0,0,1,0,0,0,0,0,0,0,0,0,1
Copa Jade Limited,1,0,0,0,0,0,0,0,0,0,0,0,1
Cooperative Learning Institute Ltd,0,0,0,1,0,0,0,0,0,0,0,0,1
Cooper Hill Dairies Limited,0,0,0,0,1,0,0,0,0,0,0,0,1
Coolnagour Ltd.,1,0,0,0,0,0,0,0,0,0,0,0,1
Coolmore Property Developments Ltd,0,0,0,0,0,0,0,0,1,0,0,0,1
Coolmakee Farm Limited,0,0,0,0,0,0,0,0,0,0,0,1,1
Coolbite Ltd,0,0,0,0,1,0,0,0,0,0,0,0,1
Coolavoran Contractors Ltd,0,0,0,0,0,0,0,0,0,0,0,1,1
Concast Building Ltd,0,0,0,0,0,0,0,0,0,1,0,0,1
Cool Cat Plant Services Ltd,0,0,0,0,0,0,1,0,0,0,0,0,1
Cool Cat Plant Services Limited,1,0,0,0,0,0,0,0,0,0,0,0,1
Coogan Meats Limited,1,0,0,0,0,0,0,0,0,0,0,0,1
Control Equipment Ltd,0,0,0,0,0,0,0,0,0,0,1,0,1
Construction & Rail Solutions Limited,0,0,1,0,0,0,0,0,0,0,0,0,1
Conor O Sullivan Limited,0,0,0,0,1,0,0,0,0,0,0,0,1
Conor Engineering Ltd,1,0,0,0,0,0,0,0,0,0,0,0,1
Connect Control Systems Manufacturing,0,1,0,0,0,0,0,0,0,0,0,0,1
Connacht Hospitality Forster Street Limited,0,0,1,0,0,0,0,0,0,0,0,0,1
Connacht Branch IRFU,0,0,1,0,0,0,0,0,0,0,0,0,1
Conna Dairy Farms Limited,0,0,0,0,0,0,0,0,0,1,0,0,1
Cool Planet Clarity Limited,1,0,0,0,0,0,0,0,0,0,0,0,1
Daniel’s Barber Shop,0,0,0,0,0,0,0,0,1,0,0,0,1
Daniel Broderick,0,0,1,0,0,0,0,0,0,0,0,0,1
Danann Air Limited,0,0,1,0,0,0,0,0,0,0,0,0,1
Dan Foley Utility Services Groundworks Limited,1,0,0,0,0,0,0,0,0,0,0,0,1
Dame street medical limited,0,0,0,0,0,0,0,1,0,0,0,0,1
Dalkey Fish Emporium Limited,0,0,0,0,0,0,0,0,0,0,0,1,1
Dalang Korean Restaurant Limited,0,0,0,0,0,0,0,0,0,0,0,1,1
Dairymaster,0,0,0,0,0,0,0,1,0,0,0,0,1
Dairygold Co-operative Society Limited,0,0,0,0,0,1,0,0,0,0,0,0,1
Dairyglen Products Limited,0,0,0,0,0,0,0,0,1,0,0,0,1
Cristiane da Silva Pinto t/a Gloss Nail Boss Academy,0,0,0,0,0,0,1,0,0,0,0,0,1
Dairy Green Ventures Ltd,0,0,0,0,0,0,0,1,0,0,0,0,1
Daikin Europe N.V. Ireland Office,0,0,0,0,0,0,0,0,1,0,0,0,1
Daiichi Sankyo Ireland Limited,0,0,0,0,0,0,0,0,1,0,0,0,1
DAHFS Health Limited,0,0,0,0,0,0,0,0,0,0,0,1,1
DAE (Ireland) Ltd,0,0,0,0,0,0,0,1,0,0,0,0,1
Da Tong Xing Ye Limited,0,1,0,0,0,0,0,0,0,0,0,0,1
Da Lidia Limited,0,0,0,0,0,0,0,0,0,0,0,1,1
D. O'Sullivan (Print Supplies) Ltd,1,0,0,0,0,0,0,0,0,0,0,0,1
D. Dennehy Ltd,0,0,0,0,0,0,0,0,0,0,0,1,1
D. D. Williamson (Ireland) Limited,0,0,0,0,0,0,0,0,0,0,0,1,1
D&W Future Limited,0,0,0,0,0,0,0,0,0,0,0,1,1
Dairy Stride Ltd,0,0,0,0,0,0,0,0,0,0,0,1,1
Davies Arc Design Limited,1,0,0,0,0,0,0,0,0,0,0,0,1
David Wilson,0,1,0,0,0,0,0,0,0,0,0,0,1
DAVID SLATTERY CONSERVATION ARCHITECTS LIMITED,0,0,0,0,0,1,0,0,0,0,0,0,1
David O Leary,0,0,0,0,1,0,0,0,0,0,0,0,1
David O' Flaherty,0,0,0,0,0,0,0,0,1,0,0,0,1
David Kenneally Construction Limited,0,0,0,0,0,0,0,0,1,0,0,0,1
David Farrell,0,0,0,0,0,0,0,1,0,0,0,0,1
david deasy,0,0,0,0,0,0,1,0,0,0,0,0,1
David Crowley Furniture Limited,1,0,0,0,0,0,0,0,0,0,0,0,1
David and William O'Brien,1,0,0,0,0,0,0,0,0,0,0,0,1
Davenham Switchgear Limited,0,0,0,0,0,0,0,0,0,1,0,0,1
Daniels Farm Ltd,0,0,0,0,0,0,0,0,1,0,0,0,1
Datoba Engineering Construction Ireland Limited,0,0,0,0,0,0,0,0,0,0,1,0,1
Dataworks Limited,0,0,0,0,0,0,0,1,0,0,0,0,1
Data Protection Training and Auditing Services Limited,1,0,0,0,0,0,0,0,0,0,0,0,1
Data Edge Ltd.,0,0,0,0,0,1,0,0,0,0,0,0,1
Data Construction Managment Services Limited,0,1,0,0,0,0,0,0,0,0,0,0,1
Darnvale Ltd,0,0,1,0,0,0,0,0,0,0,0,0,1
Darius Mazeika,0,0,1,0,0,0,0,0,0,0,0,0,1
Daresull Limited,0,0,0,0,1,0,0,0,0,0,0,0,1
Darcy-Mullen Home Care Services,0,0,0,0,0,0,0,0,1,0,0,0,1
Danu Environmental Ltd,0,0,0,0,0,0,0,1,0,0,0,0,1
Danile Sanches,0,0,0,0,0,0,1,0,0,0,0,0,1
Davaasuren Zagd,0,0,0,0,0,0,0,0,0,1,0,0,1
Cummins Transport Limited,0,0,0,0,0,0,0,0,0,1,0,0,1
Cumming Group Ireland Limited,0,0,0,0,0,0,0,0,1,0,0,0,1
Cumann Trachtala Corcaighe (The Cork Chamber of Commerce),0,1,0,0,0,0,0,0,0,0,0,0,1
Cumann Lúthchleas Gael,0,0,0,0,0,0,0,1,0,0,0,0,1
Cullens Recovery and Repairs Ltd,0,0,0,0,1,0,0,0,0,0,0,0,1
Cuckoo Events Limited,0,0,1,0,0,0,0,0,0,0,0,0,1
Cube Printing Ltd.,0,0,0,0,0,0,0,1,0,0,0,0,1
Cs Stays Limited,0,0,0,0,0,0,0,0,1,0,0,0,1
Crystal Valet Centre Limited,0,0,0,0,1,0,0,0,0,0,0,0,1
Crystal Air Ltd,0,0,0,0,0,0,0,0,1,0,0,0,1
Crusoe AI Ireland Limited,0,0,0,0,0,0,0,0,0,0,1,0,1
D&S Roe Limited,0,0,0,1,0,0,0,0,0,0,0,0,1
Crown Roofing & Cladding Ltd,0,0,0,0,0,0,0,0,0,1,0,0,1
Crown Foods LTD,0,1,0,0,0,0,0,0,0,0,0,0,1
Crossell Limited,0,0,1,0,0,0,0,0,0,0,0,0,1
Cross Blue Holdings,0,0,1,0,0,0,0,0,0,0,0,0,1
Crosbie Refrigeration,0,0,0,0,0,0,0,0,0,0,1,0,1
Croom Precision Tooling Ltd T/A Croom Medical,0,0,0,0,1,0,0,0,0,0,0,0,1
Crooked House Theatre Company,0,0,0,0,0,0,0,0,1,0,0,0,1
Cronins Coaches Limited,0,0,1,0,0,0,0,0,0,0,0,0,1
Cronin Financial Limited,0,1,0,0,0,0,0,0,0,0,0,0,1
Cronelea Windfarm Ltd,0,0,0,0,0,0,0,1,0,0,0,0,1
Crofton Interiors Ltd,0,0,0,0,0,0,0,0,0,0,0,1,1
Cruatech Limited Advancis Identity Solutions Ltd,0,0,0,0,0,0,0,0,0,0,0,1,1
D&E Dental Limited,0,0,0,0,0,0,0,0,0,0,0,1,1
D' Nile International Consulting and Trading Limited,0,1,0,0,0,0,0,0,0,0,0,0,1
D and W O Driscoll Farms Ltd.,0,0,0,0,0,0,0,0,0,1,0,0,1
"D AND S ROE, LTD",0,0,0,0,0,0,0,1,0,0,0,0,1
Cytiva Ireland Limited,0,0,0,0,0,0,0,1,0,0,0,0,1
Cybereason Limited,0,0,0,0,0,0,0,0,0,1,0,0,1
Cyber Sol Limited,0,0,0,0,1,0,0,0,0,0,0,0,1
Cyber Leaf Services Limited,0,0,0,0,0,0,0,1,0,0,0,0,1
CY Khor Limited,0,0,1,0,0,0,0,0,0,0,0,0,1
Cxyzyz Phone Tech Ltd,0,0,0,0,0,0,0,0,0,0,1,0,1
Cxm Tech services Ireland limited,0,0,0,0,1,0,0,0,0,0,0,0,1
Cunnane Stratton Reynolds,1,0,0,0,0,0,0,0,0,0,0,0,1
CWire Retail 2 Limited,0,1,0,0,0,0,0,0,0,0,0,0,1
CWIRE RETAIL 17 Limited,0,0,0,0,0,0,0,0,1,0,0,0,1
CWIRE Retail 16 LTD,0,0,0,0,0,0,0,0,0,1,0,0,1
CW O'Brien Architects Limited,0,0,0,0,0,0,0,1,0,0,0,0,1
Custom Electronics Limited,0,0,0,0,0,0,0,0,0,1,0,0,1
Custodian Print Management Consultancy Unlimited Company,0,0,0,0,0,0,0,0,0,1,0,0,1
Cuspal Limited,0,0,1,0,0,0,0,0,0,0,0,0,1
Currenxie Technologies Ltd,0,0,1,0,0,0,0,0,0,0,0,0,1
Curran Aluminium and P.V.C. Limited,0,0,0,0,0,0,0,0,1,0,0,0,1
Curraghdermot Farm Partnership,0,0,0,0,0,0,0,0,0,1,0,0,1
Curam Medical Limited,0,0,0,1,0,0,0,0,0,0,0,0,1
Cwire Retail 3 Ltd,0,0,0,0,0,0,0,0,1,0,0,0,1
CHENGLE YU,0,0,0,0,1,0,0,0,0,0,0,0,1
Cheng Keong Chong,0,0,0,0,0,0,0,1,0,0,0,0,1
Chen Yu Newsworld Limited,0,0,0,0,0,1,0,0,0,0,0,0,1
Chen & Yi Limited,0,0,0,0,0,0,0,0,1,0,0,0,1
ChemPoint Ireland Ltd,0,0,0,0,0,0,0,0,0,0,1,0,1
Cheflink Limited,0,0,0,0,0,1,0,0,0,0,0,0,1
Cheerfood Limited,0,0,0,1,0,0,0,0,0,0,0,0,1
Checkback International Ltd,0,0,0,0,0,0,0,0,1,0,0,0,1
Chatthai Foods Limited,0,0,0,0,0,0,0,0,1,0,0,0,1
Chase Fashions Limited,1,0,0,0,0,0,0,0,0,0,0,0,1
Comix Food Connections Ltd,0,0,0,0,0,1,0,0,0,0,0,0,1
Charter Medical Private Hospital Limited,0,0,0,1,0,0,0,0,0,0,0,0,1
Charleville RAC Services Limited,0,0,0,1,0,0,0,0,0,0,0,0,1
Charlestown Racing Limited,0,0,0,1,0,0,0,0,0,0,0,0,1
Charlesland Pub Limited,0,0,0,0,0,0,0,0,0,0,0,1,1
Charles River Development Ireland Limited,0,0,0,0,0,0,0,0,0,0,0,1,1
Charles O'Sullivan Ltd.,0,0,0,0,0,0,0,0,1,0,0,0,1
Charles McCandless,0,1,0,0,0,0,0,0,0,0,0,0,1
Charles J Johnston & Son Ltd.,0,0,0,0,0,0,0,1,0,0,0,0,1
Charlene Murphy,0,0,0,0,0,0,0,0,1,0,0,0,1
Charleen Limited,0,0,0,0,0,0,0,0,0,0,0,1,1
Chapple Catering Limited,1,0,0,0,0,0,0,0,0,0,0,0,1
Chasco Investments Limited,0,1,0,0,0,0,0,0,0,0,0,0,1
Cinnamon Garden Limited,0,0,1,0,0,0,0,0,0,0,0,0,1
Cilter Technologies Limited,0,0,0,0,0,0,0,0,0,1,0,0,1
Cicinfly Limited,0,0,0,0,0,0,1,0,0,0,0,0,1
Chyangba Limited,0,0,1,0,0,0,0,0,0,0,0,0,1
Chutzpah 919 Newbridge Ltd,0,0,0,0,0,0,0,0,0,0,1,0,1
Churchtown Stores,0,0,0,0,0,0,0,1,0,0,0,0,1
Churchill Stone Ltd,0,0,0,0,0,0,0,0,1,0,0,0,1
Churchill House Estate Company Limited,0,0,1,0,0,0,0,0,0,0,0,0,1
Churchfield Home Services Limited,0,0,0,0,0,0,1,0,0,0,0,0,1
Chung Chinese Takeaway Limited,1,0,0,0,0,0,0,0,0,0,0,0,1
Chun Yeh Lee & Chai Sheng Hee,0,0,0,0,0,0,1,0,0,0,0,0,1
China Garden (Peony) Limited,0,0,0,0,0,0,0,0,0,0,0,1,1
Christopher Flanagan,0,0,0,0,0,0,0,0,0,1,0,0,1
Christie Dental,0,0,0,0,0,0,0,0,0,0,0,1,1
"Christ Church Cathedral, Dublin Company Limited By Guarantee",0,0,0,0,1,0,0,0,0,0,0,0,1
Chopped Ilac Limited,1,0,0,0,0,0,0,0,0,0,0,0,1
Chocolate Brown Ltd,0,0,0,0,0,0,1,0,0,0,0,0,1
Chiropractic Corporation Ltd,0,0,1,0,0,0,0,0,0,0,0,0,1
Chipright Ltd,0,0,0,0,0,0,0,0,0,1,0,0,1
Chint Ireland Limited,0,0,0,0,0,0,0,0,0,1,0,0,1
China Sea Huang Ltd,0,0,0,0,0,0,0,0,0,0,1,0,1
China Park Chinese Takeaway Limited,1,0,0,0,0,0,0,0,0,0,0,0,1
China Island Limited,0,1,0,0,0,0,0,0,0,0,0,0,1
Chun Hua Zhang,0,0,1,0,0,0,0,0,0,0,0,0,1
Cennox Limited,0,0,0,0,0,0,0,0,0,0,0,1,1
Celtic Ross Hotel Limited,0,0,0,1,0,0,0,0,0,0,0,0,1
Celtic Dynamics Engineering Ltd,1,0,0,0,0,0,0,0,0,0,0,0,1
Cellix Limited,0,0,0,0,0,0,0,0,0,1,0,0,1
Cell Fone Fix,0,0,0,0,0,1,0,0,0,0,0,0,1
Cell Again Ireland Limited,0,0,0,0,1,0,0,0,0,0,0,0,1
Celestine Cafe Bar Limited,0,0,0,0,0,0,0,0,0,0,1,0,1
CDK Global Automotive Systems (Ireland) Limited,0,0,0,0,1,0,0,0,0,0,0,0,1
CDB Aviation Lease Finance Designated Activity Company,0,0,0,0,0,0,0,0,0,0,1,0,1
CCW Carraig Vets LTD,0,0,1,0,0,0,0,0,0,0,0,0,1
CCM International Ltd,0,0,0,0,0,0,0,1,0,0,0,0,1
Chanyjian Limited,0,0,1,0,0,0,0,0,0,0,0,0,1
CCI IT Ireland Limited,0,0,0,0,0,0,0,0,0,1,0,0,1
CCFJ Cross Limited,0,0,0,0,0,0,0,0,0,1,0,0,1
CCB Leasing (International) Corporation DAC,0,0,0,0,0,0,0,0,1,0,0,0,1
CCA Motors Ltd t/a Hanly Motors,0,0,0,0,0,0,1,0,0,0,0,0,1
CBS Consulting Engineers Ltd,0,0,0,0,0,0,0,1,0,0,0,0,1
CBRE Advisory (IRL) Limited,0,0,0,0,0,0,0,0,0,1,0,0,1
CBC Monkstown Park,0,0,0,0,0,0,0,0,0,0,1,0,1
CB Automate Technology Ltd,0,0,1,0,0,0,0,0,0,0,0,0,1
Cawley NEA Limited,0,0,1,0,0,0,0,0,0,0,0,0,1
Cavan Equestrian Centre Ltd,0,0,0,0,0,0,0,0,0,0,0,1,1
Cavan Crystal Hospitality Ltd,0,1,0,0,0,0,0,0,0,0,0,0,1
CCL Contracts,0,0,0,0,0,0,0,0,0,0,1,0,1
Chans Culinary Limited,0,0,0,0,0,0,0,0,0,0,1,0,1
ChannelSight Limited,0,0,0,0,0,0,0,1,0,0,0,0,1
Changhua Wang,0,0,0,0,1,0,0,0,0,0,0,0,1
Changarro Mexican Restaurant Limited,0,0,0,1,0,0,0,0,0,0,0,0,1
Chang Thai Catering Ltd,0,0,0,0,0,0,0,0,1,0,0,0,1
Chanel College,0,0,0,0,0,0,1,0,0,0,0,0,1
Chandpur Tandoori Limited,0,0,0,0,0,1,0,0,0,0,0,0,1
Chandpur Indian Restaurant Limited,0,0,0,1,0,0,0,0,0,0,0,0,1
Chan & Ye Ltd,0,0,0,0,0,0,0,1,0,0,0,0,1
Champions Travel Limited,0,0,0,1,0,0,0,0,0,0,0,0,1
Chambers Engineering Limited,1,0,0,0,0,0,0,0,0,0,0,0,1
Cental Engineering Limited,0,0,0,0,0,0,0,0,0,0,0,1,1
CG Hotel Dublin Airport Ltd,0,0,0,0,0,0,0,1,0,0,0,0,1
CF Pharma Limted,0,0,0,0,0,0,0,0,0,0,0,1,1
CF Pharma Ireland Ltd,0,0,0,0,0,0,1,0,0,0,0,0,1
Certus Cybersecurity Solutions Ireland Limited,1,0,0,0,0,0,0,0,0,0,0,0,1
Centz Stores 6 Limited,0,0,0,1,0,0,0,0,0,0,0,0,1
Centurion Properties Limited,0,1,0,0,0,0,0,0,0,0,0,0,1
Centrica Business Solutions Ireland Limited,0,0,0,0,0,0,0,0,0,0,0,1,1
Centre of English Studies,0,0,0,0,0,0,0,0,0,1,0,0,1
Centralis Ireland Limited,0,0,0,1,0,0,0,0,0,0,0,0,1
Central Pump Supplies Limited,0,0,0,0,1,0,0,0,0,0,0,0,1
Central Bus and Coach Limited,0,0,0,0,1,0,0,0,0,0,0,0,1
CH Marine Ltd,0,0,1,0,0,0,0,0,0,0,0,0,1
Coastal Ventures Limited,0,0,0,0,0,0,0,0,0,0,1,0,1
Coakley O'Neill Town Planning Ltd,0,0,0,0,0,0,0,1,0,0,0,0,1
Coady Partnership Architects Ltd,0,0,0,0,0,0,0,0,0,0,0,1,1
Coachouse Catering Limited,0,0,0,0,1,0,0,0,0,0,0,0,1
CN Noodle Ltd,0,0,0,0,0,0,0,1,0,0,0,0,1
CN Khor Ltd,0,0,0,0,0,0,0,1,0,0,0,0,1
CMS Machinery Limited,0,0,0,1,0,0,0,0,0,0,0,0,1
Cmines-PAL Ltd,0,0,0,0,0,0,0,0,0,0,0,1,1
CMA CGM Shipping (Ireland) Ltd,0,0,0,0,0,0,0,0,1,0,0,0,1
CM Bard Tavern Limited,0,0,0,0,0,0,0,0,0,0,1,0,1
Cinzento Investments Limited,0,0,0,0,0,0,0,1,0,0,0,0,1
Clynch Construction Limited,0,0,0,1,0,0,0,0,0,0,0,0,1
Clúid Housing Association,0,0,0,0,0,0,1,0,0,0,0,0,1
Club Travel Ltd,1,0,0,0,0,0,0,0,0,0,0,0,1
Club Spraoi Ltd,0,0,0,0,0,0,1,0,0,0,0,0,1
Clover Catering Limited,0,0,0,0,0,0,0,0,0,0,1,0,1
Cloughkeating Dooradoyle Limited,0,0,0,0,1,0,0,0,0,0,0,0,1
Cloud Software Operations (Ireland) Limited,0,0,0,1,0,0,0,0,0,0,0,0,1
Cloud Cafe Cuisine LTD,0,0,0,0,0,0,0,0,0,0,1,0,1
Clorane Farm Limited,0,1,0,0,0,0,0,0,0,0,0,0,1
Clontarf Private Nursing Home Ltd,1,0,0,0,0,0,0,0,0,0,0,0,1
Clontarf Lotts Limited,0,0,0,0,0,0,0,0,1,0,0,0,1
CM Arbor Ltd,0,0,0,0,0,0,1,0,0,0,0,0,1
Cometgaze Limited,0,0,0,0,0,0,0,0,0,0,0,1,1
Colworth Limited,0,0,1,0,0,0,0,0,0,0,0,0,1
Colton Motors Limited,0,0,1,0,0,0,0,0,0,0,0,0,1
Colmar Restaurant Limited,0,1,0,0,0,0,0,0,0,0,0,0,1
Colm Smith Dental Unlimited Company,0,0,0,0,0,1,0,0,0,0,0,0,1
Collumb's  Personal Assistant Service Dublin,0,0,0,0,0,0,0,0,0,1,0,0,1
College Proteins Ltd,0,0,0,0,1,0,0,0,0,0,0,0,1
College Medical Practice,0,0,0,0,1,0,0,0,0,0,0,0,1
College Inns Limited,0,0,0,0,0,0,0,1,0,0,0,0,1
Colin Goss,0,0,0,0,0,0,0,0,0,0,1,0,1
Coleco Trading Company Limited,0,0,0,0,0,1,0,0,0,0,0,0,1
Cobh Ramblers Limited,0,0,0,1,0,0,0,0,0,0,0,0,1
Coldforest Limited,0,0,1,0,0,0,0,0,0,0,0,0,1
Coinford Limited,0,0,0,0,0,0,0,0,0,0,1,0,1
Coiffeur Salons Limited,0,0,0,0,0,0,0,1,0,0,0,0,1
Cogan's Garage Ltd,0,0,0,0,0,0,0,0,0,1,0,0,1
Coffee Scape,0,0,0,0,0,0,0,0,0,0,1,0,1
Coconostra Limited,0,0,0,0,0,1,0,0,0,0,0,0,1
Coco Queens Wok Chinese Takeaway Limited,1,0,0,0,0,0,0,0,0,0,0,0,1
COCO Hand and Foot Spa by Mark Limited,1,0,0,0,0,0,0,0,0,0,0,0,1
Coco Bee Childcare Limited,0,0,0,0,0,0,0,1,0,0,0,0,1
Cochin Spice Indian Restayrant Limited,0,0,1,0,0,0,0,0,0,0,0,0,1
Coca-Cola HBC Ireland Limited,0,0,0,0,0,0,0,1,0,0,0,0,1
Coldspeed Refrigerated Transport Ltd,0,0,0,0,0,0,0,0,0,0,1,0,1
Clarus Property Services Limited,0,0,0,0,0,0,0,0,1,0,0,0,1
Clarity Computer (Distribution) Limited,0,0,1,0,0,0,0,0,0,0,0,0,1
Clare Taverns Unlimited Company,0,0,1,0,0,0,0,0,0,0,0,0,1
Clare Physiotherapy &  Sports Injury Clinic Ltd,0,0,0,0,0,0,1,0,0,0,0,0,1
Clanwilliam Health (Socrates) Limited,0,0,0,0,0,0,0,0,1,0,0,0,1
Clannad Medical Centre,0,0,0,0,0,0,0,0,0,0,0,1,1
Clandillon Civil Consulting Ltd.,0,0,0,0,0,0,0,0,0,1,0,0,1
Clancy Radiators Limited,0,1,0,0,0,0,0,0,0,0,0,0,1
Claire Walsh Archaeological Projects Ltd.,0,0,1,0,0,0,0,0,0,0,0,0,1
Claire Buckley,0,0,0,0,0,0,0,1,0,0,0,0,1
CJJ Ventures Limited,0,0,0,0,0,0,0,0,0,0,0,1,1
Clonnoe Farm Ltd,0,0,0,0,0,0,0,0,0,1,0,0,1
CITYWIDE LOGISTICS LIMITED,0,0,0,0,0,0,0,0,0,1,0,0,1
Cityhome Property Management Limited,0,0,0,1,0,0,0,0,0,0,0,0,1
City Wonders Limited,1,0,0,0,0,0,0,0,0,0,0,0,1
City Education & Learning Group Limited,0,0,1,0,0,0,0,0,0,0,0,0,1
City Direct Bus Limited,0,1,0,0,0,0,0,0,0,0,0,0,1
Citco Custody Limited,0,0,0,0,1,0,0,0,0,0,0,0,1
Cirio Developments Limited,0,0,0,0,1,0,0,0,0,0,0,0,1
Circulator Limited,0,0,0,0,0,0,1,0,0,0,0,0,1
Circulate Online Limited,1,0,0,0,0,0,0,0,0,0,0,0,1
Circle Internet Financial Trading Company Limited,0,0,0,1,0,0,0,0,0,0,0,0,1
Circit Limited,0,0,0,0,1,0,0,0,0,0,0,0,1
CJCM Investment Limited,0,0,0,0,1,0,0,0,0,0,0,0,1
Clonmorris Services Limited,0,0,0,0,0,0,0,0,1,0,0,0,1
Clonlahy Dairy Farm Limited,0,0,0,0,0,0,0,0,1,0,0,0,1
Clonee Farm,0,0,0,0,0,0,0,0,0,1,0,0,1
Clonbrusk General Practice,0,0,1,0,0,0,0,0,0,0,0,0,1
Clonberton Farm Limited,0,0,0,0,0,0,0,0,0,0,1,0,1
Clogrennane Lime Limited,1,0,0,0,0,0,0,0,0,0,0,0,1
Cloghroe Farming Ltd,0,0,0,0,0,0,0,0,0,0,1,0,1
CLL Investment Limited,1,0,0,0,0,0,0,0,0,0,0,0,1
Cliste Consultants Limited,0,0,0,0,0,0,0,1,0,0,0,0,1
Clinic4U Limited,0,0,0,1,0,0,0,0,0,0,0,0,1
Climeaction Horizons Ltd,0,0,0,0,0,0,0,0,0,0,1,0,1
Clash Dairy Ltd,0,0,0,1,0,0,0,0,0,0,0,0,1
ClickUp Ireland Ltd,0,0,0,0,0,0,0,0,0,0,1,0,1
Clermont Health,0,0,0,0,0,0,0,1,0,0,0,0,1
Clermont Entertainment Limited,0,0,0,0,0,0,0,1,0,0,0,0,1
Clementstown Properties Limited,0,1,0,0,0,0,0,0,0,0,0,0,1
Clementino Neto Ferreira de Carvalho,0,0,0,0,0,0,0,0,0,0,1,0,1
Clearstream Technologies Limited,0,0,0,0,0,0,0,1,0,0,0,0,1
Clearcode Consulting Limited,0,0,0,0,0,0,0,0,0,1,0,0,1
Clearbrook Healthcare Limited,0,0,0,0,0,0,1,0,0,0,0,0,1
Clear Strategy Limited,0,0,0,0,0,0,0,0,0,0,1,0,1
Cleaning Machines Green Clean Ltd.,0,0,0,0,0,0,0,1,0,0,0,0,1
Classic Accounts And IT Services Limited,1,0,0,0,0,0,0,0,0,0,0,0,1
Clifford Desmond & Associates,1,0,0,0,0,0,0,0,0,0,0,0,1
Easyfresh Ireland Ltd,0,0,0,0,0,0,0,0,0,1,0,0,1
Easyflyers Logistics (Ireland) Limited,0,0,0,0,0,0,0,0,1,0,0,0,1
Easy Payroll Global Limited,0,0,1,0,0,0,0,0,0,0,0,0,1
Eastern and Midland Regional Assembly,0,0,0,0,0,0,0,0,0,0,0,1,1
Earl of Desmond (Tralee) Ltd,0,0,0,0,0,0,0,0,0,1,0,0,1
Eardly Agricultural Services Ltd,0,0,1,0,0,0,0,0,0,0,0,0,1
Eamonn Barrett International Transport Ltd,0,0,0,0,1,0,0,0,0,0,0,0,1
Eamon Costello (Kerry) Limited,0,0,0,0,0,0,0,0,0,0,1,0,1
Eala Bhán Teoranta,0,1,0,0,0,0,0,0,0,0,0,0,1
Eagle Healthcare Limited,0,0,0,0,0,0,1,0,0,0,0,0,1
Dawid Zychowski/BMD Motors,0,0,1,0,0,0,0,0,0,0,0,0,1
E.J.King Bar Limited,0,0,0,0,0,0,0,0,1,0,0,0,1
E.J. O'Grady,0,0,1,0,0,0,0,0,0,0,0,0,1
E.J. Kings Bar Limited,0,0,1,0,0,0,0,0,0,0,0,0,1
E.D AUTOS,0,0,0,0,0,0,1,0,0,0,0,0,1
E. PEARSON & CO LTD.,0,0,0,0,0,0,0,1,0,0,0,0,1
E Search DAC,0,0,1,0,0,0,0,0,0,0,0,0,1
E & W Catering Ltd T/A Ming Court,1,0,0,0,0,0,0,0,0,0,0,0,1
Dysart Construction Limited,0,0,0,0,0,0,0,0,0,0,0,1,1
Dyne Consultancy Distribution Limited,0,0,0,0,0,0,0,1,0,0,0,0,1
DYNAMICSOFTWARE PROVIDERS LIMITED,0,0,0,0,0,0,0,0,0,1,0,0,1
Dynamic Safety Solutions EU Ltd,0,0,0,0,0,0,0,0,1,0,0,0,1
EAC Farming Limited,0,0,0,0,0,0,0,0,0,1,0,0,1
EDWARD SAWAT LTD.,0,0,0,0,0,0,0,0,1,0,0,0,1
Edward O Neill,0,0,0,0,0,0,0,1,0,0,0,0,1
Edward Lynam,1,0,0,0,0,0,0,0,0,0,0,0,1
Edward & Patrick O'Sullivan,0,0,0,0,0,0,0,0,0,0,1,0,1
Edmund Browne Construction Limited,0,0,0,0,0,1,0,0,0,0,0,0,1
Edgewater Medical Centre Limited,0,0,0,0,0,1,0,0,0,0,0,0,1
Eden Quay Taverns Limited,0,0,0,0,0,0,0,0,0,1,0,0,1
"Edel Bailey, DSG Freight Services Unlimited",1,0,0,0,0,0,0,0,0,0,0,0,1
ED Tyrestop Limited,0,0,0,0,0,0,0,0,0,0,1,0,1
ED Advanced Medical Services Limited,0,0,0,0,0,0,0,0,0,0,1,0,1
Ectiva Health Products Ltd.,0,0,1,0,0,0,0,0,0,0,0,0,1
Eat Social Ltd,0,0,0,0,0,0,0,0,0,0,1,0,1
Ecoplex Energy Solutions Limited,0,1,0,0,0,0,0,0,0,0,0,0,1
EcoMondis Unlimited Company,1,0,0,0,0,0,0,0,0,0,0,0,1
Ecolab Limited,0,1,0,0,0,0,0,0,0,0,0,0,1
eCOGRA,0,0,0,0,0,0,0,0,0,1,0,0,1
ECOCO ASIAN KITCHEN LIMITED,0,0,0,0,0,0,1,0,0,0,0,0,1
Ecocem Materials Limited,0,0,1,0,0,0,0,0,0,0,0,0,1
Ecocem Ireland Limited,0,0,0,0,0,0,0,0,1,0,0,0,1
ECI -  European Chemical Industries Limited,0,0,1,0,0,0,0,0,0,0,0,0,1
Echelon DC Holdings Ltd,0,0,0,0,0,0,0,0,0,0,1,0,1
E-Bike House Limited,0,0,0,0,0,0,0,0,0,0,1,0,1
Eberdon Limited,0,0,0,0,0,0,0,0,0,1,0,0,1
Ecovolt Limited,0,0,1,0,0,0,0,0,0,0,0,0,1
Dublin Specsavers Hearcare Limited,0,1,0,0,0,0,0,0,0,0,0,0,1
Dublin Orthodontics Ltd,0,0,0,0,0,0,0,0,0,0,0,1,1
Dublin North East Drugs & Alcohol Task Force,1,0,0,0,0,0,0,0,0,0,0,0,1
Dublin Machine Tool Service Ltd,0,0,0,0,1,0,0,0,0,0,0,0,1
Dublin Ink Social Club Limited,0,0,0,0,0,0,0,0,1,0,0,0,1
Dublin HHT Cartography House,0,0,0,0,0,0,0,0,0,0,0,1,1
Dublin Heritage Pubs Smc Limited,0,0,0,0,0,0,0,1,0,0,0,0,1
Dublin Central Mission Designated Activity Company,0,0,0,0,0,0,1,0,0,0,0,0,1
Dublin Central Kitchen Limited,0,0,0,0,0,0,0,0,0,0,1,0,1
Dublin 18 Strength & Conditioning Limited,0,0,1,0,0,0,0,0,0,0,0,0,1
D'VINE CAFE BAR & RESTAURANT LIMITED,0,0,0,0,0,0,1,0,0,0,0,0,1
Duan Yu Gao,0,0,0,0,0,0,0,1,0,0,0,0,1
Dualtron Ltd.,0,0,0,0,0,0,0,0,0,0,1,0,1
DTL SYSTEMS LIMITED,0,0,0,0,0,1,0,0,0,0,0,0,1
Dten Nails Limited,0,0,0,0,0,1,0,0,0,0,0,0,1
DSM Process Installations Ltd,0,0,0,0,1,0,0,0,0,0,0,0,1
DSH Catering Limited,0,0,1,0,0,0,0,0,0,0,0,0,1
DSB Retail Outsourcing Limited,0,0,0,0,0,0,1,0,0,0,0,0,1
DSB Electrical (Templeogue) Limited,0,0,1,0,0,0,0,0,0,0,0,0,1
DS Refrigeration & Catering Limited,0,0,0,0,0,0,0,0,0,1,0,0,1
Drury Leisure Investments Ltd,0,0,0,0,0,1,0,0,0,0,0,0,1
Drunken Fish Limited,0,0,0,0,0,0,0,0,1,0,0,0,1
Dublin 12 Motors Ltd,0,0,0,0,0,0,0,0,0,0,1,0,1
DV by Daniela Vasilean Limited,0,0,0,0,0,1,0,0,0,0,0,0,1
Dunworks Contracting Ltd,0,0,0,0,0,0,0,0,0,0,0,1,1
Duntech Electrical Solutions Limited,0,0,0,0,0,0,1,0,0,0,0,0,1
Dunowen Farm Partnership,0,0,0,1,0,0,0,0,0,0,0,0,1
Dunmore House Hotel Limited,1,0,0,0,0,0,0,0,0,0,0,0,1
Dunleavy Meats Unlimited Company,0,0,1,0,0,0,0,0,0,0,0,0,1
Duneolas Limited,1,0,0,0,0,0,0,0,0,0,0,0,1
Dundrummonds Farms Limited,0,0,0,0,0,0,0,1,0,0,0,0,1
Dundrum Transport Ltd,1,0,0,0,0,0,0,0,0,0,0,0,1
Dundalk Specsavers Hearcare Limited,0,0,0,0,0,0,1,0,0,0,0,0,1
Dundalk Institute of Technology,0,0,0,0,0,0,0,0,1,0,0,0,1
Dublin Spire Painting Limited,1,0,0,0,0,0,0,0,0,0,0,0,1
Dundalk Bay Brewery and Distillery Company Limited,1,0,0,0,0,0,0,0,0,0,0,0,1
Dun Laoghaire Rathdown Chamber of Commerce,1,0,0,0,0,0,0,0,0,0,0,0,1
Dun Laoghaire Merchant Limited,0,1,0,0,0,0,0,0,0,0,0,0,1
"Dun Laoghaire Institute of Art, Design & Technology",0,1,0,0,0,0,0,0,0,0,0,0,1
Dulane Hospitality Limited,0,0,0,0,0,0,0,0,1,0,0,0,1
Duggan Veterinary Supplies Ltd,0,0,0,0,0,1,0,0,0,0,0,0,1
Dufvas Limited,0,1,0,0,0,0,0,0,0,0,0,0,1
Duffy Transport (IRL) Ltd,0,1,0,0,0,0,0,0,0,0,0,0,1
Duffy Coachbodies Dundalk Ltd,0,0,1,0,0,0,0,0,0,0,0,0,1
Duesbury Limited,0,0,0,0,1,0,0,0,0,0,0,0,1
Dublin Tunnel Commercials Ltd,0,0,0,0,0,0,0,1,0,0,0,0,1
Dundalk Engineering Products Ltd,0,0,1,0,0,0,0,0,0,0,0,0,1
Ennistymon Tiles Limited,0,0,0,0,0,0,1,0,0,0,0,0,1
EnigmaSoft Limited,0,1,0,0,0,0,0,0,0,0,0,0,1
Enhanced Information Solutions Limited,0,0,0,0,0,0,0,0,0,0,0,1,1
Enhance Dental Limited,0,0,0,0,0,0,0,1,0,0,0,0,1
Energy Systems Design Ltd,0,0,0,1,0,0,0,0,0,0,0,0,1
Energy Procurement Ireland 2013 Limited,0,0,1,0,0,0,0,0,0,0,0,0,1
Energy Metrics Monitoring and Management Ltd,0,0,0,0,0,0,0,0,0,1,0,0,1
ENERCON Windfarm Service Ireland,0,0,0,0,0,0,1,0,0,0,0,0,1
Enerco Energy Limited,0,1,0,0,0,0,0,0,0,0,0,0,1
Eneclann Ltd.,1,0,0,0,0,0,0,0,0,0,0,0,1
Effector Limited,1,0,0,0,0,0,0,0,0,0,0,0,1
Enda O'Malley Chartered Engineers Limited,0,0,0,1,0,0,0,0,0,0,0,0,1
Enda O'Brien Mortgages Limited,0,0,0,0,0,1,0,0,0,0,0,0,1
Enda Ahearne Meats Limited,0,1,0,0,0,0,0,0,0,0,0,0,1
Enda  O`Dea,0,1,0,0,0,0,0,0,0,0,0,0,1
Encom Systems Ltd.,0,0,0,0,0,0,0,0,0,1,0,0,1
E-nasc Eireann Teoranta,1,0,0,0,0,0,0,0,0,0,0,0,1
Enable Ireland Disability Services Limited,0,0,1,0,0,0,0,0,0,0,0,0,1
Emydex Technology Limited,0,0,0,0,0,0,1,0,0,0,0,0,1
EMV Home Solutions Limited,0,0,0,0,0,0,0,0,0,0,1,0,1
Empyrean DC Ireland Limited,0,0,0,0,0,0,0,0,0,1,0,0,1
Empower Local Development Company,0,0,0,0,0,0,1,0,0,0,0,0,1
Endo Operations Limited,0,0,0,0,0,0,1,0,0,0,0,0,1
ESI Technologies Limited,0,0,1,0,0,0,0,0,0,0,0,0,1
ESG Offices Unlimited Company,1,0,0,0,0,0,0,0,0,0,0,0,1
ERS Computers Ltd,0,0,0,0,0,0,0,0,0,0,1,0,1
Erryville Farm,0,0,0,0,1,0,0,0,0,0,0,0,1
Errigal Country House Hotel Ltd,0,0,0,0,0,0,0,0,0,1,0,0,1
Erina Olsen,0,0,0,0,0,0,0,0,0,0,0,1,1
Erin Biotech Limited,0,0,1,0,0,0,0,0,0,0,0,0,1
Ericsson Software Technology Ireland Limited,0,0,0,0,0,0,0,0,0,0,0,1,1
Erick Collins,0,0,0,0,0,0,0,0,0,0,0,1,1
Erbil Holdings Ltd,0,0,1,0,0,0,0,0,0,0,0,0,1
ERA Sciences Limited,0,0,1,0,0,0,0,0,0,0,0,0,1
Enterprise Registry Solutions Ltd,0,1,0,0,0,0,0,0,0,0,0,0,1
Equal1 Laboratories Ireland,0,0,0,0,0,0,1,0,0,0,0,0,1
EPRI Europe Designated Activity Company,0,0,0,0,0,0,0,1,0,0,0,0,1
Epos Till Tech Limited,0,0,0,0,0,0,1,0,0,0,0,0,1
EPIC Investment Partners (Ireland) Limited,0,0,0,0,0,0,0,0,0,1,0,0,1
Epic Global Agency,0,0,0,0,0,0,0,0,0,1,0,0,1
Epam Systems (Ireland) Limited,1,0,0,0,0,0,0,0,0,0,0,0,1
Epa Ventures Limited,0,0,0,0,0,0,0,0,0,1,0,0,1
Eolas Technologies Ltd,0,0,0,0,0,0,0,0,1,0,0,0,1
Eoin Joyce,0,0,1,0,0,0,0,0,0,0,0,0,1
Entry Point North Ireland DAC,0,0,1,0,0,0,0,0,0,0,0,0,1
Entexol Ltd,0,1,0,0,0,0,0,0,0,0,0,0,1
Equifax Commercial Services Limited,0,0,1,0,0,0,0,0,0,0,0,0,1
Electica Europe Limited,0,0,0,0,0,0,0,1,0,0,0,0,1
Elecnor Servicios y Proyectos in Ireland Limited,0,0,0,0,0,0,0,0,1,0,0,0,1
El Barrio Limited t/a Seagrass Restaurant,0,0,0,0,0,0,0,0,0,0,1,0,1
EKI Sushi Limited,0,0,0,0,0,0,1,0,0,0,0,0,1
Ekco MSP Limited,0,0,0,0,0,0,0,0,0,0,1,0,1
EK TAX 2024 LIMITED,0,0,0,0,0,1,0,0,0,0,0,0,1
EIS Software Limited,0,0,0,0,0,0,0,1,0,0,0,0,1
EIS Engineering Ltd,1,0,0,0,0,0,0,0,0,0,0,0,1
Eirtech Avaition Services,0,0,1,0,0,0,0,0,0,0,0,0,1
EIRNA Bio Limited,0,0,1,0,0,0,0,0,0,0,0,0,1
EIRENGINEER LIMITED,0,0,0,0,0,0,0,0,0,1,0,0,1
Emerson Ferreira,0,0,0,0,0,0,0,0,0,0,1,0,1
Eileen Brogan,0,0,0,0,0,0,0,0,1,0,0,0,1
Eighty8 Malaysian Cuisine Ltd,0,1,0,0,0,0,0,0,0,0,0,0,1
Egyptair Airlines Company,0,0,1,0,0,0,0,0,0,0,0,0,1
Egis Road & Tunnel Operation Ireland Limited,0,1,0,0,0,0,0,0,0,0,0,0,1
EGG VFX LTD,0,1,0,0,0,0,0,0,0,0,0,0,1
Egan Floor Screeding Ltd.,0,0,0,0,0,0,0,1,0,0,0,0,1
EG Vacation Rentals Ireland Limited,1,0,0,0,0,0,0,0,0,0,0,0,1
Eftech ltd,0,0,0,0,0,0,0,0,0,0,0,1,1
eFlexes Staffing and Recruitment Solutions Ltd,0,0,1,0,0,0,0,0,0,0,0,0,1
Efficient Renewables Ltd,0,0,0,0,0,0,0,0,0,0,0,1,1
Efficient Consumer Response Ireland CLG,1,0,0,0,0,0,0,0,0,0,0,0,1
Eimear Quinn T/A Clonmel Premier Physiotherapy Clinic,0,0,0,0,0,0,0,0,0,0,0,1,1
Emeraldstay Management Limited,0,0,0,0,0,0,0,0,1,0,0,0,1
Emerald Technology Consulting Limited,0,0,0,0,0,0,0,0,0,0,0,1,1
Emerald Panda Foodie Limited,0,0,0,0,0,0,0,0,0,0,0,1,1
Emerald Core Construction Ltd,0,0,1,0,0,0,0,0,0,0,0,0,1
Emerald Core Construction Limited,0,0,0,0,1,0,0,0,0,0,0,0,1
Emerald Catering Equipment Limited,1,0,0,0,0,0,0,0,0,0,0,0,1
Emer Eileen Mills O Hara,0,1,0,0,0,0,0,0,0,0,0,0,1
Emagine Expertise Ltd.,0,0,0,0,0,0,1,0,0,0,0,0,1
Elsevier (Ireland) Limited,0,1,0,0,0,0,0,0,0,0,0,0,1
Ellen Street Bars Ltd,0,0,0,0,0,0,0,0,0,0,1,0,1
Ellen Mahon,1,0,0,0,0,0,0,0,0,0,0,0,1
ELECTOCLARE LIMITED,0,0,0,0,0,0,0,0,1,0,0,0,1
Eliteform Manufacturing Ltd,0,0,0,0,0,0,1,0,0,0,0,0,1
Elite Talent Hub Ltd,0,0,0,0,0,1,0,0,0,0,0,0,1
Elite Healthcare Limited,0,0,0,0,0,0,0,1,0,0,0,0,1
Elite Gastrobars Ltd,0,0,1,0,0,0,0,0,0,0,0,0,1
Elis Textile Services LTD,1,0,0,0,0,0,0,0,0,0,0,0,1
Eleva Advisory ApS,0,0,0,0,0,0,0,0,0,0,0,1,1
Element Pictures Limited,0,0,0,0,0,0,0,0,0,1,0,0,1
Element 3 Systems Integration Limited,0,0,1,0,0,0,0,0,0,0,0,0,1
Elektrotek Ltd,0,0,0,0,0,1,0,0,0,0,0,0,1
Electronic Arts Ireland Limited,0,0,0,0,0,0,0,0,0,0,0,1,1
Electrical And Pump Services Ltd,1,0,0,0,0,0,0,0,0,0,0,0,1
Ellab Ireland Ltd,0,0,0,1,0,0,0,0,0,0,0,0,1
DHG Cordin Limited,0,0,0,1,0,0,0,0,0,0,0,0,1
DHG Arden Limited,1,0,0,0,0,0,0,0,0,0,0,0,1
DHC Construction Limited,0,0,0,0,0,0,0,0,0,1,0,0,1
Dexcom International Ltd.,0,0,0,0,0,0,0,0,1,0,0,0,1
Dewan Hotels Limited,0,0,0,0,0,0,0,0,0,0,0,1,1
DeviceAtlas Ltd,0,0,0,0,0,0,0,0,0,1,0,0,1
Devereaux Beauty Clinic Limited,0,0,0,0,0,0,1,0,0,0,0,0,1
Dev Centre House Limited,0,0,0,0,0,0,0,0,0,0,0,1,1
Deutsche Schule Dublin CLG,1,0,0,0,0,0,0,0,0,0,0,0,1
Dessie's Tyres Ltd,0,0,0,0,0,0,0,0,0,0,0,1,1
Drumlane Dairy Stock,0,0,0,0,0,0,0,0,0,1,0,0,1
Designer Group Engineering Contractors Limited,0,0,0,0,0,0,0,0,0,1,0,0,1
Designer Cuts Meath Street Limited,0,0,0,0,0,0,0,0,0,0,1,0,1
Design Realisation Ltd,0,0,0,1,0,0,0,0,0,0,0,0,1
Design Kitchen Concepts Ltd,0,0,0,0,0,0,0,0,1,0,0,0,1
DESH CATERING LIMITED,0,0,0,0,0,0,0,0,0,1,0,0,1
Des Nally Developments Ltd,0,0,0,1,0,0,0,0,0,0,0,0,1
Derryclare Construction LTD,0,0,0,0,0,0,0,0,0,0,0,1,1
Derry White Agricultural Contractors Ltd,0,0,0,0,0,0,1,0,0,0,0,0,1
Dermot Redmond Engineering Ltd,0,0,0,0,0,0,0,0,0,0,1,0,1
Deposit Return Scheme Ireland CLG t/a Re-turn,0,0,0,0,0,0,0,0,0,1,0,0,1
"Department of Children, Disability and Equality",0,0,0,1,0,0,0,0,0,0,0,0,1
Desmond Condell Engineering ltd,0,0,0,0,0,0,0,0,0,0,1,0,1
Divilly's Limited,0,0,0,0,0,0,0,0,0,1,0,0,1
Divilabit Limited,0,0,0,0,0,0,0,0,0,0,0,1,1
Distinct Distribution Ltd,0,0,0,0,0,0,0,0,0,0,1,0,1
Distag QCS LTD,0,0,0,0,0,0,0,1,0,0,0,0,1
Direct Wholesale Kitchens & Bedrooms Ltd,1,0,0,0,0,0,0,0,0,0,0,0,1
Direct Electrical Engineering and Building Services Ltd,0,1,0,0,0,0,0,0,0,0,0,0,1
Dino’s Takeaway Limited,0,1,0,0,0,0,0,0,0,0,0,0,1
Dinkin Bakeries Ltd,0,0,0,0,0,0,0,0,0,0,0,1,1
Dingle Childcare Services Limited,0,0,0,0,0,0,0,1,0,0,0,0,1
Dilosk DAC,0,0,0,0,0,0,0,0,0,0,0,1,1
Dillons Kitchens Limited,0,0,0,0,0,0,0,0,0,0,1,0,1
DHL Supply Chain (Ireland) Limited,0,0,0,0,0,0,0,1,0,0,0,0,1
Digital Strategy Consultants Ltd,0,0,0,0,0,0,0,1,0,0,0,0,1
Digital Marketing Institute Nominees Ltd,0,0,0,0,0,0,0,0,0,0,1,0,1
Digital Design & Consultancy Limited,1,0,0,0,0,0,0,0,0,0,0,0,1
Digital Accommodation Rental Engine,1,0,0,0,0,0,0,0,0,0,0,0,1
DigiSapiens Limited,0,0,0,0,0,0,0,1,0,0,0,0,1
DigiAcademy Technology Limited,0,0,0,0,0,1,0,0,0,0,0,0,1
Digi Systems (Ire) Ltd,0,0,0,0,0,0,0,0,0,1,0,0,1
Diamond Sub Limited,1,0,0,0,0,0,0,0,0,0,0,0,1
DIAMOND SHINE CLEANERS LTD,0,0,0,0,0,0,0,1,0,0,0,0,1
Diamond CHI Takeaway Limited,0,0,0,0,0,0,0,0,0,0,1,0,1
Diamond Car Sales and Services Limited,0,0,0,0,0,0,0,0,0,0,1,0,1
Digitalwell Managed Services Unlimited,0,0,0,0,0,0,0,0,1,0,0,0,1
Delap and Waller Ltd,0,0,0,0,0,0,0,0,0,0,0,1,1
Deise Shipping Ltd,0,0,0,1,0,0,0,0,0,0,0,0,1
Deirdre Waldron,0,0,0,0,0,0,0,0,0,0,0,1,1
Deirdre Kiely & Co Auditors and Accountants Limited,0,0,0,0,0,0,0,0,0,0,1,0,1
Dehac Retail Ltd,0,0,0,0,0,0,0,0,0,0,1,0,1
DEF Restaurant Limited,0,0,0,0,0,0,0,0,1,0,0,0,1
Deerpark Nursing Home Limited,0,1,0,0,0,0,0,0,0,0,0,0,1
Declan O'Dea & David Fitzpatrick,0,1,0,0,0,0,0,0,0,0,0,0,1
Declan & Mary French Limited,0,0,0,0,0,0,0,0,1,0,0,0,1
Deciphex Limited,1,0,0,0,0,0,0,0,0,0,0,0,1
Decathlon Sports Ireland Limited,0,1,0,0,0,0,0,0,0,0,0,0,1
Dentsu Ireland Limited,0,1,0,0,0,0,0,0,0,0,0,0,1
Dean Kidd,0,0,0,0,1,0,0,0,0,0,0,0,1
De Roiste Loistiochta Teoranta,0,0,0,0,0,0,0,0,1,0,0,0,1
DE Power Solution Limited,0,0,1,0,0,0,0,0,0,0,0,0,1
DCD Pubs Limited,1,0,0,0,0,0,0,0,0,0,0,0,1
DCC Financial Services Unlimited Company,0,0,1,0,0,0,0,0,0,0,0,0,1
DCC Brady Retail Limited,1,0,0,0,0,0,0,0,0,0,0,0,1
DC Architects & Engineers Limited,0,0,0,0,0,0,0,0,0,1,0,0,1
DBT Labs Ireland Limited,0,0,1,0,0,0,0,0,0,0,0,0,1
Dbm Design Services Company Limited,0,0,0,0,0,0,0,0,0,0,0,1,1
Dayu Ltd,0,0,0,0,0,0,0,0,0,1,0,0,1
Dawn International Ltd,0,0,0,0,0,0,0,0,0,1,0,0,1
Dearg Development Ventures Ltd,0,0,0,0,0,0,0,1,0,0,0,0,1
Dentons Ireland LLP,0,0,0,0,0,0,0,1,0,0,0,0,1
Dental Smiles Dental Limited,0,0,0,0,0,0,0,0,0,0,1,0,1
Dennis Marcus,0,0,0,0,0,0,0,1,0,0,0,0,1
"Denis, Maura and Declan O'Meara Dairy Partnership",0,0,1,0,0,0,0,0,0,0,0,0,1
Denis williams Design Services Ltd,0,0,0,0,0,0,0,0,0,0,1,0,1
Denis Perfect Finish Construction Limited,0,0,0,0,0,0,0,0,0,0,1,0,1
Denis O'Sullivan Co. Ltd.,0,0,0,0,1,0,0,0,0,0,0,0,1
Denis O'Riordan Electrical Ltd,0,0,0,0,0,0,0,0,0,0,0,1,1
Denis O'Connell Ceilings Partitions Ltd,0,0,0,1,0,0,0,0,0,0,0,0,1
Denis Mahony Limited,0,1,0,0,0,0,0,0,0,0,0,0,1
Denis Donovan Transport Ltd,0,0,0,0,0,0,1,0,0,0,0,0,1
Delimex Limited,1,0,0,0,0,0,0,0,0,0,0,0,1
Denbar Investments Limited,0,0,0,1,0,0,0,0,0,0,0,0,1
Dempsey Mullen Accountants,0,0,1,0,0,0,0,0,0,0,0,0,1
DEM Pharmaceutical Services Ltd,0,0,0,1,0,0,0,0,0,0,0,0,1
Deluxe Taverns North Limited,0,0,1,0,0,0,0,0,0,0,0,0,1
Delux Bathrooms and Tiling Solutions Ltd,0,0,0,0,0,0,0,1,0,0,0,0,1
Delta Supplies Import and Export Ltd,0,0,0,0,0,0,0,0,0,0,1,0,1
Delta Pipe Fabrication,0,0,0,0,0,0,1,0,0,0,0,0,1
Delta Painting Contractors Ltd,0,0,1,0,0,0,0,0,0,0,0,0,1
Delphi Outdoor Limited,0,0,0,0,0,0,0,1,0,0,0,0,1
Delisle Taverns Ltd.,0,0,0,0,0,0,0,0,1,0,0,0,1
Delisle Taverns Limited,1,0,0,0,0,0,0,0,0,0,0,0,1
Deni Clean Limited,0,0,0,0,0,0,0,0,0,1,0,0,1
Dr Patrick & Dr Caroline Noone,0,0,0,0,0,0,0,0,0,0,1,0,1
Dr Michael Cambpell,0,0,0,0,0,0,0,0,1,0,0,0,1
Dr Iftikhar Khan Limited,0,0,0,1,0,0,0,0,0,0,0,0,1
Dr Helena Traskowska Fangor,1,0,0,0,0,0,0,0,0,0,0,0,1
Dr Edmund O'Callaghan,0,0,0,0,0,0,0,1,0,0,0,0,1
"Dr Don Creagh, Dr Gerard O' Shaughnessy, Dr Julie O' Mahony, Dr Dearbhla McParland",0,1,0,0,0,0,0,0,0,0,0,0,1
Dr Conor Shields & Dr Cormac Shields,0,0,0,0,0,0,0,0,0,1,0,0,1
Dr Aileen Byrne Surgery,0,0,0,0,0,1,0,0,0,0,0,0,1
DP Pizza Limited,0,0,0,0,0,0,0,0,0,0,1,0,1
DP Financial Ltd.,0,0,0,0,0,0,0,0,0,0,1,0,1
Dixie Property Limited,0,0,0,0,0,0,1,0,0,0,0,0,1
Doyles Veg Prep Limited,1,0,0,0,0,0,0,0,0,0,0,0,1
Doyles Royal Oak Ltd,0,0,1,0,0,0,0,0,0,0,0,0,1
Doyle Shipping Group Unlimited Company,1,0,0,0,0,0,0,0,0,0,0,0,1
Downey's Auto Stop Limited,0,0,0,0,0,0,0,0,1,0,0,0,1
Dovetail Consultancy Ltd,0,0,0,0,0,0,0,0,0,1,0,0,1
Douglas Carroll Consulting Engineers,0,0,1,0,0,0,0,0,0,0,0,0,1
Doughgang Ltd.,0,0,0,0,0,0,1,0,0,0,0,0,1
Dough Box Limited,0,0,0,0,0,0,0,0,0,1,0,0,1
Dough Balls Limited,0,0,0,0,0,0,0,0,0,1,0,0,1
Doublewit Consultancy Limited,0,0,0,0,0,0,0,0,0,1,0,0,1
Dotsview Limited,0,0,0,0,0,0,0,0,0,0,1,0,1
DP CREMIN DAIRIES LTD,0,0,0,0,0,0,0,0,0,1,0,0,1
Drumderry Aggregate Ltd,0,0,0,0,0,0,0,0,1,0,0,0,1
Drumcondra Village Dental,0,0,0,0,0,0,0,0,0,0,0,1,1
Drumcondra Taverns Limited,0,0,0,0,0,0,0,0,0,0,1,0,1
Druids Lodge Veterinary Clinic,0,0,0,0,0,0,0,0,0,1,0,0,1
Druid Software Ltd.,0,0,0,0,0,0,0,0,0,0,1,0,1
DropChef Limited,1,0,0,0,0,0,0,0,0,0,0,0,1
Dropbox International Unlimited Company,0,0,0,0,0,0,0,0,0,1,0,0,1
Droopys Stud Limited,0,0,0,1,0,0,0,0,0,0,0,0,1
Dromtacker Créche,0,0,0,0,0,1,0,0,0,0,0,0,1
Dromoland Castle Limited,0,0,0,0,0,0,0,1,0,0,0,0,1
Drois Investments Ltd,0,1,0,0,0,0,0,0,0,0,0,0,1
Dr Peter O’Boyle,0,0,1,0,0,0,0,0,0,0,0,0,1
Drilltech Drilling & Blasting Ltd,0,0,0,0,0,0,0,1,0,0,0,0,1
Drigate Products (Manufacturing) Limited,0,0,0,0,0,0,0,0,0,1,0,0,1
DRIFT99 MOTORS LIMITED,0,0,1,0,0,0,0,0,0,0,0,0,1
DreamTec Software Ltd,0,0,0,0,0,0,0,0,0,0,1,0,1
Dragon House Limited,1,0,0,0,0,0,0,0,0,0,0,0,1
Dr.Tom Kennedy,1,0,0,0,0,0,0,0,0,0,0,0,1
Dr. Michael Casey,0,0,1,0,0,0,0,0,0,0,0,0,1
Dr. Maurice Carroll,0,0,0,0,0,0,0,1,0,0,0,0,1
Dr. Larry Moran and Dr. Deirdre Smyth Moran and  Medical Practice,0,0,0,0,0,0,0,0,0,0,0,1,1
Dr. Frances Little,0,0,0,0,0,0,0,0,1,0,0,0,1
Dr Shane Gleeson,0,0,0,0,1,0,0,0,0,0,0,0,1
Drivalia Lease Ireland Limited,0,0,0,0,0,0,0,0,0,1,0,0,1
Dominic O Connor Ltd,0,0,0,0,0,0,0,0,0,0,1,0,1
Domestic and Commercial Support Services Limited,0,0,0,0,0,0,0,1,0,0,0,0,1
DOM ST PROPERTIES (GALWAY) LIMITED,0,0,0,0,0,0,0,0,0,1,0,0,1
Dolphins Early Education & Childcare Centre Limited,0,0,0,0,0,0,0,0,0,0,1,0,1
Dolmen Precision & Fabrication Ltd.,0,0,0,1,0,0,0,0,0,0,0,0,1
Dolmen Design and Innovation Ltd,0,1,0,0,0,0,0,0,0,0,0,0,1
Dollard Farms Ltd,0,0,1,0,0,0,0,0,0,0,0,0,1
Dole Ocean Transport Express Limited,1,0,0,0,0,0,0,0,0,0,0,0,1
Dole Ireland Limited,0,0,1,0,0,0,0,0,0,0,0,0,1
DOLCE NAILS SPA AND BEAUTY LIMITED,0,0,0,0,0,1,0,0,0,0,0,0,1
Dolce Boubon Boutique,0,0,0,0,0,0,0,0,1,0,0,0,1
doTERRA Global Limited,1,0,0,0,0,0,0,0,0,0,0,0,1
Dojo Health Limited,0,0,0,0,0,0,0,0,0,0,1,0,1
Dodder Valley Brewery Limited,0,0,0,0,1,0,0,0,0,0,0,0,1
Dobya Limited,1,0,0,0,0,0,0,0,0,0,0,0,1
DNCF Ltd,0,0,0,0,0,0,0,0,0,1,0,0,1
DNA IT Solutions Limited,0,0,0,0,0,1,0,0,0,0,0,0,1
DMG Engineering Limited,0,0,0,0,0,0,0,0,0,0,1,0,1
Dmac Media Limited,0,0,0,0,0,0,1,0,0,0,0,0,1
DM Mechanical & Pipe Installations Ltd,0,0,0,0,0,1,0,0,0,0,0,0,1
DLS Language School LTD,1,0,0,0,0,0,0,0,0,0,0,0,1
DLS Language School Limited,0,0,0,0,0,0,0,0,0,0,0,1,1
Djinn Ltd.,1,0,0,0,0,0,0,0,0,0,0,0,1
Dolan Dairies Limited,0,0,0,0,0,0,0,0,0,1,0,0,1
Dortek Ltd,0,0,0,0,0,0,0,1,0,0,0,0,1
Doras CLG,0,0,0,0,0,0,0,0,0,0,0,1,1
DOPPIO LTD,0,1,0,0,0,0,0,0,0,0,0,0,1
Doormotion Limited,0,0,0,0,0,0,0,0,0,1,0,0,1
Doon Farm Enterprise Limited,0,0,0,0,0,0,0,1,0,0,0,0,1
Doohan Carpentary Construction Limited,1,0,0,0,0,0,0,0,0,0,0,0,1
Donore TW Taverns Limited,0,0,0,0,0,0,0,0,0,0,1,0,1
Donohoe Restaurant Ltd,0,1,0,0,0,0,0,0,0,0,0,0,1
Donnybrook bikes Limited,0,0,0,0,0,0,0,0,0,0,1,0,1
Donnelly Civil Engineering Ltd.,1,0,0,0,0,0,0,0,0,0,0,0,1
Donn Casey Engineering Limited,0,0,0,0,0,0,0,0,0,0,0,1,1
Dominican Sisters Tralee Company Limited By Guarantee,1,0,0,0,0,0,0,0,0,0,0,0,1
Dong & Yan Limited,0,0,0,0,0,0,0,0,0,0,0,1,1
Donegal County Council,0,0,1,0,0,0,0,0,0,0,0,0,1
Donatellos Food Services Ltd.,0,1,0,0,0,0,0,0,0,0,0,0,1
Donal Maher,0,0,0,0,0,0,0,0,0,0,1,0,1
DONAL MACNALLY ENTERPRISES LIMITED,0,0,0,0,0,1,0,0,0,0,0,0,1
Donal MacMonagail agus a Mhic Teoranta,0,0,0,0,0,0,0,0,0,1,0,0,1
Donal Kiely,0,0,0,0,0,0,0,0,1,0,0,0,1
Donaghey Structures Limited,0,1,0,0,0,0,0,0,0,0,0,0,1
Donabate Supermarkets Ltd.,0,0,0,0,0,0,0,0,0,0,1,0,1
Don O'Malley and Partners Limited,0,0,0,0,0,0,0,0,0,1,0,0,1
Don Lynch & Noelle O' Mahony & Finbarr O' Mahony & Imleda O' Mahony,0,0,0,0,0,1,0,0,0,0,0,0,1
Donlouco Ireland Limited,0,0,0,0,0,0,1,0,0,0,0,0,1
Aryzta Food Solutions Ireland Unlimited Company,1,0,0,0,0,0,0,0,0,0,0,0,1
Artistik Ic Ve Dis Ticaret Limited,1,0,0,0,0,0,0,0,0,0,0,0,1
Artex Risk Solutions (Ireland) Limited,0,0,0,0,0,0,1,0,0,0,0,0,1
ARPS Security Limited,0,0,0,0,0,0,0,0,0,0,1,0,1
Aromatic Foods Limited,0,0,0,0,1,0,0,0,0,0,0,0,1
Arne Zeidler,0,0,1,0,0,0,0,0,0,0,0,0,1
Armando Nuhaj,0,0,0,0,0,0,0,0,1,0,0,0,1
Armaani Foods Limited,0,1,0,0,0,0,0,0,0,0,0,0,1
Arleen Limited,0,1,0,0,0,0,0,0,0,0,0,0,1
Arlaco Limited,0,0,0,0,1,0,0,0,0,0,0,0,1
Cavan Autoparc Ltd,0,0,0,0,0,0,0,0,0,1,0,0,1
Arklow Chinese Takeaway Limited,0,0,0,0,0,0,0,0,1,0,0,0,1
Arina Ryan Limited,0,0,0,0,0,0,0,0,0,0,0,1,1
Ariane Dorea Limited,0,0,0,0,0,0,0,0,0,0,1,0,1
Arham Ventures Limited,0,0,0,0,0,0,0,0,0,1,0,0,1
ARGON & CO BUSINESS TRANSFORMATION IRELAND LIMITED,0,0,0,0,0,0,0,0,1,0,0,0,1
Argent Equipment Ireland Ltd,0,0,0,0,0,0,1,0,0,0,0,0,1
Arena Aviation Capital (Ireland) Limited,0,0,0,0,1,0,0,0,0,0,0,0,1
Ardnamoher Farm Ltd,0,1,0,0,0,0,0,0,0,0,0,0,1
Ardnacraney Farms Limited,0,0,0,0,0,0,0,0,0,0,0,1,1
Ardilea Childcare Ltd,0,0,0,0,0,0,1,0,0,0,0,0,1
Ardilaun House Hotel Ltd,0,0,0,0,0,0,0,1,0,0,0,0,1
Arklow Wok Ltd,0,0,1,0,0,0,0,0,0,0,0,0,1
Aspire Orthopaedics Limited,0,0,0,0,0,0,0,0,0,0,0,1,1
Aspen Pharma Trading Limited,0,0,0,0,0,0,0,0,0,0,1,0,1
ASM Tech Ltd,0,0,0,0,0,0,0,0,1,0,0,0,1
ASL Shared Services Limited,0,0,0,0,0,1,0,0,0,0,0,0,1
ASL Aviation Holdings DAC,0,1,0,0,0,0,0,0,0,0,0,0,1
Asian Dragon Catering Limited,0,0,0,0,0,0,0,0,0,0,1,0,1
Asian Artisan Food Limited,0,0,0,0,0,0,0,1,0,0,0,0,1
Asia Line Limited,0,0,0,0,0,1,0,0,0,0,0,0,1
Ashwood Catering Ltd,0,0,0,0,1,0,0,0,0,0,0,0,1
Ashwood Catering Limited,0,0,0,0,0,0,0,0,0,0,0,1,1
Ashvale Haulage Ltd,1,0,0,0,0,0,0,0,0,0,0,0,1
Asad Ali Bhatti,0,1,0,0,0,0,0,0,0,0,0,0,1
Ashgrove Mechanical Services Ltd,0,0,0,0,0,0,0,0,0,1,0,0,1
Ashgrove Fireproofing Ltd,0,0,0,0,0,0,0,0,1,0,0,0,1
Ashford Commercial Repairs Chenko Ltd,0,0,0,0,0,0,0,1,0,0,0,0,1
Ashdale Catering Ltd,0,0,0,0,0,0,0,0,1,0,0,0,1
Ashbourne Tiny Tots Creche Montessori Limited,0,0,1,0,0,0,0,0,0,0,0,0,1
Ashbourne Meats Roscrea UC,0,0,1,0,0,0,0,0,0,0,0,0,1
Asgard Lodge Nursing Home Ltd.,1,0,0,0,0,0,0,0,0,0,0,0,1
Asendia Limited,0,1,0,0,0,0,0,0,0,0,0,0,1
ASCENX Technologies (Vietnam) Company Limited,0,0,0,1,0,0,0,0,0,0,0,0,1
Asbatechs Limited,0,1,0,0,0,0,0,0,0,0,0,0,1
Asafzai Catering Limited,0,0,0,0,0,0,0,0,0,1,0,0,1
Ashmore Ryder Ltd,0,0,0,0,0,0,0,0,0,0,0,1,1
AOL Engineering Ltd,0,0,1,0,0,0,0,0,0,0,0,0,1
AOC Services Ltd,0,0,0,0,0,0,1,0,0,0,0,0,1
ANZ Restaurant Limited,0,0,0,0,0,0,1,0,0,0,0,0,1
Anthony Reddy Associates Architects Limited,1,0,0,0,0,0,0,0,0,0,0,0,1
Anthony mcginley,0,0,0,0,0,0,0,0,0,0,1,0,1
Anthony Brolly Transport Ltd,0,0,0,0,0,0,0,0,0,1,0,0,1
Annette O'Toole,0,0,1,0,0,0,0,0,0,0,0,0,1
Anne's Lane Dental,0,0,0,1,0,0,0,0,0,0,0,0,1
Anner Hospitality Limited,0,0,0,1,0,0,0,0,0,0,0,0,1
Annapurna NPL Restaurant Limited,0,0,1,0,0,0,0,0,0,0,0,0,1
Ardglass Farm Ltd,0,0,0,0,0,0,0,0,0,0,1,0,1
Ankhang Limited,0,0,0,0,0,0,0,0,0,0,1,0,1
Anis Restaurant Ltd,0,1,0,0,0,0,0,0,0,0,0,0,1
Animal Health Ireland Initiative Ltd.,0,0,0,0,0,0,0,0,0,0,0,1,1
Anima Restaurant Limited,0,0,0,0,1,0,0,0,0,0,0,0,1
Anglo Printers Limited,0,0,0,0,0,0,0,1,0,0,0,0,1
Anglesea Taverns Limited,0,0,1,0,0,0,0,0,0,0,0,0,1
Andy Fogarty Sand & Gravel Ltd,0,0,0,0,0,0,0,0,0,0,0,1,1
Andrew Leeson,0,0,0,0,0,0,0,1,0,0,0,0,1
"Andrew Clarke, Charles R Clarke and Pauline Clarke",0,1,0,0,0,0,0,0,0,0,0,0,1
Andiamo Foods Limited,0,0,1,0,0,0,0,0,0,0,0,0,1
Anco kitchen ltd,0,0,1,0,0,0,0,0,0,0,0,0,1
Anna Mottha Beauty Spa Limited,0,0,1,0,0,0,0,0,0,0,0,0,1
Arctera International Limited,0,1,0,0,0,0,0,0,0,0,0,0,1
ArcRoyal Ltd,0,0,0,0,0,0,0,0,0,0,0,1,1
Arco Fleet Maintenance Limited,1,0,0,0,0,0,0,0,0,0,0,0,1
Archview Lodge Nursing Home Ltd,0,0,0,0,0,0,0,0,0,0,1,0,1
Arch-I Modular Solutions,1,0,0,0,0,0,0,0,0,0,0,0,1
Archaeology and Built Heritage Ltd,0,0,1,0,0,0,0,0,0,0,0,0,1
Arch Hall Mantles Limited,0,1,0,0,0,0,0,0,0,0,0,0,1
Arancini Limited,0,0,0,0,0,0,0,0,0,1,0,0,1
Aran Woollen Mills,0,1,0,0,0,0,0,0,0,0,0,0,1
Aradhana Catering Company Limited,0,0,0,0,1,0,0,0,0,0,0,0,1
Aqua Comms Management Limited,1,0,0,0,0,0,0,0,0,0,0,0,1
Aon Assessment Ireland Limited,0,0,1,0,0,0,0,0,0,0,0,0,1
Aq & Qin Limited,0,0,0,0,0,0,0,1,0,0,0,0,1
Aptech Business Systems Limited,0,0,0,0,0,0,0,0,0,0,0,1,1
Apridata Limited,1,0,0,0,0,0,0,0,0,0,0,0,1
Applus Car Testing Service Limited,1,0,0,0,0,0,0,0,0,0,0,0,1
Appleby Jewellers Ltd,0,0,0,0,0,0,0,0,1,0,0,0,1
Apple Operations Limited,0,0,0,0,0,0,0,0,1,0,0,0,1
Apogee Corporation (Ireland) Limited,1,0,0,0,0,0,0,0,0,0,0,0,1
Apex RC Frames Ltd,0,0,0,0,0,0,0,0,0,0,0,1,1
Apex Capital Limited,1,0,0,0,0,0,0,0,0,0,0,0,1
AP Car Sales Galway Limited,0,0,0,0,0,0,0,1,0,0,0,0,1
Aoshima Food Limited,1,0,0,0,0,0,0,0,0,0,0,0,1
AQ Construction Limited,0,1,0,0,0,0,0,0,0,0,0,0,1
Ayphen Technologies Global Limited,0,0,0,0,1,0,0,0,0,0,0,0,1
Ayonz Central Limited,0,0,0,0,0,0,0,0,0,0,0,1,1
AXIS Environmental Services Ltd,0,0,1,0,0,0,0,0,0,0,0,0,1
Axiom Control Systems Ltd,1,0,0,0,0,0,0,0,0,0,0,0,1
AxFlow Ltd,0,0,1,0,0,0,0,0,0,0,0,0,1
Axe Food Company Limited,0,0,1,0,0,0,0,0,0,0,0,0,1
AX CONSTRUCTIONS LIMITED,0,0,0,0,0,0,0,1,0,0,0,0,1
AWN Consulting Limited,0,0,0,0,0,0,0,0,0,0,1,0,1
Awad El Hanafi,0,0,0,0,0,0,0,1,0,0,0,0,1
Avvic Private Limited,0,0,0,0,1,0,0,0,0,0,0,0,1
Aspiring Wellness Ireland Ltd,1,0,0,0,0,0,0,0,0,0,0,0,1
AVP Building Services Limited,0,0,0,0,0,0,0,0,0,1,0,0,1
Avoca Handweavers Shops Limited,0,0,0,0,0,0,0,0,0,0,1,0,1
AVM Construction Ltd.,0,0,0,0,0,0,0,0,0,1,0,0,1
AVI-SPL Ireland,0,0,0,0,0,0,0,0,0,0,1,0,1
Aviso IT Solutions Ltd,1,0,0,0,0,0,0,0,0,0,0,0,1
Averymont Limited,1,0,0,0,0,0,0,0,0,0,0,0,1
Aventamed DAC,0,0,0,0,0,0,0,0,0,0,1,0,1
Avant Cafe,0,0,0,0,0,0,0,0,0,0,1,0,1
Ava Trade EU Ltd,0,0,0,0,0,0,0,1,0,0,0,0,1
Ava Trade EU Limited,1,0,0,0,0,0,0,0,0,0,0,0,1
Autoteile Limited,0,0,0,0,0,0,0,0,0,1,0,0,1
Avpixs Limited,0,0,0,0,0,0,0,0,0,1,0,0,1
Badaam Foods Limited,0,0,0,0,0,1,0,0,0,0,0,0,1
Back to Front Hospitality Limited,0,0,0,1,0,0,0,0,0,0,0,0,1
Babytalk Company Limited,0,1,0,0,0,0,0,0,0,0,0,0,1
Babel Academy of English (Ireland),0,0,0,0,0,0,0,0,0,1,0,0,1
Baba G Foods & Co Limited,0,0,0,0,0,0,0,1,0,0,0,0,1
B1OS IT Solutions Limited,1,0,0,0,0,0,0,0,0,0,0,0,1
B.M.D & Co Ltd,0,0,0,0,0,0,0,0,0,1,0,0,1
B.D. Flood Unlimited Company,0,0,0,0,0,0,0,0,0,0,1,0,1
B&R Construction,0,0,0,0,0,1,0,0,0,0,0,0,1
B&M Tierney,0,0,0,0,0,0,0,0,0,0,1,0,1
B&D Gates and Railings,0,0,0,0,0,0,0,0,1,0,0,0,1
Ayush Foods Limited,0,0,0,0,0,0,0,0,0,0,0,1,1
B McGrane Partners Limited,1,0,0,0,0,0,0,0,0,0,0,0,1
B and H Foods Ltd,0,0,0,0,1,0,0,0,0,0,0,0,1
Azurity Pharmaceuticals Ireland Limited,0,1,0,0,0,0,0,0,0,0,0,0,1
Azurepal Limited,0,0,0,1,0,0,0,0,0,0,0,0,1
Azure Dragon Limited,0,0,1,0,0,0,0,0,0,0,0,0,1
Azure Dental Limited,0,0,0,0,0,0,0,1,0,0,0,0,1
Azure Communications Limited,0,0,0,0,0,0,0,0,0,0,0,1,1
Aztec Financial Services  Limited,0,0,0,0,0,0,0,1,0,0,0,0,1
Azorra Limited,0,1,0,0,0,0,0,0,0,0,0,0,1
Azkar Catering Limited,1,0,0,0,0,0,0,0,0,0,0,0,1
Azan Checkout Limited,0,0,0,0,0,1,0,0,0,0,0,0,1
B S H HOME APPLIANCES LTD,0,0,0,0,0,0,0,1,0,0,0,0,1
Atlantic Technological University,0,0,0,0,0,0,0,0,0,0,0,1,1
Atlantic Prosthetic Orthotic Services Limited aka APOS Limited,0,0,0,0,0,0,0,0,0,1,0,0,1
Atlantic Hotel Management Ltd,0,0,0,0,0,1,0,0,0,0,0,0,1
Athora Ireland Services Ltd.,0,0,0,0,0,0,0,0,1,0,0,0,1
ATHLONE TOWN AFC COMPANY LIMITED BY GUARANTEE,0,0,0,0,0,0,0,1,0,0,0,0,1
Athlone Pharmaceuticals Ltd,0,0,0,0,0,0,0,0,1,0,0,0,1
Athlone Community Services Council Company Limited By Guarantee,0,0,0,0,0,0,0,0,0,1,0,0,1
Athlone Apache Pizza Limited,0,0,0,0,0,0,0,0,0,0,0,1,1
Athletic Greens (EU) Limited,0,1,0,0,0,0,0,0,0,0,0,0,1
Athgaine Mushrooms Limited,0,0,0,0,0,1,0,0,0,0,0,0,1
Athey Foods Limited,0,1,0,0,0,0,0,0,0,0,0,0,1
Autoright Car Care Limited,0,0,0,0,0,0,0,0,0,0,1,0,1
Athboy Plant Hire,0,1,0,0,0,0,0,0,0,0,0,0,1
Áth Trasna Medical Centre,0,0,0,0,0,0,0,1,0,0,0,0,1
AT Donovan Neilstown LTD,0,0,1,0,0,0,0,0,0,0,0,0,1
Astron Engineering Limited,1,0,0,0,0,0,0,0,0,0,0,0,1
AstraZeneca Ireland Limited,0,0,0,0,0,1,0,0,0,0,0,0,1
Aston Homes Ltd,0,0,0,0,0,0,0,0,0,0,1,0,1
ASTERIA CONSULTING LIMITED,0,0,0,0,0,0,1,0,0,0,0,0,1
Astech Air Conditioning,1,0,0,0,0,0,0,0,0,0,0,0,1
Assistive Technology Group Limited,0,1,0,0,0,0,0,0,0,0,0,0,1
Assiduous Corp Limited,0,0,0,0,0,0,0,0,0,0,1,0,1
ASSA ABLOY Entrance Systems Ireland Limited,0,0,0,0,0,1,0,0,0,0,0,0,1
Athena Trident Management Designated Activity Company,0,0,0,0,1,0,0,0,0,0,0,0,1
Autorevive Limited,0,1,0,0,0,0,0,0,0,0,0,0,1
AutoMed Limited,0,0,0,0,0,0,0,0,0,1,0,0,1
Autoking Auto Services Limited,0,0,0,0,0,0,0,0,0,0,1,0,1
AUTOFLIP IRELAND LIMITED,0,0,0,0,0,0,0,0,1,0,0,0,1
Auto Vav Limited,0,0,0,0,0,0,0,0,0,1,0,0,1
Auto Maintenance Services Ltd,0,0,1,0,0,0,0,0,0,0,0,0,1
Auto Conversions Limited,0,0,0,0,0,0,0,0,1,0,0,0,1
Autism Initiatives Ireland Company Limited,0,0,0,0,0,0,0,0,0,0,0,1,1
Authorized Property Company Unlimited,0,0,0,0,0,0,0,0,1,0,0,0,1
"Authority""",1,0,0,0,0,0,0,0,0,0,0,0,1
Aussie Outback Charred Limited,0,0,0,0,0,0,0,0,0,1,0,0,1
Atlas Copco (Ireland) Ltd,0,0,0,0,1,0,0,0,0,0,0,0,1
Aura Foods Limited,0,1,0,0,0,0,0,0,0,0,0,0,1
Audio Visual Installation Limited,0,0,0,0,0,0,0,0,0,0,1,0,1
Audi North Dublin,1,0,0,0,0,0,0,0,0,0,0,0,1
Auburn Manor Ltd,0,0,0,0,0,0,1,0,0,0,0,0,1
Aubren Limited,0,0,0,0,0,0,0,1,0,0,0,0,1
ATXA Therapeutics Limited,1,0,0,0,0,0,0,0,0,0,0,0,1
ATSR Limited,1,0,0,0,0,0,0,0,0,0,0,0,1
Ats - Atlas Ireland Limited,0,1,0,0,0,0,0,0,0,0,0,0,1
Atradius Re,0,0,0,0,0,0,0,0,0,1,0,0,1
Atp Fitness Limited,0,0,0,0,0,0,1,0,0,0,0,0,1
Atlas Tyre & Autoservice (Baldoyle) Ltd,0,0,0,0,0,0,0,0,0,0,1,0,1
Aureol Global Connections Ltd,0,1,0,0,0,0,0,0,0,0,0,0,1
ADC Plasticard Limited,0,0,0,1,0,0,0,0,0,0,0,0,1
Adare LM Clinic Limited,0,1,0,0,0,0,0,0,0,0,0,0,1
Adaptemy Ltd,0,0,0,0,0,0,0,0,0,0,1,0,1
ADAM TECH4U LIMITED,0,0,0,0,0,0,0,0,0,0,1,0,1
AD Biorefine Consultancy Ltd,0,0,0,0,0,0,0,0,1,0,0,0,1
Acww Ltd,0,0,0,0,0,0,1,0,0,0,0,0,1
Acton Technologies Ltd,0,0,0,0,0,0,0,0,0,1,0,0,1
Active Sports Events Limited,0,0,0,0,0,1,0,0,0,0,0,0,1
Actavo Group Limited,1,0,0,0,0,0,0,0,0,0,0,0,1
ACS Drives and Control Systems Limited,0,0,0,0,0,0,0,0,1,0,0,0,1
Anayat and Sons Limited,0,0,0,1,0,0,0,0,0,0,0,0,1
Acorn Water Ltd,0,0,0,0,1,0,0,0,0,0,0,0,1
Achuthan Narayanan Limited,0,0,0,0,0,0,0,1,0,0,0,0,1
ACES Lounge Castletroy Limited,0,0,0,0,1,0,0,0,0,0,0,0,1
Ace Lynch Limited,0,0,0,0,0,1,0,0,0,0,0,0,1
Ace Corrugated Limited,0,0,0,1,0,0,0,0,0,0,0,0,1
Accutool Ltd,0,1,0,0,0,0,0,0,0,0,0,0,1
Accu-Science Ireland Limited,0,0,0,0,0,0,0,0,0,0,0,1,1
Accura Construction Limited,1,0,0,0,0,0,0,0,0,0,0,0,1
Accounting Technicians Ireland,0,0,0,0,0,0,1,0,0,0,0,0,1
Accounting Excel Limited,0,0,0,0,0,1,0,0,0,0,0,0,1
Accountaxassist Accountants Limited,0,0,0,0,0,0,0,0,1,0,0,0,1
Acrobat Catering Limited,0,0,0,0,0,0,0,0,0,0,0,1,1
Aforestry Ltd,0,0,0,0,0,0,0,1,0,0,0,0,1
AFM Facilities Limited,0,0,1,0,0,0,0,0,0,0,0,0,1
Afghan Primary Care Limited,0,0,0,0,0,0,0,0,0,1,0,0,1
Affirmo Limited,1,0,0,0,0,0,0,0,0,0,0,0,1
Aerospace Software Developments Limited,0,0,0,0,0,0,0,0,0,1,0,0,1
Aeronox Limited,0,0,0,0,0,0,0,0,0,0,1,0,1
Aero Inspection International Limited,0,0,0,0,0,0,0,0,0,0,1,0,1
Aercap Ireland Limited,0,0,0,0,0,0,1,0,0,0,0,0,1
Aeolus International Limited,0,0,0,0,1,0,0,0,0,0,0,0,1
AEBE Limited,0,1,0,0,0,0,0,0,0,0,0,0,1
Advant Medical,1,0,0,0,0,0,0,0,0,0,0,0,1
Adi and Harry Pantry Limited,0,0,0,0,1,0,0,0,0,0,0,0,1
Advanced Manufacturing Tech Solutions Ireland Limited,1,0,0,0,0,0,0,0,0,0,0,0,1
Advanced Labels Ltd,0,0,0,0,0,0,0,0,0,0,1,0,1
Advance Science,0,0,0,0,0,0,0,0,0,0,1,0,1
Ads Retail Investments Limited,1,0,0,0,0,0,0,0,0,0,0,0,1
Ads Contractor Limited,1,0,0,0,0,0,0,0,0,0,0,0,1
Adrian Hynes,0,0,0,0,1,0,0,0,0,0,0,0,1
Adrian Dunne Chemist (Portarlington) Ltd,0,0,0,0,0,1,0,0,0,0,0,0,1
Adrian Bothwell Building Contractors Ltd,0,0,0,0,0,0,0,0,0,0,1,0,1
Adrian & Cathy Howard Crash Repairs t/a Auto Body Repairs Ltd,0,0,0,0,0,0,0,0,0,1,0,0,1
Adorsys Ireland Limited,0,0,0,1,0,0,0,0,0,0,0,0,1
Adnan Cunaku,0,0,0,0,0,0,0,0,0,0,0,1,1
Advanced Technical Concepts LTD,0,0,0,1,0,0,0,0,0,0,0,0,1
Zurich Insurance Europe AG,0,0,0,0,0,0,0,0,0,0,0,1,1
ZSTS Express Limited,0,0,0,0,0,1,0,0,0,0,0,0,1
ZS Retailers Limited,0,0,0,0,0,0,0,1,0,0,0,0,1
Zordan Media Limited,0,1,0,0,0,0,0,0,0,0,0,0,1
ZoomInfo Ireland Limited,0,0,0,0,0,0,0,0,0,1,0,0,1
Zimmer Orthopedics Manufacturing Limited,0,0,0,0,0,0,1,0,0,0,0,0,1
Zill Consulting Limited,0,0,0,0,0,0,0,1,0,0,0,0,1
Zi Qi Restaurant Limited,0,0,0,0,0,1,0,0,0,0,0,0,1
Zhuang's Restaurant Ltd,1,0,0,0,0,0,0,0,0,0,0,0,1
Zhenyu Limited,0,1,0,0,0,0,0,0,0,0,0,0,1
ZFB Co & Retail Limited,0,0,1,0,0,0,0,0,0,0,0,0,1
Accident Repair Management Ltd,0,0,0,0,0,0,0,0,1,0,0,0,1
Zenton Limited,0,0,0,0,0,0,0,0,0,0,1,0,1
ZEN ASIAN RESTAURANT &CAFE LIMITED,0,0,0,0,0,0,1,0,0,0,0,0,1
Zellwood Ltd,0,0,0,0,0,0,0,0,0,0,0,1,1
Zyntrica Technologies Limited,0,0,0,0,0,0,0,0,0,1,0,0,1
A to Z Innovative Solutions Ltd,1,0,0,0,0,0,0,0,0,0,0,0,1
Zealandia Ltd,0,0,0,0,0,1,0,0,0,0,0,0,1
Zetta Home Services,1,0,0,0,0,0,0,0,0,0,0,0,1
Abalone Hospitality Ltd,0,1,0,0,0,0,0,0,0,0,0,0,1
YOUNG WORLD MONTESSORI SCHOOL & CRECHE LIMITED,0,0,0,0,0,0,0,0,0,0,1,0,1
3M Healthcare EMEA Export Limited,0,0,0,0,0,0,0,0,0,1,0,0,1
360 Degrees Complete Maintenance & Project Management Limited,0,0,0,0,0,0,0,0,0,0,1,0,1
2HQ Consulting Engineers Limited,0,0,1,0,0,0,0,0,0,0,0,0,1
Accenture International Limited,0,0,0,0,0,1,0,0,0,0,0,0,1
Accenture Global Solutions Limited,0,0,0,0,0,1,0,0,0,0,0,0,1
Accelerating Change Together Company Limited by Guarantee,0,0,0,0,0,0,0,0,1,0,0,0,1
Abyan Limited,0,0,1,0,0,0,0,0,0,0,0,0,1
Aby and Swapna International Trading Limited,0,1,0,0,0,0,0,0,0,0,0,0,1
Abtran Unlimited Company,0,0,0,0,0,0,0,0,1,0,0,0,1
Absorb Technology Limited,0,0,0,0,0,1,0,0,0,0,0,0,1
Absolute Nutrition,0,0,0,0,1,0,0,0,0,0,0,0,1
ABS Synergy Ltd,0,0,0,0,0,0,0,0,0,0,0,1,1
ABS Synergy Limited,1,0,0,0,0,0,0,0,0,0,0,0,1
Above Ground Ltd,0,0,0,0,0,0,0,0,0,1,0,0,1
Z-We-Ton (Raheen) Limited,0,0,0,0,0,0,0,0,0,0,1,0,1
ABM BBQ Consulting Ireland,0,0,0,0,0,0,0,0,0,0,1,0,1
ABJB Limited,1,0,0,0,0,0,0,0,0,0,0,0,1
Abington Dental Limited,0,0,0,0,0,0,0,0,0,1,0,0,1
Abellio Productions Limited,0,0,0,0,0,0,0,0,0,1,0,0,1
Abel Decor LTD,0,0,0,0,0,0,0,0,0,0,0,1,1
ABDUL QADIR,1,0,0,0,0,0,0,0,0,0,0,0,1
Abcon Industrial Products Limited,0,0,0,0,0,0,0,0,0,0,0,1,1
ABC Nursery and Montessori Limited,0,0,1,0,0,0,0,0,0,0,0,0,1
AbbVie Limited,1,0,0,0,0,0,0,0,0,0,0,0,1
Abbeyville Veterinary Services Limited,1,0,0,0,0,0,0,0,0,0,0,0,1
19th Hole Hospitality Limited,0,1,0,0,0,0,0,0,0,0,0,0,1
Abode Doorway to Life Company Limited By Guarantee,0,0,0,0,0,0,0,0,0,0,0,1,1
Alto Health,0,0,0,0,0,1,0,0,0,0,0,0,1
Alternative Experiences Limited,0,0,0,0,0,0,0,0,0,0,1,0,1
Alstonwood Ltd t/a B2 Communications,0,0,0,0,0,1,0,0,0,0,0,0,1
ALS Life Sciences Ltd,0,0,0,0,1,0,0,0,0,0,0,0,1
AlphaBytes Limited,0,0,0,0,0,0,0,1,0,0,0,0,1
Alpha Wolves Volleyball Academy Limited,0,0,0,0,0,0,0,0,1,0,0,0,1
Alpha Automation and Controls Ltd,0,0,0,0,0,0,0,1,0,0,0,0,1
Alnibra Limited,0,0,0,0,0,0,0,0,0,0,0,1,1
Almadina Limited,0,0,0,0,0,0,0,1,0,0,0,0,1
Almac Sciences (Ireland) Limited,0,0,0,0,0,0,0,0,1,0,0,0,1
Ag National Motors ldt.,0,0,0,0,0,0,0,0,0,0,0,1,1
Allpoints Building & Maintenance Limited,0,0,0,0,0,0,0,0,0,1,0,0,1
Allocator Training Institute Limited,0,0,0,0,0,0,0,0,0,0,1,0,1
Allingham Arms Hotel Limited,0,0,0,0,1,0,0,0,0,0,0,0,1
Allied Storage and Racking Limited,0,0,0,0,0,0,0,0,0,1,0,0,1
Allied Imports Ltd.,0,0,0,0,0,0,1,0,0,0,0,0,1
Allied Gear Services Ltd,1,0,0,0,0,0,0,0,0,0,0,0,1
Allianz Global Life DAC,0,0,0,0,0,0,0,0,1,0,0,0,1
Alliance Contracting and Electrical Engineering Ltd,0,0,0,0,0,0,0,0,0,1,0,0,1
Allergy Standards Limited,0,0,0,1,0,0,0,0,0,0,0,0,1
Allergan Pharmaceuticals International Limited,0,0,0,0,0,0,0,0,0,1,0,0,1
All Star Renovations Limited,0,0,0,0,0,0,0,0,0,0,1,0,1
Almac Pharma Services (Ireland) Ltd,0,1,0,0,0,0,0,0,0,0,0,0,1
Anastasia Barbers Limited,1,0,0,0,0,0,0,0,0,0,0,0,1
AnaBio Technologies,0,0,0,0,0,0,0,1,0,0,0,0,1
An Post DAC,0,0,1,0,0,0,0,0,0,0,0,0,1
An Cumann Peile Boiteimeac,0,0,0,0,0,0,1,0,0,0,0,0,1
An Ceolaras Naisiunta The National Concert Hall Company,0,1,0,0,0,0,0,0,0,0,0,0,1
AMS Cultural Heritage Consultancy Limited,0,0,0,0,0,0,0,0,0,0,1,0,1
AMK Automotive Ireland Limited,0,0,1,0,0,0,0,0,0,0,0,0,1
AMK Automotive (Ireland) Ltd,0,0,0,0,0,0,0,0,0,0,1,0,1
AMILIAM Ltd,0,0,0,0,0,0,0,0,0,0,1,0,1
Amesto Global (Ireland) Limited,0,0,0,0,0,0,0,1,0,0,0,0,1
Amelia 919 Chutzpah Limited,0,0,0,0,0,0,0,0,0,0,0,1,1
Alumax Limited,0,0,0,0,0,0,0,0,0,0,1,0,1
Amcor Flexibles Sligo Limited,0,0,0,0,0,0,0,0,1,0,0,0,1
Ambipar Response Ireland Limited,0,0,0,0,0,1,0,0,0,0,0,0,1
Ambargary Limited,0,0,0,0,0,0,0,0,0,0,0,1,1
Amb Trading House Limited,0,0,1,0,0,0,0,0,0,0,0,0,1
Amazing Retail Limitedf,0,0,0,0,0,0,0,0,0,1,0,0,1
AMAYRA VIHAR CONSULTANCY SERVICES,0,0,0,0,0,0,0,0,0,0,1,0,1
Amax Information Technologies Limited,0,0,0,0,0,0,0,0,0,0,1,0,1
Amach Software Ltd,1,0,0,0,0,0,0,0,0,0,0,0,1
Am Essential Bathrooms Ltd,0,0,0,0,0,0,0,0,0,0,0,1,1
Alutech Precision Engineering Ltd.,0,0,0,0,0,0,1,0,0,0,0,0,1
Alupress Limited,0,0,0,0,0,0,0,0,0,0,1,0,1
Ameilie Greens Limited,0,0,0,0,0,0,0,0,0,0,0,1,1
AJC Farm Limited,1,0,0,0,0,0,0,0,0,0,0,0,1
AJB Retail Limited,0,0,0,1,0,0,0,0,0,0,0,0,1
Aivgear Services Limited,0,1,0,0,0,0,0,0,0,0,0,0,1
Aisho Construction Ltd,0,0,0,1,0,0,0,0,0,0,0,0,1
Aishling Pharma Ltd,0,0,0,0,0,0,0,0,1,0,0,0,1
Airtel ATN,0,0,0,0,0,0,0,0,0,1,0,0,1
Airline Business Limited,0,0,0,0,0,1,0,0,0,0,0,0,1
Airbnb Ireland Unlimited Company,0,0,0,0,1,0,0,0,0,0,0,0,1
Air Taurus Limited,0,0,1,0,0,0,0,0,0,0,0,0,1
Air Movement Supplies Limited,0,0,1,0,0,0,0,0,0,0,0,0,1
AIP Capital Limited,1,0,0,0,0,0,0,0,0,0,0,0,1
All Nations Church Company Limited by Guarantee,1,0,0,0,0,0,0,0,0,0,0,0,1
Aidan Meade,0,0,0,0,0,0,1,0,0,0,0,0,1
Aidan Finn DAC,0,0,0,0,0,0,0,0,0,0,1,0,1
Ai Lian Ma,0,0,0,0,1,0,0,0,0,0,0,0,1
Ahmed Saqqa,1,0,0,0,0,0,0,0,0,0,0,0,1
Aherne Contractors,0,0,0,0,0,0,1,0,0,0,0,0,1
Ahane Piggeries Limited,0,0,1,0,0,0,0,0,0,0,0,0,1
Agrigear Limited,0,0,0,1,0,0,0,0,0,0,0,0,1
Agrakepak International Unlimited Company,0,0,0,0,0,0,0,0,0,0,1,0,1
Agilent Technologies Ireland Limited,0,0,1,0,0,0,0,0,0,0,0,0,1
Agency X Limited,0,0,1,0,0,0,0,0,0,0,0,0,1
AGC Ventures Ltd,0,0,1,0,0,0,0,0,0,0,0,0,1
Aidan Murphy Orthodontics,0,0,0,0,0,0,0,0,0,1,0,0,1
All Blooms,0,0,0,0,0,0,0,0,1,0,0,0,1
Alken Brothers Wine Merchants Limited,1,0,0,0,0,0,0,0,0,0,0,0,1
Alkarjeh Hospitality Limited,0,0,1,0,0,0,0,0,0,0,0,0,1
Alium Ltd,0,0,0,0,0,0,0,0,0,0,0,1,1
Ali Al-Alak,0,0,0,0,0,0,0,0,0,1,0,0,1
Alfa Food Limited,0,1,0,0,0,0,0,0,0,0,0,0,1
Alexandra Woodhouse,0,0,1,0,0,0,0,0,0,0,0,0,1
Alexander Mann Outsourcing Solutions Limited,1,0,0,0,0,0,0,0,0,0,0,0,1
Alex Mihov,0,0,1,0,0,0,0,0,0,0,0,0,1
Albany Construction Contractors Limited,1,0,0,0,0,0,0,0,0,0,0,0,1
ALB Private Retail Limited,0,0,0,0,1,0,0,0,0,0,0,0,1
Akamai Technologies Ireland Limited,0,0,0,0,1,0,0,0,0,0,0,0,1
Alan O'Connell Developments Limited,1,0,0,0,0,0,0,0,0,0,0,0,1
Alan Keenan,0,0,1,0,0,0,0,0,0,0,0,0,1
Alan Campbell,0,0,1,0,0,0,0,0,0,0,0,0,1
Al Taglio ltd,0,0,0,0,0,0,0,0,0,1,0,0,1
Al Najaf Limited,0,0,0,0,0,0,0,1,0,0,0,0,1
Al Fresco Foods Ltd,0,0,1,0,0,0,0,0,0,0,0,0,1
Al Falah Medical Company Limited,0,0,0,0,0,0,0,0,0,0,0,1,1
Al Chile Limited,0,0,0,0,0,0,1,0,0,0,0,0,1
AL Beauty Clinic Limited,0,0,1,0,0,0,0,0,0,0,0,0,1
AKON-Curtains Limited,0,0,0,0,0,0,0,1,0,0,0,0,1
Akash Kebab Limited,0,1,0,0,0,0,0,0,0,0,0,0,1
Alan Vaughan & Aidan O'Shea,1,0,0,0,0,0,0,0,0,0,0,0,1
Burgerchick Castletroy Limited,0,0,0,0,0,0,0,0,1,0,0,0,1
Bunratty Shopping Village Ltd,0,1,0,0,0,0,0,0,0,0,0,0,1
BUNQ B.V.,0,0,0,0,0,0,0,0,0,1,0,0,1
Bundoran Physiotherapy Ltd,0,0,0,0,0,0,0,0,1,0,0,0,1
Bunacum Farm Limited,1,0,0,0,0,0,0,0,0,0,0,0,1
Bullring Farms Limited,0,0,0,0,0,0,0,0,1,0,0,0,1
Built It Construction,0,0,0,0,0,0,0,0,1,0,0,0,1
Building Envelope Technologies Limited,0,0,0,0,0,0,0,0,0,0,0,1,1
Budweiser Brewing Group Ireland Ltd,0,0,0,0,0,0,0,0,0,0,1,0,1
Bucca Foods Ltd,0,0,0,0,0,0,0,0,1,0,0,0,1
Bahaa Marks Limited,0,0,1,0,0,0,0,0,0,0,0,0,1
Bryan McCarthy & Associates,0,1,0,0,0,0,0,0,0,0,0,0,1
Bryan Duggan,0,0,0,1,0,0,0,0,0,0,0,0,1
Bryan and Colin Doherty,0,0,1,0,0,0,0,0,0,0,0,0,1
Bruscar Bhearna Teoranta,0,0,0,0,0,0,0,0,0,1,0,0,1
BrowserStack Limited,0,0,0,0,0,0,0,0,0,0,0,1,1
Browsers Books and Gifts Limited,0,0,0,0,0,0,0,0,0,0,0,1,1
BROWNE MURPHY & HUGHES,0,0,0,0,0,0,0,0,0,0,1,0,1
Brown Morel NCW Limited,1,0,0,0,0,0,0,0,0,0,0,0,1
Brown Island Stables Ltd,0,0,0,0,0,0,0,0,0,1,0,0,1
Brown Brothers Harriman Trustee Services (Ireland) Limited,0,0,0,1,0,0,0,0,0,0,0,0,1
Brown Brothers Harriman Fund Administration Services (Ireland) Limited,0,0,0,0,0,0,0,0,1,0,0,0,1
Bubble Brothers Limited,0,0,0,0,0,0,0,0,0,0,0,1,1
Cad Food Stores Limited,0,0,0,0,0,0,0,0,0,1,0,0,1
Caci Non-Life Designated Activity Company,0,0,0,0,0,0,0,0,0,0,1,0,1
Cabot Financial (Ireland) Limited,0,0,0,1,0,0,0,0,0,0,0,0,1
C.U.G.R. Health Limited,0,0,0,0,0,0,1,0,0,0,0,0,1
C.J.K. Electrical,1,0,0,0,0,0,0,0,0,0,0,0,1
C. MORTON &SONS,0,0,0,0,0,0,0,0,0,1,0,0,1
C&J Meats (Ire) Limited,0,0,0,0,0,0,0,0,0,1,0,0,1
C W Systems Integration Ltd,0,1,0,0,0,0,0,0,0,0,0,0,1
C  M Farming,0,0,0,0,0,0,0,0,0,1,0,0,1
Byrne Wallace Shields LLP,0,0,0,0,0,0,0,1,0,0,0,0,1
Byrne O'Byrne Accounting And Tax Advisors Limited,0,0,1,0,0,0,0,0,0,0,0,0,1
Burgers Better Limited,0,1,0,0,0,0,0,0,0,0,0,0,1
Byrne & Peers Limited,0,0,0,0,0,0,0,0,1,0,0,0,1
Byrne & Murphy Limited,0,0,0,1,0,0,0,0,0,0,0,0,1
Bylis Limited,0,0,1,0,0,0,0,0,0,0,0,0,1
BWG Foods Unlimited Company,0,0,0,0,0,0,0,0,1,0,0,0,1
Buzz Hospitality Limited,0,0,0,1,0,0,0,0,0,0,0,0,1
Butterstream Autos Limited,0,1,0,0,0,0,0,0,0,0,0,0,1
Butlers Chocolate Cafe,0,0,0,0,1,0,0,0,0,0,0,0,1
Business Print Limited,1,0,0,0,0,0,0,0,0,0,0,0,1
Bushypark Stables Limited,0,0,0,0,0,0,0,0,0,0,1,0,1
Bushy Park Nursing Home Ltd,1,0,0,0,0,0,0,0,0,0,0,0,1
Bushell Agri Alliance Ltd,0,1,0,0,0,0,0,0,0,0,0,0,1
Byrne Looby Partners (Irl) Limited,1,0,0,0,0,0,0,0,0,0,0,0,1
Breffni Air Ireland Limited,0,0,0,0,0,0,0,1,0,0,0,0,1
Breedon Employee Services Ireland Ltd,0,0,0,1,0,0,0,0,0,0,0,0,1
Bread Nation Ltd,0,0,0,0,0,0,0,0,0,1,0,0,1
Brazco Coffee Academy Limited,0,0,0,0,0,0,1,0,0,0,0,0,1
Bravo Hughes Limited,0,0,0,1,0,0,0,0,0,0,0,0,1
Brandpower Limited,0,0,0,1,0,0,0,0,0,0,0,0,1
Brambles Deli Cafe Limited,0,0,1,0,0,0,0,0,0,0,0,0,1
"Bragan Truck, Van and 4X4 Accessories Limited",0,0,0,0,0,0,0,0,1,0,0,0,1
Bradley Brand and Design Limited,0,0,0,0,0,0,0,0,0,0,1,0,1
BR Motorcycle,0,0,0,0,1,0,0,0,0,0,0,0,1
BPF Consulting Ltd,0,0,0,0,0,0,0,0,0,1,0,0,1
Brow Experts Limited,0,0,0,1,0,0,0,0,0,0,0,0,1
Boyne Sa Vets Limited,1,0,0,0,0,0,0,0,0,0,0,0,1
BoyleSports 2 Unlimited Company,0,0,0,0,0,0,0,0,0,0,1,0,1
Boyle Tapas Restaurant Limited,0,0,0,0,0,0,0,0,0,1,0,0,1
Boylan Print Limited,1,0,0,0,0,0,0,0,0,0,0,0,1
Boylan Engineering & Environmental Limited,1,0,0,0,0,0,0,0,0,0,0,0,1
Boxmore Plastics Limited,0,0,0,0,0,0,0,0,0,1,0,0,1
BOWTOKYO LIMITED,0,1,0,0,0,0,0,0,0,0,0,0,1
Bowdale Limited,0,1,0,0,0,0,0,0,0,0,0,0,1
Bounce Gymnastics Limited,0,0,1,0,0,0,0,0,0,0,0,0,1
Borrigon Takeaway Limited,0,0,0,1,0,0,0,0,0,0,0,0,1
Bookwise Consulting Ltd,0,0,0,0,0,0,0,0,1,0,0,0,1
Boyne Valley Meats Ltd,0,0,0,1,0,0,0,0,0,0,0,0,1
Brother Baghin Limited,0,0,0,0,0,0,0,0,1,0,0,0,1
Brosnan Property Solutions,0,0,0,0,0,0,0,0,0,1,0,0,1
Brooklyn Restaurant Ardkeen Limited,0,0,0,0,0,0,0,0,1,0,0,0,1
Brooklyn Engineering Services Limited,0,0,0,0,0,0,0,0,0,0,0,1,1
Brooklyn Bars Limited,0,0,0,1,0,0,0,0,0,0,0,0,1
Brook Advantage Limited,0,0,0,0,0,0,0,0,0,0,1,0,1
Brilliant Castle Ltd,0,1,0,0,0,0,0,0,0,0,0,0,1
BrigthonPeking Limited,0,0,0,0,0,0,0,0,1,0,0,0,1
BRIGTHON PEKING LIMITED,0,0,0,0,0,0,1,0,0,0,0,0,1
Brightstar Care Limited,0,0,0,0,1,0,0,0,0,0,0,0,1
Brightbeam AI Limited,0,0,0,0,0,1,0,0,0,0,0,0,1
Brencopharm Ltd,0,0,0,0,0,0,0,1,0,0,0,0,1
Brian Murray Ventures Limited,0,0,0,0,0,0,0,1,0,0,0,0,1
Brian Monaghan Limited,0,1,0,0,0,0,0,0,0,0,0,0,1
Brian Lawlor Plant & Agri Limited,0,1,0,0,0,0,0,0,0,0,0,0,1
Brian Hanley,0,0,1,0,0,0,0,0,0,0,0,0,1
Brian Griffin,0,0,0,0,0,0,0,1,0,0,0,0,1
Brewery Chemical & Dairy Engineering Limited,0,0,0,0,0,0,0,1,0,0,0,0,1
Breska Farm ULC Thomas Reilly,0,0,0,0,0,0,0,1,0,0,0,0,1
Brereton Building Services Limited,0,0,0,0,0,0,0,0,0,0,0,1,1
Brendan Phelan,0,1,0,0,0,0,0,0,0,0,0,0,1
Brendan O'Malley Ltd,0,0,0,1,0,0,0,0,0,0,0,0,1
Brenda O'Brien,0,0,0,0,0,0,0,0,0,0,1,0,1
Brian Sheahan,0,0,0,0,0,1,0,0,0,0,0,0,1
Caruso Limited,1,0,0,0,0,0,0,0,0,0,0,0,1
Carters Childcare Limited,0,0,0,0,0,0,0,1,0,0,0,0,1
Carten Controls Limited,0,0,0,0,0,0,0,0,0,0,1,0,1
CARROWMILL DAIRY LIMITED,0,0,0,0,0,0,0,0,0,1,0,0,1
Carrolls Abbey Tavern Limited,1,0,0,0,0,0,0,0,0,0,0,0,1
Carroll Estates Dublin Limited,0,0,0,0,0,0,0,0,0,1,0,0,1
Carroll Dairy Farms Ltd,0,0,1,0,0,0,0,0,0,0,0,0,1
Carroll Cuisine,0,0,1,0,0,0,0,0,0,0,0,0,1
Carriganure Farm Ltd,0,0,0,0,1,0,0,0,0,0,0,0,1
Carrigaline Noodlee Limited,0,0,1,0,0,0,0,0,0,0,0,0,1
Cafe La Rocha Limited,0,1,0,0,0,0,0,0,0,0,0,0,1
Carrig Island Farm Limited,0,0,0,0,0,0,1,0,0,0,0,0,1
Carrig Conservation International Limited,1,0,0,0,0,0,0,0,0,0,0,0,1
Carrickhill Investments Ltd,0,0,1,0,0,0,0,0,0,0,0,0,1
CARRAROE ROYAL GARDEN LIMITED,0,0,0,0,0,0,0,1,0,0,0,0,1
Carrabawn Homecare Limited,0,0,0,0,0,0,0,0,0,0,0,1,1
CARNEHILL CONTRACTING LIMITED,0,0,0,0,0,0,0,0,1,0,0,0,1
Carne Digital Solutions Limited,1,0,0,0,0,0,0,0,0,0,0,0,1
Carlyle Aviation Management Limited,0,0,0,0,0,0,0,0,0,0,1,0,1
Carlow Specsavers Limited (0677),0,0,0,0,0,0,0,0,0,0,0,1,1
Carlingford Medical Centre,0,0,0,0,0,0,0,0,0,1,0,0,1
Carlingford Brewing Company Ltd,0,0,0,0,0,1,0,0,0,0,0,0,1
Carrigaline Hotels Limited,0,1,0,0,0,0,0,0,0,0,0,0,1
Cava Restaurant Ltd,0,0,0,0,0,0,0,0,1,0,0,0,1
Cathedral View Apartments,0,0,0,0,0,0,0,0,0,0,1,0,1
Cathay Properties Investment Limited,0,0,1,0,0,0,0,0,0,0,0,0,1
Catering Limited,0,0,0,0,0,0,0,1,0,0,0,0,1
Castletroy Taverns Ltd,0,0,0,0,0,0,0,0,0,0,0,1,1
Castletown Farms Ltd,1,0,0,0,0,0,0,0,0,0,0,0,1
Castleteel Ltd,0,0,0,0,0,0,0,0,0,1,0,0,1
Castlestone Construction BV Limited,0,0,0,0,0,0,0,0,0,0,1,0,1
Castlerea Optical Limited,0,0,0,1,0,0,0,0,0,0,0,0,1
Castleknock Resort Limited,0,1,0,0,0,0,0,0,0,0,0,0,1
Castleknock Lawn Tennis Club,0,1,0,0,0,0,0,0,0,0,0,0,1
Carysfort Inns Ltd,0,0,0,0,1,0,0,0,0,0,0,0,1
Castlebrowne Civil Engineering Limited,0,0,0,0,0,0,0,0,0,0,1,0,1
CASTLEBLANEY PLANT HIRE LIMITED,0,0,0,0,0,0,1,0,0,0,0,0,1
Castle Timber Design Limited,0,0,0,0,0,0,0,0,0,0,1,0,1
Castle Gypsum,0,0,0,0,0,0,0,0,0,0,0,1,1
Castle Creche Limited,1,0,0,0,0,0,0,0,0,0,0,0,1
Castle Ceilings & Partitions Ltd,0,0,0,0,0,1,0,0,0,0,0,0,1
Castello Asian Cuisine Limited,0,0,0,0,1,0,0,0,0,0,0,0,1
Cassidys Hotel Limited,0,0,0,0,0,0,1,0,0,0,0,0,1
Cashsnapp Limited,0,0,0,0,0,0,0,0,1,0,0,0,1
Cascade IT & Medical Solutions Limited,1,0,0,0,0,0,0,0,0,0,0,0,1
Casa Luna Limited,0,0,0,0,0,0,0,0,0,0,0,1,1
Castlekeeran Transport Ltd,0,0,1,0,0,0,0,0,0,0,0,0,1
Canton House Chinese Take Away,0,0,0,1,0,0,0,0,0,0,0,0,1
Canton City D7 Limited,0,1,0,0,0,0,0,0,0,0,0,0,1
Canonical Support Services Ireland Limited,0,0,1,0,0,0,0,0,0,0,0,0,1
Canon (IRL) Business Equipment Limited,0,0,0,0,1,0,0,0,0,0,0,0,1
Canning's Pharmacy Ltd,0,0,0,0,1,0,0,0,0,0,0,0,1
Candor Chartered Accountants Limited,0,0,0,0,0,0,0,0,0,0,0,1,1
Candlevale Limited,0,0,0,1,0,0,0,0,0,0,0,0,1
Canbe Limited,0,0,1,0,0,0,0,0,0,0,0,0,1
Canadia Distributors Ltd T/A Mulveys of Dundrum,0,0,1,0,0,0,0,0,0,0,0,0,1
Camus Dairy Limited,0,0,1,0,0,0,0,0,0,0,0,0,1
Camerino Limited,0,0,1,0,0,0,0,0,0,0,0,0,1
Carleycon Ltd,1,0,0,0,0,0,0,0,0,0,0,0,1
Cambus Teoranta,0,0,0,0,0,0,0,0,0,0,0,1,1
Calnan Engineering Limited,0,0,1,0,0,0,0,0,0,0,0,0,1
Callan Bacon Company Limited,0,0,0,0,0,0,0,0,0,0,0,1,1
California White Services Limited,0,0,1,0,0,0,0,0,0,0,0,0,1
Caithlin Limited,1,0,0,0,0,0,0,0,0,0,0,0,1
Caiseal Geal Teoranta,1,0,0,0,0,0,0,0,0,0,0,0,1
Cainte Entertainment Limited,0,0,0,0,0,0,0,1,0,0,0,0,1
Caiguna Limited,1,0,0,0,0,0,0,0,0,0,0,0,1
Cagney Contract Cleaning LTD,0,0,0,1,0,0,0,0,0,0,0,0,1
Cafe Presse Ltd,0,0,0,0,0,0,0,0,0,1,0,0,1
Cafe Mineiro Limited,0,0,0,1,0,0,0,0,0,0,0,0,1
Camden Fitness Ltd,0,0,1,0,0,0,0,0,0,0,0,0,1
Carla Horrana,0,0,0,0,0,1,0,0,0,0,0,0,1
Carig Glen Farm Limited,0,0,0,1,0,0,0,0,0,0,0,0,1
CarGurus Ireland Limited,0,0,0,0,0,0,0,0,0,0,1,0,1
Carey Groundworks Limited,0,0,0,0,0,0,0,0,0,0,0,1,1
Caregivers Ireland Company Limited By Guarantee,0,0,0,0,0,0,0,1,0,0,0,0,1
Cardoso and Goslin Limited,1,0,0,0,0,0,0,0,0,0,0,0,1
Cardinal Health Ireland Unlimited Company,0,0,0,0,0,0,0,0,0,0,1,0,1
Cardinal Health Ireland 508 Limited,0,1,0,0,0,0,0,0,0,0,0,0,1
CardiacBooster Ltd,0,1,0,0,0,0,0,0,0,0,0,0,1
Carbon Harvesters Limited,0,0,0,1,0,0,0,0,0,0,0,0,1
Carasco Management Limited,1,0,0,0,0,0,0,0,0,0,0,0,1
Capcon Engineering,0,1,0,0,0,0,0,0,0,0,0,0,1
Capricorn Ventis Ltd,0,0,1,0,0,0,0,0,0,0,0,0,1
Capper Trading Ireland Limited,0,0,0,0,0,0,0,1,0,0,0,0,1
Capitalflow Group DAC,0,0,0,0,0,0,0,0,0,0,1,0,1
Capital Care Tullamore Limited,0,1,0,0,0,0,0,0,0,0,0,0,1
Capital Care Dentists,0,0,0,0,1,0,0,0,0,0,0,0,1
Capital Care Dental lab,0,1,0,0,0,0,0,0,0,0,0,0,1
Capital Care Bray Limited,1,0,0,0,0,0,0,0,0,0,0,0,1
Capital ABC Ltd,0,1,0,0,0,0,0,0,0,0,0,0,1
Capita Customer Solutions Ltd,0,0,0,0,0,0,0,0,0,1,0,0,1
Capernaum Limited,0,0,1,0,0,0,0,0,0,0,0,0,1
Capella Workplace Solutions Ltd,0,0,0,0,0,0,0,0,1,0,0,0,1
Car Interior Designs Ltd,0,0,0,0,1,0,0,0,0,0,0,0,1
Beakonshaw Contracting Ltd,0,0,0,0,0,0,1,0,0,0,0,0,1
Beag Tech Ltd,0,0,0,0,1,0,0,0,0,0,0,0,1
Beacon Locums Limited,0,0,0,0,0,0,0,0,0,1,0,0,1
Beacon Dialysis Services Ltd,0,0,0,0,0,1,0,0,0,0,0,0,1
Beach Hut Limited,0,0,0,0,0,0,1,0,0,0,0,0,1
BDO Limerick,0,0,0,1,0,0,0,0,0,0,0,0,1
BDO Customs and International Trade Services Limited,0,0,0,0,0,0,1,0,0,0,0,0,1
Bd Sea Food Ltd,0,0,0,0,0,0,0,0,0,1,0,0,1
BCC Risk Advisory,0,0,0,0,0,0,0,0,0,1,0,0,1
BC Prime Pharma Limited,0,0,0,0,0,0,0,0,0,0,0,1,1
Book a Language Industries Limited,0,1,0,0,0,0,0,0,0,0,0,0,1
Bayer Limited,0,0,0,0,0,0,0,1,0,0,0,0,1
Baxter Healthcare Limited.,0,0,0,0,0,0,1,0,0,0,0,0,1
Bausch + Lomb Ireland Limited,0,0,0,1,0,0,0,0,0,0,0,0,1
Battalion Bloodstock Limited,0,1,0,0,0,0,0,0,0,0,0,0,1
Basil Asian Street Food,0,0,1,0,0,0,0,0,0,0,0,0,1
Basharat and Sons Limited,0,0,0,0,0,1,0,0,0,0,0,0,1
Baseworx Technologies Limited,0,1,0,0,0,0,0,0,0,0,0,0,1
Baseline Communities Limited,0,0,1,0,0,0,0,0,0,0,0,0,1
Bartra Capital Property Management Limited,0,1,0,0,0,0,0,0,0,0,0,0,1
Barry Wallace,0,0,1,0,0,0,0,0,0,0,0,0,1
Barry Keohane Haulage Limited,0,0,0,0,0,0,1,0,0,0,0,0,1
BC Manufacturing Enterprises Ltd,0,0,0,0,0,1,0,0,0,0,0,0,1
Bentleys Limited Partnership,0,0,0,1,0,0,0,0,0,0,0,0,1
Benova E-Commerce Limited,1,0,0,0,0,0,0,0,0,0,0,0,1
Bennis Farms Limited,0,0,0,0,0,0,0,0,0,0,0,1,1
Bennett ( Construction) LTD,0,0,0,0,0,0,0,0,0,1,0,0,1
Benjamin Food Solution Limited,0,0,1,0,0,0,0,0,0,0,0,0,1
Bench Grade Brands Operations Limited,1,0,0,0,0,0,0,0,0,0,0,0,1
Belmullet Hospitality Group,1,0,0,0,0,0,0,0,0,0,0,0,1
Bellotto Services Limited,0,1,0,0,0,0,0,0,0,0,0,0,1
Bellew Food Company Ltd,0,1,0,0,0,0,0,0,0,0,0,0,1
Belcarrig Concrete Ltd,0,0,0,0,0,0,0,0,1,0,0,0,1
Behaviour Detectives Limited,0,0,1,0,0,0,0,0,0,0,0,0,1
Bean Town Cafe Limited,0,0,0,0,0,0,0,0,0,0,1,0,1
Beechlawn Organic Farm Limited,0,0,0,0,0,0,0,0,0,0,1,0,1
Beechlands Dairy Ltd,1,0,0,0,0,0,0,0,0,0,0,0,1
Beechgrove Ltd,0,0,0,0,0,0,0,0,0,0,1,0,1
Beechfield Farm Ltd,0,0,0,0,0,0,0,1,0,0,0,0,1
Bedroom Elegance (Sales) Limited,0,1,0,0,0,0,0,0,0,0,0,0,1
Bed Res Investments Limited,0,0,1,0,0,0,0,0,0,0,0,0,1
Becton Dickinson Research Centre Ireland Ltd,0,1,0,0,0,0,0,0,0,0,0,0,1
Beauty Time,0,0,0,0,0,1,0,0,0,0,0,0,1
Beauty Supplies By Shamrock Limited,0,0,0,0,0,0,0,0,0,1,0,0,1
Beaumont Private Clinic,0,0,0,0,0,0,0,0,0,1,0,0,1
Beats Medical,0,0,0,0,0,0,0,0,0,0,0,1,1
Beechlawn Taverns Limited,1,0,0,0,0,0,0,0,0,0,0,0,1
Ballymorris Pigs Limited,0,0,0,0,0,0,1,0,0,0,0,0,1
Ballymore Properties Ireland Limited,0,0,0,0,0,0,1,0,0,0,0,0,1
Ballymore Farms Ltd,0,0,1,0,0,0,0,0,0,0,0,0,1
Ballymooney Foods Limited,0,0,0,0,0,0,0,0,0,0,1,0,1
Ballymaguire Foods Limited,1,0,0,0,0,0,0,0,0,0,0,0,1
Ballyhenebry Farms Limited,0,0,0,0,0,0,0,0,0,0,1,0,1
Ballyhavil Limited,1,0,0,0,0,0,0,0,0,0,0,0,1
Ballyfin Demesne Limited,0,0,0,0,0,1,0,0,0,0,0,0,1
Ballyfaskin Enterprises Limited,0,0,0,0,0,0,0,0,0,0,1,0,1
Ballyfaddock Farm  LTD,0,0,1,0,0,0,0,0,0,0,0,0,1
Ballydwyer Farms Ltd,1,0,0,0,0,0,0,0,0,0,0,0,1
Barry Dolan,0,0,0,0,0,0,0,0,1,0,0,0,1
Ballyblood Dairy Farm Ltd,0,0,0,0,0,0,0,0,1,0,0,0,1
Ballsbridge Coffee 4D Limited,0,0,0,0,0,0,0,0,0,0,1,0,1
Ballinla Farm Ltd,0,0,0,0,1,0,0,0,0,0,0,0,1
Ballinguile Castlefarm Limited,0,0,0,0,1,0,0,0,0,0,0,0,1
Ballindura Farms & Co. limited,0,0,0,0,0,0,0,0,0,1,0,0,1
Ballindrum Dairy Farm Ltd,1,0,0,0,0,0,0,0,0,0,0,0,1
Ballinagrass Farm Ltd,0,0,0,0,0,0,0,0,0,0,0,1,1
Balfeside Limited,0,0,0,0,0,0,0,0,1,0,0,0,1
Baldoyle Auto Centre Limited,0,0,0,0,0,0,0,0,1,0,0,0,1
Balbriggan Dental Services Limited,0,0,0,0,0,0,0,0,0,0,0,1,1
Bake Box Limited,0,0,0,0,0,0,0,0,1,0,0,0,1
Ballybrack Farm Limited,0,0,1,0,0,0,0,0,0,0,0,0,1
Barry &  Browne Limited,1,0,0,0,0,0,0,0,0,0,0,0,1
Barrow Hill Dairy Limited,1,0,0,0,0,0,0,0,0,0,0,0,1
Barrons Bakery Ltd,1,0,0,0,0,0,0,0,0,0,0,0,1
Barróg Healthcare Limited,0,0,0,0,0,0,0,1,0,0,0,0,1
Barrack Lane Farm Limited,1,0,0,0,0,0,0,0,0,0,0,0,1
Bar-One Racing Ltd,0,0,0,0,0,0,0,0,0,0,0,1,1
Barne Accessories Limited,0,0,0,0,0,0,0,0,0,0,1,0,1
Barnardos Ireland,0,0,0,0,0,0,0,0,1,0,0,0,1
Barmal Hospitality Ltd,0,0,0,0,0,0,1,0,0,0,0,0,1
Barlo Motors Limited,0,0,1,0,0,0,0,0,0,0,0,0,1
Barlainn Limited,0,0,0,0,1,0,0,0,0,0,0,0,1
Ballymulmore Produce Limited,0,1,0,0,0,0,0,0,0,0,0,0,1
Barcoon Transport Limited,0,0,0,0,1,0,0,0,0,0,0,0,1
Bantry General Hospital,0,0,0,0,0,0,1,0,0,0,0,0,1
Banrach Consulting Engineers Ltd,0,0,0,0,0,0,0,1,0,0,0,0,1
Banqueting Food Systems Ltd,0,1,0,0,0,0,0,0,0,0,0,0,1
Banagher Precast Concrete Ltd,0,0,0,0,1,0,0,0,0,0,0,0,1
BAMBINO Stephen Limited,0,0,0,1,0,0,0,0,0,0,0,0,1
Balscadden Online Limited,1,0,0,0,0,0,0,0,0,0,0,0,1
Ballytrain Plant & Commercial Sales Ltd,0,0,0,0,0,0,0,1,0,0,0,0,1
Ballyshannon Bloodstock Ltd,0,0,0,0,0,0,0,0,1,0,0,0,1
Ballynageeragh Farm Limited,0,0,0,0,0,0,0,0,0,0,1,0,1
Ballymun Community Law Centre,0,0,0,0,0,0,1,0,0,0,0,0,1
Baris Atasever,1,0,0,0,0,0,0,0,0,0,0,0,1
Blue Saffron Unlimited Company,0,0,0,0,0,1,0,0,0,0,0,0,1
Blue Saffron Limited,1,0,0,0,0,0,0,0,0,0,0,0,1
Blue Poppy Visage Limited,0,0,0,0,0,0,0,0,0,1,0,0,1
Blue Chip Mechanical Services Limited,0,0,0,0,1,0,0,0,0,0,0,0,1
Blooming Nails and Spa Limited,0,0,0,0,0,0,1,0,0,0,0,0,1
Blind Piper Limited,0,0,0,0,0,0,0,1,0,0,0,0,1
BLG Financial Consultants Ltd,1,0,0,0,0,0,0,0,0,0,0,0,1
BLG Family Office Limited,1,0,0,0,0,0,0,0,0,0,0,0,1
Blennerville Community Playgroup Company Limited By Guarantee T/A The Willow Tree Children's Centre,0,0,0,0,0,0,0,0,0,1,0,0,1
Blaze Tower Catering Limited,0,0,1,0,0,0,0,0,0,0,0,0,1
Berryoak Limited,0,0,0,0,1,0,0,0,0,0,0,0,1
Blarney Nursing & Retirement Home Limited,0,0,0,0,0,0,0,0,0,0,0,1,1
Blanchardstown Auto Repair Centre,1,0,0,0,0,0,0,0,0,0,0,0,1
Blackwell Energy Ltd.,0,0,0,0,1,0,0,0,0,0,0,0,1
Blackwater Property Investments t/a Blackwater Digital Marketing,0,0,0,0,0,0,0,1,0,0,0,0,1
Blackthorn Agency Limited,0,0,0,0,0,0,1,0,0,0,0,0,1
Blackstone Motors Dundalk Limited,0,0,0,0,0,0,0,0,0,0,0,1,1
Blackstairs Lithium Limited,1,0,0,0,0,0,0,0,0,0,0,0,1
Blackrock Resourcing Limited,0,0,0,0,1,0,0,0,0,0,0,0,1
Blackrock Asset Management Ireland Limited,0,0,0,0,0,1,0,0,0,0,0,0,1
Blackhall Properties,0,0,1,0,0,0,0,0,0,0,0,0,1
Blackfern Taverns Ltd,0,0,0,0,0,1,0,0,0,0,0,0,1
Blarney Pigs Producer Limited,0,0,0,0,0,0,0,0,0,0,1,0,1
Bonway C L I Limited,0,0,0,0,0,0,0,0,0,0,0,1,1
Bond Business Support Ltd.,0,0,0,0,0,1,0,0,0,0,0,0,1
Bolton Surveying Services Ltd,0,0,0,0,1,0,0,0,0,0,0,0,1
Bolton Abbey,0,0,0,0,0,0,0,0,1,0,0,0,1
Bollywood Temple Restaurant Limited,0,0,0,0,1,0,0,0,0,0,0,0,1
Bolivian Restaurant Limited,0,0,1,0,0,0,0,0,0,0,0,0,1
Bolger Engineering Limited,0,0,1,0,0,0,0,0,0,0,0,0,1
Boler Property Investment Co Limited,0,1,0,0,0,0,0,0,0,0,0,0,1
Boldyn Networks Ireland Limited,1,0,0,0,0,0,0,0,0,0,0,0,1
Boldcrest Limited,0,0,1,0,0,0,0,0,0,0,0,0,1
Boexperess Limited,0,0,0,0,0,0,0,0,0,0,1,0,1
Blue Sapphire Tech Limited,0,0,0,1,0,0,0,0,0,0,0,0,1
Bocadillo Limited,0,0,0,0,0,0,0,0,1,0,0,0,1
Bobo Import and Export Ltd,0,1,0,0,0,0,0,0,0,0,0,0,1
Bobby McCormack,0,0,1,0,0,0,0,0,0,0,0,0,1
Bo Shi,0,1,0,0,0,0,0,0,0,0,0,0,1
Bo and Wei Limited,0,0,0,0,0,0,0,1,0,0,0,0,1
BNP Paribas Fund Administration Services (Ireland) Limited,0,0,0,0,0,0,0,0,0,0,1,0,1
BMIB Ltd,0,0,0,0,0,0,0,0,0,0,1,0,1
BMC Software Ireland Unlimited,0,0,0,0,0,1,0,0,0,0,0,0,1
BMC Eirco Refrigeration Ltd.,0,0,0,0,0,0,0,0,1,0,0,0,1
Bluestone Bridge Ltd.,0,0,1,0,0,0,0,0,0,0,0,0,1
Bluebell Care Limited,0,0,0,0,0,0,0,1,0,0,0,0,1
Body Blast Fitness Ltd,1,0,0,0,0,0,0,0,0,0,0,0,1
Binary Consulting Limited,0,0,0,0,0,0,0,0,1,0,0,0,1
Binarii Labs Limited,0,0,0,0,0,0,0,0,1,0,0,0,1
Binance (Services) Holdings Ltd,0,0,0,0,0,0,0,0,0,1,0,0,1
BIN & FENG INVESTMENT LTD,0,0,0,0,1,0,0,0,0,0,0,0,1
Bimeda Animal Health Limited,1,0,0,0,0,0,0,0,0,0,0,0,1
Bigger Bear Limited,0,1,0,0,0,0,0,0,0,0,0,0,1
Big Bowl Pho Limited,0,0,0,0,0,0,0,1,0,0,0,0,1
Bieuco Management Limited,1,0,0,0,0,0,0,0,0,0,0,0,1
BIDAC,0,0,0,0,0,0,0,0,1,0,0,0,1
Bible centered Ministers International Republic of Ireland,0,0,1,0,0,0,0,0,0,0,0,0,1
Bibi's Restaurant Limited,0,0,0,0,0,0,0,0,0,0,0,1,1
Blackberry Stables Ltd,0,0,0,0,0,0,0,0,1,0,0,0,1
Bhumi Prasad Silwal,0,0,0,0,0,0,0,0,0,0,1,0,1
Bhimla Catering Limited,0,0,0,0,1,0,0,0,0,0,0,0,1
Bharath Trading Limited,0,0,0,0,0,0,0,0,0,0,1,0,1
BH Consulting,0,0,0,0,0,1,0,0,0,0,0,0,1
Beyond Tech Solutions Limited,0,0,0,1,0,0,0,0,0,0,0,0,1
Beyond Street Food Ltd,0,0,0,1,0,0,0,0,0,0,0,0,1
Better Futures Limited,0,0,0,0,0,0,1,0,0,0,0,0,1
Beton Construction Services Ltd,0,0,1,0,0,0,0,0,0,0,0,0,1
Best Unlimited Company,0,0,0,1,0,0,0,0,0,0,0,0,1
Besins Healthcare Ireland Limited,1,0,0,0,0,0,0,0,0,0,0,0,1
Beshoff Restaurants Limited,0,0,0,0,1,0,0,0,0,0,0,0,1
Bia Energy,0,0,0,0,0,0,0,1,0,0,0,0,1
Blackberry Hearing Ltd,0,0,1,0,0,0,0,0,0,0,0,0,1
Black Horse Childcare Limited,0,0,1,0,0,0,0,0,0,0,0,0,1
Black Dog Bar and Nightclub Limited,0,0,0,0,0,0,0,0,0,1,0,0,1
Black Box Software Development Services Limited,0,0,0,0,1,0,0,0,0,0,0,0,1
Black Books Business Advisory Limited,0,1,0,0,0,0,0,0,0,0,0,0,1
Bkmw Farm & Garden Limited,0,0,0,0,0,0,0,1,0,0,0,0,1
Bizimply Limited,0,0,0,0,0,0,0,0,0,0,1,0,1
Bite of Great China Limited,0,0,0,0,0,0,0,0,1,0,0,0,1
Bissoli Motors Limited,0,1,0,0,0,0,0,0,0,0,0,0,1
Bishopswood Construction Limited,0,1,0,0,0,0,0,0,0,0,0,0,1
Bishops Island Dairies Limited,0,0,1,0,0,0,0,0,0,0,0,0,1
Bingbing Wang,0,0,1,0,0,0,0,0,0,0,0,0,1
Birdhouse Sauce Limited,0,0,0,0,0,0,0,0,0,0,1,0,1
Birdhill Technology Services,0,0,0,0,0,0,0,0,0,0,1,0,1
Biovit Technologies,0,0,0,0,0,0,0,0,0,1,0,0,1
Biotech Europe Meditech Inc. Ltd.,0,0,0,0,0,0,0,0,0,0,1,0,1
Biotech Europe Meditech Inc Limited,0,0,1,0,0,0,0,0,0,0,0,0,1
Biostor Ireland Ltd,0,0,0,0,0,0,0,0,0,1,0,0,1
Bioreva Sciences Limited,1,0,0,0,0,0,0,0,0,0,0,0,1
Bionwho Limited,0,0,0,0,0,0,0,0,0,0,0,1,1
Biogen Idec (Ireland) Limited,0,0,0,0,0,0,0,0,0,1,0,0,1
Bio Tech International Limited,0,0,0,0,0,0,0,0,0,0,1,0,1
Bintron Limited,0,0,0,0,0,0,0,0,0,0,0,1,1
Birds Eye Ireland Limited,0,0,0,0,0,0,0,1,0,0,0,0,1
Konversational Consulting Limited,0,1,0,0,0,0,0,0,0,0,0,0,1
Kobe One Catering Limited,0,1,0,0,0,0,0,0,0,0,0,0,1
Knockrow Trading Limited,0,1,0,0,0,0,0,0,0,0,0,0,1
Knockerk Farm Unlimited Company,0,0,0,0,0,0,0,0,0,1,0,0,1
Knockanes Hotels Limited,0,0,0,0,0,0,1,0,0,0,0,0,1
KNL CONSTRUCTION LTD,0,0,0,0,0,0,0,0,0,0,1,0,1
Kneat Solutions Limited,0,0,0,0,0,0,0,1,0,0,0,0,1
KMR Accountants Limited,0,0,0,0,0,0,0,0,0,0,0,1,1
KMC Maintenance Ltd,1,0,0,0,0,0,0,0,0,0,0,0,1
Klohn Crippen Berger Ireland Ltd,0,0,0,0,0,0,0,0,0,1,0,0,1
Esidock Limited,0,0,0,0,1,0,0,0,0,0,0,0,1
Kleec Farms Limited,0,0,0,0,0,0,0,0,0,1,0,0,1
Kjrf Limited,0,0,0,0,0,0,0,0,0,0,1,0,1
Kitchen Accessories Limited,0,0,0,0,0,0,0,0,0,1,0,0,1
KISHMISH LIMITED,0,0,0,0,0,0,0,0,0,0,0,1,1
Kish Fish Company Limited,0,0,0,0,0,0,0,0,0,1,0,0,1
Kirat Gourment Food Limited,0,0,0,0,0,0,0,0,0,0,0,1,1
Kinsella building & Civils ltd,0,0,0,0,0,0,0,1,0,0,0,0,1
Kinsale Craft Brewery Ltd,0,0,0,0,0,0,1,0,0,0,0,0,1
Kinsale Capital Management Limited,0,0,0,0,0,0,0,0,0,1,0,0,1
Kinnegad Veterinary Limited,0,0,0,0,0,0,0,0,0,1,0,0,1
Kinia,0,0,0,0,0,0,0,0,0,1,0,0,1
KLJ Wok Inn Limited,0,0,0,0,0,0,0,1,0,0,0,0,1
L&V Coco Limited,1,0,0,0,0,0,0,0,0,0,0,0,1
L&M Taxation & Accounting Limited,1,0,0,0,0,0,0,0,0,0,0,0,1
L&J Catering Limited,0,0,1,0,0,0,0,0,0,0,0,0,1
Kyzentree Technologies Limited,0,0,0,0,0,0,1,0,0,0,0,0,1
Kyoung Hee Ltd,0,0,0,0,0,0,0,0,0,0,0,1,1
Kyoto Japanese Restaurant Ltd,0,0,1,0,0,0,0,0,0,0,0,0,1
Kyndryl Ireland Limited,0,1,0,0,0,0,0,0,0,0,0,0,1
Kwok Chung Chan,1,0,0,0,0,0,0,0,0,0,0,0,1
Kuan Choi Mah,0,1,0,0,0,0,0,0,0,0,0,0,1
KSMS Trading Limited,0,0,1,0,0,0,0,0,0,0,0,0,1
KSG Catering Limited,0,0,0,0,0,0,0,1,0,0,0,0,1
Konvi Limited,0,0,0,1,0,0,0,0,0,0,0,0,1
Kroll Advisory (Ireland) Limited,0,0,0,0,0,0,0,1,0,0,0,0,1
KRC Motors Ltd T/A Carrs Garage,0,0,0,0,0,0,0,0,1,0,0,0,1
Kranes Insight Project Advisors Limited,0,0,0,1,0,0,0,0,0,0,0,0,1
Kraft Agency Limited,0,0,0,0,0,0,0,0,0,1,0,0,1
KPTRS Investments Limited,0,0,0,0,0,0,0,0,0,1,0,0,1
KPK Food Enterprises Limited,0,0,0,0,0,0,0,0,0,0,0,1,1
Kostie Medical Ltd,1,0,0,0,0,0,0,0,0,0,0,0,1
Koshi Limited,1,0,0,0,0,0,0,0,0,0,0,0,1
Kora Corporation Limited,0,0,0,0,1,0,0,0,0,0,0,0,1
Kooomo Commerce Limited,0,0,0,0,1,0,0,0,0,0,0,0,1
Kool Skin Limited,0,0,0,0,0,0,0,0,0,0,1,0,1
KS MOBILE ZONE LIMITED,0,0,1,0,0,0,0,0,0,0,0,0,1
Killeshal Precast Concrete Ltd,0,0,0,0,0,0,0,0,1,0,0,0,1
Killenaule Surgery,0,0,0,0,1,0,0,0,0,0,0,0,1
Killarney Oaks LTD,0,0,1,0,0,0,0,0,0,0,0,0,1
Killarney Hotels Limited,0,1,0,0,0,0,0,0,0,0,0,0,1
KILLARNEY GOLDEN DRAGON LTD.,0,0,0,1,0,0,0,0,0,0,0,0,1
Kilians Lodge Hotel Ltd,0,0,0,0,0,0,1,0,0,0,0,0,1
Kilfilum Limited,0,0,0,0,0,0,0,0,0,0,1,0,1
Kilell Limited T/A Ellickson Engineering,0,0,0,0,0,1,0,0,0,0,0,0,1
Kilduff Castle Farm Limited,0,0,0,0,0,0,0,0,0,0,1,0,1
Kildevin Management Services Ltd,1,0,0,0,0,0,0,0,0,0,0,0,1
Kingston Refrigeration and Electrical Services Ltd,0,0,0,0,0,0,0,0,0,0,1,0,1
Kildare County Council,1,0,0,0,0,0,0,0,0,0,0,0,1
Kildare Car Outlet Limited,0,0,0,0,0,0,0,0,0,0,1,0,1
Kilcumney Arms Hotel Limited,1,0,0,0,0,0,0,0,0,0,0,0,1
Kilcoyne and Scahill Motors Ltd,0,0,0,1,0,0,0,0,0,0,0,0,1
Kilbush Nurseries Limited,1,0,0,0,0,0,0,0,0,0,0,0,1
Kilbride Street Accommodation Services Limited,0,1,0,0,0,0,0,0,0,0,0,0,1
Kilbride Piggeries Limited,0,0,1,0,0,0,0,0,0,0,0,0,1
Kilbarry Farm Enterprises Limited,0,0,0,0,0,0,0,0,0,0,0,1,1
Kiernan Steel,0,0,0,0,0,0,0,0,0,0,1,0,1
Kiernan Farms (Sligo) Unlimited Company,0,0,0,0,0,0,0,0,0,0,1,0,1
Kiernan Electrical Ireland Limited,0,0,0,0,0,1,0,0,0,0,0,0,1
Kildare Grill & Restaurant Limited,1,0,0,0,0,0,0,0,0,0,0,0,1
Kingspan Limited,1,0,0,0,0,0,0,0,0,0,0,0,1
Kingmek Ltd,0,0,0,0,0,0,0,0,1,0,0,0,1
KINGFISHR INDUSTRIES LIMTIED,0,0,0,0,0,0,0,0,0,0,0,1,1
KingCo Commercials Limited,0,1,0,0,0,0,0,0,0,0,0,0,1
King of Spices Limited,0,0,0,0,0,0,0,1,0,0,0,0,1
King Moffatt Connected Ltd,0,1,0,0,0,0,0,0,0,0,0,0,1
King  Moffatt Offsite Ltd,0,1,0,0,0,0,0,0,0,0,0,0,1
Kinetics Process Consulting Ltd.,0,0,0,0,0,0,0,1,0,0,0,0,1
Kin Khao Athlone Ltd,0,0,0,0,0,0,0,0,0,0,1,0,1
Kim's Asian Chinese Takeaway Limited,0,0,0,0,0,0,0,0,0,1,0,0,1
Kimpton Vale Ltd,0,0,0,0,0,0,0,0,0,0,0,1,1
Killester Coffee 5D Limited,0,0,0,0,0,0,0,1,0,0,0,0,1
Kilshana Accounting Limited,0,0,0,1,0,0,0,0,0,0,0,0,1
Kilross Clinic,0,0,0,0,0,0,0,0,0,0,0,1,1
Kilnashee Childcare Limited,0,0,0,0,0,0,0,0,1,0,0,0,1
Kilnaseer Dairies Ltd,0,0,0,0,0,0,0,0,0,1,0,0,1
Kilmurray Pig Farm,0,0,1,0,0,0,0,0,0,0,0,0,1
Kilmacnella Limited,1,0,0,0,0,0,0,0,0,0,0,0,1
Killruddery Estate Enterprises Limited,0,0,0,1,0,0,0,0,0,0,0,0,1
Killorglin Super League Basketball CLG,0,0,0,0,0,0,0,0,0,1,0,0,1
Killinkere Farms Unlimited Company,1,0,0,0,0,0,0,0,0,0,0,0,1
Killiney Hotels Limited,1,0,0,0,0,0,0,0,0,0,0,0,1
Killiane Engineering Ltd,0,0,1,0,0,0,0,0,0,0,0,0,1
Kiltimagh Park Hotel Ltd,0,0,0,0,0,1,0,0,0,0,0,0,1
Lim Riverside Limited,0,0,0,0,0,0,0,1,0,0,0,0,1
Lily Bug Limited,0,0,0,0,0,0,0,0,0,1,0,0,1
Lilacglen Limited,1,0,0,0,0,0,0,0,0,0,0,0,1
Lightsign Limited,0,0,0,0,0,0,0,0,0,0,0,1,1
Light House Cinema Ltd,0,0,0,0,0,1,0,0,0,0,0,0,1
LIFI Construction Limited,0,0,0,0,0,0,0,0,1,0,0,0,1
Liffy Trading & Digital Solutions Limited,0,0,1,0,0,0,0,0,0,0,0,0,1
Liffey-Dental Limited,0,0,0,0,0,1,0,0,0,0,0,0,1
Life Changing Blackrock Operations,0,0,0,0,0,0,0,0,0,0,0,1,1
Life Beating LTD,0,0,0,0,0,0,0,0,0,1,0,0,1
L. & A. Ristorante Limited,0,0,0,0,0,0,0,0,0,0,1,0,1
Liberty Fabrication Limited,0,0,1,0,0,0,0,0,0,0,0,0,1
Liberty CE Scheme Project Company Limited by Guarantee,0,0,0,0,0,0,0,0,0,0,1,0,1
Liam Buckley,1,0,0,0,0,0,0,0,0,0,0,0,1
Liam & Patrick Hennessy,0,0,0,0,0,0,0,0,1,0,0,0,1
Lfx Food Limited,0,0,0,0,0,0,1,0,0,0,0,0,1
Levet Limited,1,0,0,0,0,0,0,0,0,0,0,0,1
Letterkenny Small Animal Veterinary Limited,0,0,0,1,0,0,0,0,0,0,0,0,1
Leslie Roycroft and Sons Garage Ltd,0,0,0,0,1,0,0,0,0,0,0,0,1
Leonard Catering Ltd,1,0,0,0,0,0,0,0,0,0,0,0,1
Leo Painting,0,0,0,0,0,0,0,0,0,0,0,1,1
Leo Murphy Produce Limited,0,0,0,1,0,0,0,0,0,0,0,0,1
Liberty Grill Limited,1,0,0,0,0,0,0,0,0,0,0,0,1
Livy Issue Limited,0,0,0,0,0,0,0,0,0,0,1,0,1
Little Stars On The Lane Limited,0,0,0,0,0,0,1,0,0,0,0,0,1
Little Sport Limited,1,0,0,0,0,0,0,0,0,0,0,0,1
Little Island Recovery Limited,0,0,0,0,0,0,0,0,1,0,0,0,1
Little Hands Montessori & Afterschool Ltd,0,0,0,0,0,0,0,0,0,0,0,1,1
Little Company of Mary,0,1,0,0,0,0,0,0,0,0,0,0,1
Little Bridge Flowers Limited,0,0,1,0,0,0,0,0,0,0,0,0,1
Little Acorn Cafe Limited,0,0,1,0,0,0,0,0,0,0,0,0,1
Lite Bite Restaurant Limited,0,1,0,0,0,0,0,0,0,0,0,0,1
Listowel Grill House Limited,0,1,0,0,0,0,0,0,0,0,0,0,1
Lister Machine Tools Ltd,0,0,0,1,0,0,0,0,0,0,0,0,1
Limekin Construction (Galway) Limited,1,0,0,0,0,0,0,0,0,0,0,0,1
Lisney Property Management,0,0,0,0,0,0,0,0,0,0,1,0,1
Lir Analytical Limited,0,1,0,0,0,0,0,0,0,0,0,0,1
Linyat Limited,0,0,0,0,0,0,0,0,0,0,1,0,1
Lins Bubble Tea Limited,0,1,0,0,0,0,0,0,0,0,0,0,1
Lins Asian Food Limited,0,0,1,0,0,0,0,0,0,0,0,0,1
Linnlee Limited,0,0,0,0,0,0,0,1,0,0,0,0,1
Linders Finglas Turvey Limited,0,0,0,0,0,0,0,0,1,0,0,0,1
Linda's Creche & Montessori School Ltd,0,0,1,0,0,0,0,0,0,0,0,0,1
Limerick Social Service Council CLG,0,0,0,0,0,0,0,0,0,1,0,0,1
Limerick Language Centre Ltd,0,1,0,0,0,0,0,0,0,0,0,0,1
Limerick First Choice Medical Centre Ltd,0,0,0,0,0,1,0,0,0,0,0,0,1
Lissanure Farm Limited,0,0,0,0,0,0,0,0,0,0,1,0,1
Las Rada Tapas Bar,0,0,0,0,0,0,0,0,0,0,0,1,1
Larmona Limited,1,0,0,0,0,0,0,0,0,0,0,0,1
Lark Rock Limited,1,0,0,0,0,0,0,0,0,0,0,0,1
L'Arc En Ciel Limited,0,0,0,0,1,0,0,0,0,0,0,0,1
LAPIS LINE AUTO PARTS LIMITED,0,0,0,0,0,0,0,0,0,0,1,0,1
Langley Resources Limited,1,0,0,0,0,0,0,0,0,0,0,0,1
Lane Clark & Peacock Ireland Limited,0,0,0,0,0,0,0,0,1,0,0,0,1
Landmark Accounting Limited,0,0,0,0,0,0,0,0,0,0,0,1,1
Landingzone Ltd,0,1,0,0,0,0,0,0,0,0,0,0,1
Landcam Limited,0,0,0,0,0,0,0,0,0,0,1,0,1
Lana Family Butcher Limited,0,0,0,0,0,0,0,1,0,0,0,0,1
Leksar Foods Limited,0,1,0,0,0,0,0,0,0,0,0,0,1
Lake Hotel Limited,1,0,0,0,0,0,0,0,0,0,0,0,1
Laharnton Limited,0,0,0,0,0,0,0,0,0,1,0,0,1
Laffan Mixer Rentals Ltd,0,0,0,0,0,0,0,0,0,0,1,0,1
Lafayette Graduation Services Ltd,0,0,1,0,0,0,0,0,0,0,0,0,1
Laboratory Supplies Ltd T/A Lennox,0,0,0,0,0,0,0,0,0,0,1,0,1
Labarre Ltd,0,0,0,0,0,0,1,0,0,0,0,0,1
La Selva Limited,0,0,1,0,0,0,0,0,0,0,0,0,1
La Rousse Foods,0,0,1,0,0,0,0,0,0,0,0,0,1
La Retail Private Limited,0,1,0,0,0,0,0,0,0,0,0,0,1
La Pausa Caffe ltd.,0,0,0,0,0,0,0,0,0,0,1,0,1
L.D.N. Motors Limited,0,0,0,0,1,0,0,0,0,0,0,0,1
Lakeland Dairies Limited,0,0,0,0,0,0,0,0,0,0,1,0,1
Leighlinbridge Enterprises Ltd,0,0,0,0,1,0,0,0,0,0,0,0,1
Leighlee Limited,0,0,0,1,0,0,0,0,0,0,0,0,1
Leeson Telecom Limited,0,0,0,1,0,0,0,0,0,0,0,0,1
Leeson Claim Services Limited,0,0,0,0,0,0,0,0,0,0,1,0,1
Lee Vale Leisure Limited,0,0,0,0,1,0,0,0,0,0,0,0,1
Lee Overlay Partners Ltd,0,0,0,0,0,0,0,0,1,0,0,0,1
Lee Boon Chieng,1,0,0,0,0,0,0,0,0,0,0,0,1
Leckview Century Ltd,0,0,0,0,0,0,0,0,0,0,1,0,1
Lease Plan Fleet Management Services Ireland Ltd,0,1,0,0,0,0,0,0,0,0,0,0,1
LearnUpon Limited,0,0,0,0,0,0,0,0,0,0,0,1,1
Leapworks Ireland limited,0,0,0,0,1,0,0,0,0,0,0,0,1
Las Tapas Restaurant Greystones Ltd,0,0,1,0,0,0,0,0,0,0,0,0,1
Lean Touch Solutions Limited,0,0,0,0,0,0,0,0,1,0,0,0,1
Le Petit Delice Limited,0,0,0,0,0,1,0,0,0,0,0,0,1
LE MAYYA LIMITED,0,0,0,1,0,0,0,0,0,0,0,0,1
Le Jia Limited,0,0,0,0,0,0,0,0,0,1,0,0,1
Ldyk Trading Limited,0,0,0,0,0,0,0,0,0,0,1,0,1
LBR Pharmacy Limited,0,0,0,0,0,0,0,0,0,0,0,1,1
Laytown Takeaway Limited,0,0,1,0,0,0,0,0,0,0,0,0,1
Laya Healthcare Limited,0,0,0,0,0,0,1,0,0,0,0,0,1
Laurlstown Limited,0,0,0,1,0,0,0,0,0,0,0,0,1
Latorre Beauty Spa Limited,0,0,0,0,0,0,0,0,0,1,0,0,1
Latecall Limited,0,1,0,0,0,0,0,0,0,0,0,0,1
Leapfrog Training Studios Ltd,0,0,0,0,1,0,0,0,0,0,0,0,1
John Spain Associates Limited,0,0,0,0,0,0,0,0,0,0,1,0,1
"John Rogers, practising as Rogers Law Solicitors",1,0,0,0,0,0,0,0,0,0,0,0,1
John Phelan,0,0,0,0,0,0,0,0,0,1,0,0,1
John P Dempsey,0,0,1,0,0,0,0,0,0,0,0,0,1
John O'Donovan and Associates Limited,0,0,1,0,0,0,0,0,0,0,0,0,1
John Moore,0,0,1,0,0,0,0,0,0,0,0,0,1
JOHN KELVIN FORMWORK & STEEL FIXING LIMITED,0,0,0,0,0,0,0,0,0,1,0,0,1
John Kelly,0,0,1,0,0,0,0,0,0,0,0,0,1
John Kelleher (Salthill) Limited,0,0,0,0,0,0,0,0,1,0,0,0,1
John Joseph Mahon,0,0,0,0,0,0,0,0,0,1,0,0,1
Kiernan Dairies Limited,0,0,1,0,0,0,0,0,0,0,0,0,1
John Hayes & Donal Higgins,0,0,1,0,0,0,0,0,0,0,0,0,1
John Hanlon Racing Limited,0,1,0,0,0,0,0,0,0,0,0,0,1
John Grogan,0,0,0,0,0,1,0,0,0,0,0,0,1
John Golding Limited,1,0,0,0,0,0,0,0,0,0,0,0,1
John Fennessy,0,0,1,0,0,0,0,0,0,0,0,0,1
John F Hanley Farm Equipment LTD,0,0,0,0,0,0,0,0,0,0,0,1,1
John Edward Cullinan,1,0,0,0,0,0,0,0,0,0,0,0,1
John Downey Farm Limited,0,0,0,0,0,0,0,0,0,1,0,0,1
John De Barra Limited,0,0,0,0,0,0,0,0,1,0,0,0,1
John Dawson Transport Ltd,0,0,0,0,0,1,0,0,0,0,0,0,1
John and Sean Dillon Ltd,0,1,0,0,0,0,0,0,0,0,0,0,1
John Hurt Environmental Ltd,0,0,0,0,0,0,0,1,0,0,0,0,1
JS Dooley Contracting Ltd.,0,0,0,0,0,0,0,0,0,1,0,0,1
JR Plant Hire,1,0,0,0,0,0,0,0,0,0,0,0,1
JPS Restaurant Services Ltd,0,0,0,0,0,0,0,0,0,0,1,0,1
JPMorgan Hedge Fund Services (Ireland) Limited,0,0,0,0,0,0,0,0,1,0,0,0,1
JPC Plant & Safety Limited,0,0,0,0,0,0,0,0,0,0,0,1,1
Joyous Garden and Martins Bar Limited,0,1,0,0,0,0,0,0,0,0,0,0,1
Jover (Cork) Ltd,0,0,0,0,0,0,0,0,0,0,1,0,1
Joulica Limited,0,0,0,0,0,0,0,0,0,0,1,0,1
Joseph Limited,1,0,0,0,0,0,0,0,0,0,0,0,1
Joseph Divilly & Sons Limited,0,0,0,0,0,0,0,0,0,0,0,1,1
Jose Prabha Restaurant Limited,0,0,0,0,0,1,0,0,0,0,0,0,1
John Usher Ltd,0,0,0,0,0,0,0,1,0,0,0,0,1
Jondavitl Takeaway Limited,0,0,0,1,0,0,0,0,0,0,0,0,1
Jonathan Loughrey,0,0,0,0,0,1,0,0,0,0,0,0,1
Jonathan James Tierney,0,0,0,0,0,0,0,1,0,0,0,0,1
Jonathan Bennett,0,0,1,0,0,0,0,0,0,0,0,0,1
Jolt Technology Limited,0,0,1,0,0,0,0,0,0,0,0,0,1
JoJo Rice Ltd,0,0,0,0,0,0,0,0,0,0,1,0,1
Johnstown Produce Limited,0,0,1,0,0,0,0,0,0,0,0,0,1
Johnston Mooney & OBrien,0,0,0,0,0,1,0,0,0,0,0,0,1
Johnson Controls Ireland Limited,0,0,0,0,0,1,0,0,0,0,0,0,1
Johnson and Johnson (Ireland) Limited,0,0,0,0,0,0,0,0,0,0,0,1,1
John W Byrne Rathleek Farm,0,0,1,0,0,0,0,0,0,0,0,0,1
Jons Civil Engineering Company Limited,0,0,0,0,0,0,0,0,0,1,0,0,1
Jiang and Qin Ltd,0,0,0,0,0,0,0,0,0,0,0,1,1
Jia Qi Naas Inn Ltd,1,0,0,0,0,0,0,0,0,0,0,0,1
JFM Restaurant Limited,0,0,0,0,0,0,0,1,0,0,0,0,1
JFAS Limited,0,0,1,0,0,0,0,0,0,0,0,0,1
Jesuit Centre for Faith and Justice,0,0,0,0,1,0,0,0,0,0,0,0,1
Jessica Graaf Limited,0,1,0,0,0,0,0,0,0,0,0,0,1
Jerry Fitzgerald,0,0,0,0,0,0,0,1,0,0,0,0,1
Jennyandy Limited,0,0,0,0,0,0,0,0,0,0,1,0,1
Jennifer Prabha Limited,1,0,0,0,0,0,0,0,0,0,0,0,1
Jennerry Jay Limited,0,0,0,0,0,0,0,0,0,0,0,1,1
Jenker Trading Limited,0,0,0,0,0,0,0,0,0,0,0,1,1
John and Elizabeth Brennan,0,0,1,0,0,0,0,0,0,0,0,0,1
Jean Caffrey,0,0,0,0,0,1,0,0,0,0,0,0,1
JDS Foods Limited,0,1,0,0,0,0,0,0,0,0,0,0,1
JCR Food Limited,0,0,1,0,0,0,0,0,0,0,0,0,1
Jc  Mortgages Limited,0,0,0,0,0,0,0,0,1,0,0,0,1
JB Traders & Services Limited,0,0,0,0,0,0,0,0,0,1,0,0,1
JB Plus Ltd. T/A Halfway House,0,0,0,0,0,0,0,0,1,0,0,0,1
JB Plus Limited,0,1,0,0,0,0,0,0,0,0,0,0,1
Javier Alcaraz Espín,0,0,1,0,0,0,0,0,0,0,0,0,1
Javelin Young & Rubicam Ltd,0,0,0,0,0,0,0,0,0,0,0,1,1
Java Republic Ltd,0,0,0,0,1,0,0,0,0,0,0,0,1
Jattan Foods Limited,0,0,1,0,0,0,0,0,0,0,0,0,1
Jellyfish Digital Ireland Limited,0,0,0,0,0,1,0,0,0,0,0,0,1
John & Martin Ryan,0,0,1,0,0,0,0,0,0,0,0,0,1
Johann Designs Limited,0,0,0,0,0,0,0,0,1,0,0,0,1
Joel Francis,0,0,0,0,0,0,0,0,1,0,0,0,1
JN Cummins & Co Ltd,0,0,0,0,0,0,0,0,0,1,0,0,1
JMT Hauliers Limited,0,0,1,0,0,0,0,0,0,0,0,0,1
JMS Haulage Ltd,1,0,0,0,0,0,0,0,0,0,0,0,1
JMD O' Dwyer,0,0,0,0,0,0,0,0,0,0,1,0,1
JMB Restaurants Limited,0,0,0,0,0,0,0,1,0,0,0,0,1
JM&GC Investments Limited,0,0,1,0,0,0,0,0,0,0,0,0,1
JM Wear Limited,1,0,0,0,0,0,0,0,0,0,0,0,1
JKL Foods Limited,1,0,0,0,0,0,0,0,0,0,0,0,1
Jiang Lin,1,0,0,0,0,0,0,0,0,0,0,0,1
JK Autozone Limited,0,0,0,0,0,0,0,0,1,0,0,0,1
Jjxy Import and Export Limited,0,0,0,0,0,0,0,0,1,0,0,0,1
JJ O'Malley's Bar Limited,0,0,0,0,0,1,0,0,0,0,0,0,1
JJ Grainger (dublin) Limited,0,1,0,0,0,0,0,0,0,0,0,0,1
Jinho Ahn,0,1,0,0,0,0,0,0,0,0,0,0,1
Jin Yang Limited,0,0,0,0,1,0,0,0,0,0,0,0,1
Jimmy Barry Motors Ltd,0,0,1,0,0,0,0,0,0,0,0,0,1
Jim Derwin Equestrian Limited,0,0,0,0,0,0,0,0,0,1,0,0,1
Jie Xu Limited,0,0,0,0,0,0,0,0,1,0,0,0,1
Jiawei Liu,0,0,0,0,0,0,0,1,0,0,0,0,1
Jiankang Restaurant Limited,0,0,0,0,0,0,0,0,1,0,0,0,1
JK Nice Foods Limited,0,0,0,0,0,0,0,0,0,0,0,1,1
Kentarf Limited,1,0,0,0,0,0,0,0,0,0,0,0,1
Kent Stainless (Wexford) Limited,0,1,0,0,0,0,0,0,0,0,0,0,1
Kenry House Enterprises Limited,0,0,0,0,1,0,0,0,0,0,0,0,1
Kenny Bros Limited,0,0,0,0,0,0,0,1,0,0,0,0,1
KennCo Underwriting LTD,0,0,0,0,0,0,0,1,0,0,0,0,1
Kenmac Electrical Services Limited,1,0,0,0,0,0,0,0,0,0,0,0,1
Kenboro Limited,0,0,0,0,0,0,0,0,0,1,0,0,1
Kenal Restaurants Limited,0,1,0,0,0,0,0,0,0,0,0,0,1
Ken Kennedy,0,1,0,0,0,0,0,0,0,0,0,0,1
Ken Conlan T/A Lyk Nu Cleaners Donntbrook,1,0,0,0,0,0,0,0,0,0,0,0,1
JS Renewables Ltd,0,0,1,0,0,0,0,0,0,0,0,0,1
Kelvale Agri Ltd,0,0,0,0,0,0,0,1,0,0,0,0,1
Kelly's Resort Hotel,0,0,0,0,0,0,0,0,1,0,0,0,1
Kelly's Pig Farm Limited,0,0,0,0,1,0,0,0,0,0,0,0,1
Kelly Rac LTD,0,0,1,0,0,0,0,0,0,0,0,0,1
Kellton Tech Limited,0,0,0,0,0,0,0,0,1,0,0,0,1
KELLOR SERVICES (IRE) LIMITED,0,0,0,0,1,0,0,0,0,0,0,0,1
Kelbuild Ltd,0,0,0,0,0,0,0,0,0,0,0,1,1
Kehoe Partnership Limited,0,0,0,0,0,0,1,0,0,0,0,0,1
Kegs Wholesale Ltd T/A The Paint Shop,0,0,0,0,0,0,1,0,0,0,0,0,1
Kefron Digital Limited,0,0,1,0,0,0,0,0,0,0,0,0,1
Keenogue Haulage Ltd,0,0,1,0,0,0,0,0,0,0,0,0,1
Kem Properties Limited,0,0,0,1,0,0,0,0,0,0,0,0,1
Kids Power OT Limited,0,0,0,1,0,0,0,0,0,0,0,0,1
KIDRO PRODUCTIONS LIMITED,0,0,0,0,1,0,0,0,0,0,0,0,1
Kid Kare Creche & Montessori Limited,0,0,1,0,0,0,0,0,0,0,0,0,1
Kian Persian Foods Limited,0,0,0,1,0,0,0,0,0,0,0,0,1
Khrystyna Colnic,0,1,0,0,0,0,0,0,0,0,0,0,1
"KG Aircraft Rotables Co., Ltd",0,0,0,0,0,0,0,0,0,0,0,1,1
KFG Limited,0,0,0,0,1,0,0,0,0,0,0,0,1
KF Internet Software Limited,0,0,0,0,0,0,0,0,0,1,0,0,1
KeyMed (Ireland) Limited,0,0,1,0,0,0,0,0,0,0,0,0,1
Key Waste Management Ltd,0,0,0,0,0,0,0,0,0,0,0,1,1
Key Waste Management 2 Limited,0,0,1,0,0,0,0,0,0,0,0,0,1
Keoghs Ireland LLP,0,0,0,0,0,0,0,0,0,0,1,0,1
Kevre Teoranta,0,0,0,1,0,0,0,0,0,0,0,0,1
Kevin Quinn,0,0,0,1,0,0,0,0,0,0,0,0,1
Kevin O'Donovan,0,0,0,1,0,0,0,0,0,0,0,0,1
Kevin Lynch and Niall Clerkin,0,1,0,0,0,0,0,0,0,0,0,0,1
Kerzak LTD,0,0,0,0,0,0,0,0,0,1,0,0,1
Kerry Signature Furniture Ltd.,0,0,0,0,0,0,0,0,0,1,0,0,1
Kerry Delicatessens Limited,0,1,0,0,0,0,0,0,0,0,0,0,1
Kerrigans Factory Shop Ltd,0,0,0,0,0,0,0,0,1,0,0,0,1
Kerrigan Mechanical Limited,0,1,0,0,0,0,0,0,0,0,0,0,1
Kerona Scientific Ltd,0,0,0,0,0,0,0,0,0,1,0,0,1
Kerala Kitchen (Drumcondra) Limited,0,0,0,0,0,0,0,0,0,0,1,0,1
Key Guard Security Ltd,0,0,0,0,1,0,0,0,0,0,0,0,1
Kai Xin Ltd,0,0,0,0,0,0,0,1,0,0,0,0,1
Kabul Top Pizza Ltd,0,1,0,0,0,0,0,0,0,0,0,0,1
K.W.R.S Ltd,0,0,0,1,0,0,0,0,0,0,0,0,1
K. & L. Deliveries Limited,0,0,0,0,0,0,0,1,0,0,0,0,1
K&T Royal Limited,1,0,0,0,0,0,0,0,0,0,0,0,1
K C Blakes Pantry Ltd,1,0,0,0,0,0,0,0,0,0,0,0,1
K and U Ventures Limited,0,0,0,0,1,0,0,0,0,0,0,0,1
K & W Chinese Restaurant and Takeaway Ltd,0,0,0,0,1,0,0,0,0,0,0,0,1
K & J Townmore Construction (Ireland) Ltd.,1,0,0,0,0,0,0,0,0,0,0,0,1
JV Tierney & Company Ltd,0,0,0,0,0,0,1,0,0,0,0,0,1
Jutt Restaurant Ltd,1,0,0,0,0,0,0,0,0,0,0,0,1
Keenans Bar Tarmonbarry Ltd,0,0,0,0,0,1,0,0,0,0,0,0,1
Justin Roche,0,0,1,0,0,0,0,0,0,0,0,0,1
Justin Bradley Nel,0,0,1,0,0,0,0,0,0,0,0,0,1
Just Legumes Ltd,0,0,0,0,0,0,0,0,0,0,0,1,1
Just Desserts Factory Limited,0,0,0,0,0,0,0,1,0,0,0,0,1
Junior Achievement / Young Enterprise Ireland Clg,0,0,1,0,0,0,0,0,0,0,0,0,1
Junction 15 Commercials Limited,1,0,0,0,0,0,0,0,0,0,0,0,1
Jump Juice Bars Limited,0,0,0,0,0,0,0,0,0,0,1,0,1
Jumbo HQSC Limited,0,0,1,0,0,0,0,0,0,0,0,0,1
Juicy Bits Limited,1,0,0,0,0,0,0,0,0,0,0,0,1
Jubilee Medical Limited,0,0,0,0,0,0,0,0,0,0,0,1,1
JSA Limited,0,0,0,0,0,0,0,0,1,0,0,0,1
Jutt Catering Limited,0,0,0,0,0,0,0,1,0,0,0,0,1
Keen M Imports Ltd,0,0,1,0,0,0,0,0,0,0,0,0,1
Keelvar Systems Limited,0,0,1,0,0,0,0,0,0,0,0,0,1
Kearney Bay Farms Limited,0,1,0,0,0,0,0,0,0,0,0,0,1
Keane Insulation Contractors Limited,0,0,0,0,0,0,0,0,0,0,0,1,1
Kcc Builders Limited,0,0,1,0,0,0,0,0,0,0,0,0,1
KB Private Limited,1,0,0,0,0,0,0,0,0,0,0,0,1
Kayfoam Woolfson Unlimited Company,0,0,1,0,0,0,0,0,0,0,0,0,1
Kaur Property Ltd.,0,1,0,0,0,0,0,0,0,0,0,0,1
Katriel Limited,0,0,0,0,0,0,1,0,0,0,0,0,1
Katana Healthcare Limited,0,0,0,0,0,0,0,1,0,0,0,0,1
Kartar Solutions Limited,0,0,0,0,0,0,0,0,0,1,0,0,1
Kaixun Inn Ltd,0,0,1,0,0,0,0,0,0,0,0,0,1
Kargo Media Ireland LTD,0,0,1,0,0,0,0,0,0,0,0,0,1
Karen Vicencio,0,0,0,0,0,0,0,0,0,1,0,0,1
"KARE, Promoting Inclusion For People with Intellectual  Disabilities CLG",0,1,0,0,0,0,0,0,0,0,0,0,1
Kare Rewards Healthcare Limited,0,0,0,0,0,0,0,0,0,0,1,0,1
Kare,0,0,0,0,0,0,0,0,0,1,0,0,1
Kaprun Limited,0,0,0,0,0,0,1,0,0,0,0,0,1
Kaon Automation Limited,0,0,0,0,0,0,0,1,0,0,0,0,1
Kangra Limited,1,0,0,0,0,0,0,0,0,0,0,0,1
Kampom Limited,1,0,0,0,0,0,0,0,0,0,0,0,1
KAMA Service Providers Ltd TA ACR Plus,0,0,0,0,0,0,0,0,0,0,1,0,1
Kaizen Recruitment Solutions Limited,1,0,0,0,0,0,0,0,0,0,0,0,1
Karl Josef Von Matuschka,0,0,1,0,0,0,0,0,0,0,0,0,1
Michael Foran,0,0,0,0,0,0,0,0,0,0,0,1,1
Michael Fitzpatrick Architects Ltd,0,0,0,0,1,0,0,0,0,0,0,0,1
Michael Ferguson Ltd,0,0,1,0,0,0,0,0,0,0,0,0,1
Michael E. Herbst,1,0,0,0,0,0,0,0,0,0,0,0,1
Michael Collins Associates Limited,0,0,0,0,0,0,0,0,0,0,1,0,1
Michael Briscoe Limited,0,0,0,0,0,0,0,0,0,0,0,1,1
Micasa Tapas Limited,0,0,0,1,0,0,0,0,0,0,0,0,1
Mic (Sales and Marketing) Limited,0,0,0,0,0,0,0,1,0,0,0,0,1
MHOY Restaurant Limited,0,0,0,0,0,0,1,0,0,0,0,0,1
MGP Food Ltd,0,0,0,0,0,0,0,0,0,0,1,0,1
LK Bansal Limited,0,0,0,0,0,0,0,0,1,0,0,0,1
MFOR Audit Services Limited,0,0,0,0,0,0,0,0,0,0,1,0,1
MF Engineering And Design Limited,0,0,0,0,0,0,0,0,1,0,0,0,1
Metropole Operators Limited,0,0,1,0,0,0,0,0,0,0,0,0,1
Metric Tristarinc Ltd,0,0,0,0,0,0,0,0,0,0,0,1,1
Metlab Ltd,0,0,0,0,0,0,0,0,0,0,1,0,1
Metlab Limited,0,0,1,0,0,0,0,0,0,0,0,0,1
Mesopotamia Barber and Beauty Limited,0,0,0,0,0,0,1,0,0,0,0,0,1
Mertonfield Limited,0,0,0,0,0,0,0,1,0,0,0,0,1
Merryman Management Limited,0,0,1,0,0,0,0,0,0,0,0,0,1
Merri Dairy Ltd.,0,0,1,0,0,0,0,0,0,0,0,0,1
Merit Residential Limited,0,0,1,0,0,0,0,0,0,0,0,0,1
Mg Green Resources Ltd,0,0,0,0,0,0,0,1,0,0,0,0,1
Millstreet Veterinary Group,0,0,0,1,0,0,0,0,0,0,0,0,1
Milliman Limited,0,0,0,0,0,0,0,0,0,0,0,1,1
Millenium Walk DAC,0,0,0,0,0,0,0,0,1,0,0,0,1
Millamo Ltd,0,0,0,0,0,0,0,0,0,0,1,0,1
Milky Paws Ltd,1,0,0,0,0,0,0,0,0,0,0,0,1
Milad Serhan,1,0,0,0,0,0,0,0,0,0,0,0,1
Mike Ryan and Patricia Donegan and Marion Donegan,0,0,0,0,0,0,0,0,0,0,1,0,1
Mikcon Ltd.,0,0,0,0,0,0,0,0,0,0,1,0,1
Migrant Rights Centre Ireland Ltd.,0,1,0,0,0,0,0,0,0,0,0,0,1
Mi-Flues Ltd,0,0,0,0,0,0,0,0,0,0,1,0,1
Mifinity Payments Limited,0,1,0,0,0,0,0,0,0,0,0,0,1
Michael Gannon Landscaping Ltd,0,0,0,0,0,1,0,0,0,0,0,0,1
Midwestern Fuels Limited,0,0,0,0,0,0,0,0,0,0,0,1,1
Midland Truck Mixer Parts (MTM) LTD,0,1,0,0,0,0,0,0,0,0,0,0,1
Microchip Technology Ireland Limited,0,0,0,0,0,0,0,0,0,0,1,0,1
Microbyte Limited,0,0,0,0,0,0,0,0,1,0,0,0,1
Micro Warehouse Limited,0,0,0,0,0,0,0,1,0,0,0,0,1
Michael Silke,0,0,0,0,1,0,0,0,0,0,0,0,1
Michael Punch Partners Ltd.,0,0,0,0,0,0,0,0,0,0,1,0,1
Michael O Neill Electrical Ltd,0,0,0,0,0,1,0,0,0,0,0,0,1
Michael Nolan Construction LTD,0,0,0,0,0,0,0,0,0,0,0,1,1
Michael Moclair Ltd,0,0,1,0,0,0,0,0,0,0,0,0,1
Michael Maher Contracting and Repairs Ltd,1,0,0,0,0,0,0,0,0,0,0,0,1
Mieko King Ltd,1,0,0,0,0,0,0,0,0,0,0,0,1
Medical Eguides Ltd.,0,0,0,0,0,0,0,0,0,0,1,0,1
Mediabrands Ltd,0,0,0,0,0,0,0,1,0,0,0,0,1
MEDIA.MONKS DUBLIN LIMITED,0,0,0,0,0,0,0,1,0,0,0,0,1
Media Life SN Limited,1,0,0,0,0,0,0,0,0,0,0,0,1
MedHub,0,0,0,0,0,0,0,1,0,0,0,0,1
Meddyz Limited,0,0,0,0,0,0,0,1,0,0,0,0,1
Medcafe Technology Services Limited,0,0,0,0,0,0,0,0,0,1,0,0,1
Mechanic On Duty Limited,0,0,1,0,0,0,0,0,0,0,0,0,1
MDP Capel Administration Services Limited,0,0,0,0,1,0,0,0,0,0,0,0,1
MDM Supermarkets Limited,0,0,1,0,0,0,0,0,0,0,0,0,1
Merit Medical Ireland Limited,0,0,0,0,0,0,0,0,0,0,1,0,1
MD JASHIM UDDIN,1,0,0,0,0,0,0,0,0,0,0,0,1
MD Electrical Installations Limited,1,0,0,0,0,0,0,0,0,0,0,0,1
McSweeney Sports Surfaces Limited,0,0,1,0,0,0,0,0,0,0,0,0,1
McSorleys Ranelagh Ltd,0,0,0,0,0,0,0,1,0,0,0,0,1
McSorley’s (Ranelagh) Limited,0,0,0,0,1,0,0,0,0,0,0,0,1
MCORM Limited,1,0,0,0,0,0,0,0,0,0,0,0,1
McMahon Concrete Products Ltd,0,1,0,0,0,0,0,0,0,0,0,0,1
"McKinsey & Company, Inc., Ireland",0,0,0,0,0,0,0,0,0,1,0,0,1
MCJ Retail Limited,0,0,1,0,0,0,0,0,0,0,0,0,1
McHugh Kinsella Limited,0,0,0,0,1,0,0,0,0,0,0,0,1
McHale Plant Sales Ltd.,0,1,0,0,0,0,0,0,0,0,0,0,1
MDC Mortgage Brokers Ltd t/a Irish Mortgage Brokers,1,0,0,0,0,0,0,0,0,0,0,0,1
Mergen Collective Limited,1,0,0,0,0,0,0,0,0,0,0,0,1
Mercer Premier Services Limited,0,0,0,0,0,0,0,0,0,0,1,0,1
Mercer Ireland Ltd,0,0,0,0,0,0,0,0,0,1,0,0,1
Mercer Ireland Limited,0,0,0,1,0,0,0,0,0,0,0,0,1
Mercer Global Investments Europe Limited,0,0,0,0,0,0,0,0,1,0,0,0,1
Mercantile Entertainment Group Limited,0,0,0,0,0,0,0,0,0,0,0,1,1
Meltdown Massive Ltd.,0,0,0,0,0,0,0,0,1,0,0,0,1
Meltdown Massive Ltd,0,0,0,0,1,0,0,0,0,0,0,0,1
MEKONG ASIAN FOODS LIMITED,0,0,0,0,0,0,0,0,0,1,0,0,1
Meiwei Limited,0,0,0,0,0,0,0,0,0,0,0,1,1
Meiji Food Europe B.V.,1,0,0,0,0,0,0,0,0,0,0,0,1
Medically Led Fitness Ltd,0,0,0,0,0,0,0,0,0,1,0,0,1
Meghen Group Limited,0,0,0,0,0,0,0,0,1,0,0,0,1
Megaport (Ireland) Limited,0,0,0,0,0,0,0,0,0,0,0,1,1
Megabikes Limited,0,0,0,0,0,0,0,1,0,0,0,0,1
Meenane Pallet Centre Limited,0,0,0,0,0,0,0,0,0,0,0,1,1
Meehans Limited,0,0,0,0,0,0,0,0,0,1,0,0,1
Medtronic Ireland Limited,0,0,0,0,0,0,0,0,0,0,0,1,1
Medray Imaging Systems Ltd,1,0,0,0,0,0,0,0,0,0,0,0,1
Medmark Limited,0,0,1,0,0,0,0,0,0,0,0,0,1
Medman Ltd,0,0,0,0,0,0,0,0,0,0,0,1,1
Medline Ireland Limited,0,0,0,0,1,0,0,0,0,0,0,0,1
Medite Europe DAC,0,0,0,0,0,0,0,1,0,0,0,0,1
Megsars Healthcare Services Limited,0,0,0,0,0,0,0,0,0,1,0,0,1
Motivation Weight Control Centres,0,0,1,0,0,0,0,0,0,0,0,0,1
Mortimer O'Sullivan & Mairead Lucey,0,0,0,0,0,0,0,0,0,0,0,1,1
Morselfoods Limited,1,0,0,0,0,0,0,0,0,0,0,0,1
Moroney Engineering  Ltd,0,1,0,0,0,0,0,0,0,0,0,0,1
Morley Walsh Consulting Engineers,0,0,0,0,0,0,0,0,0,0,1,0,1
Morgan Fuels Limited,0,0,0,0,0,0,1,0,0,0,0,0,1
Moretum Ltd,0,0,0,0,0,0,0,0,0,0,1,0,1
Moravia IT s.r.o.,0,1,0,0,0,0,0,0,0,0,0,0,1
MORAN PLUMBING & HEATING LIMITED,0,0,0,0,0,0,0,0,1,0,0,0,1
Moran Industrial and Agricultural Solutions LTD.,0,0,0,0,0,0,0,0,0,0,1,0,1
Milltown Composting Systems Ltd,0,0,0,0,0,0,0,1,0,0,0,0,1
Moradaview Ltd T/A Vaughans & The Good House,0,0,0,0,0,0,0,0,1,0,0,0,1
Moradaview Limited,1,0,0,0,0,0,0,0,0,0,0,0,1
Mooretown Precision Engineering Ltd,0,0,1,0,0,0,0,0,0,0,0,0,1
Mooretown Farm Limited,1,0,0,0,0,0,0,0,0,0,0,0,1
Moore Corporate Compliance Limited,1,0,0,0,0,0,0,0,0,0,0,0,1
Mooncoin Auto Services Limited,0,0,0,0,0,0,1,0,0,0,0,0,1
Moocall Ltd,0,0,0,0,0,0,0,0,0,0,0,1,1
Monterey Logistics Limited,0,0,0,0,0,0,1,0,0,0,0,0,1
Montara Limited,0,1,0,0,0,0,0,0,0,0,0,0,1
Montagne Limited,0,0,0,0,0,0,0,1,0,0,0,0,1
Monster Study Limited,0,1,0,0,0,0,0,0,0,0,0,0,1
Moran Electrical Services Ltd.,0,0,0,0,0,0,1,0,0,0,0,0,1
Mr James Stagg T/A Stagg Cycles,0,0,0,0,0,0,0,0,0,0,1,0,1
Mr Edward Cawley,0,0,0,0,0,0,0,0,0,0,1,0,1
Mr Diego Dias,0,0,0,0,0,0,1,0,0,0,0,0,1
Mr Chang Ping Wang,0,0,0,0,0,0,0,0,0,1,0,0,1
Mr Brian Buggy,0,0,0,0,0,0,0,0,0,0,0,1,1
Mr Alan Kenny,0,0,0,0,0,0,0,0,1,0,0,0,1
MPQ Design Ltd,0,0,0,0,0,0,0,1,0,0,0,0,1
MPJG Farms Limited,0,0,0,0,0,0,0,0,1,0,0,0,1
MPF MACHINE PLANT FITTERS LIMITED,1,0,0,0,0,0,0,0,0,0,0,0,1
MPC Learning Tree Crèche and Montessori CLG,0,0,0,0,0,0,1,0,0,0,0,0,1
Moyco Hospitality Limited,1,0,0,0,0,0,0,0,0,0,0,0,1
Motorfi Limited,0,0,0,0,0,0,0,1,0,0,0,0,1
MOVE ON ORBIT LIMITED,0,0,0,0,0,0,0,0,1,0,0,0,1
Mov  Life Health and Beauty Limited,0,0,0,1,0,0,0,0,0,0,0,0,1
Mountainview Green Limited,0,0,1,0,0,0,0,0,0,0,0,0,1
Mountain View Dairies Ltd.,0,0,0,0,0,0,0,0,1,0,0,0,1
Mount Temple Dairy Farm Limited,0,0,0,0,0,0,0,0,0,0,1,0,1
Mount Oval Tavern Ltd,0,0,0,0,0,0,0,0,0,0,1,0,1
Mount Hanover Farms Limited,0,0,0,0,0,0,0,0,0,0,0,1,1
Mount Congreve Farm Limited,0,0,0,0,0,1,0,0,0,0,0,0,1
Mount Carmel Hospitality Limited,0,0,0,0,0,0,0,0,0,0,1,0,1
Mound Catering Limited,0,0,1,0,0,0,0,0,0,0,0,0,1
Motver Ltd.,0,0,0,0,0,0,0,0,1,0,0,0,1
MOYASTA OYSTERS LTD.,0,0,0,0,0,0,0,0,0,1,0,0,1
MM Fiber Packaging Ireland Limited,0,0,0,0,0,0,0,0,0,1,0,0,1
MM Eco Build Construction Limited,1,0,0,0,0,0,0,0,0,0,0,0,1
MLY FOOD LIMITED,0,0,0,0,0,0,0,0,1,0,0,0,1
MLQ Limited,1,0,0,0,0,0,0,0,0,0,0,0,1
MKS Kennedy Homes Limited,0,1,0,0,0,0,0,0,0,0,0,0,1
MK Panels Limited,0,1,0,0,0,0,0,0,0,0,0,0,1
MK Human Resources,0,0,1,0,0,0,0,0,0,0,0,0,1
MK Green Precision Garage Limited,0,0,0,0,0,0,0,0,1,0,0,0,1
MK Brazil Unlimited Company,0,0,0,0,0,0,0,0,0,0,1,0,1
MJ Clarke Sons Ltd,0,0,1,0,0,0,0,0,0,0,0,0,1
MJ Bites Food Services Limited,0,0,0,1,0,0,0,0,0,0,0,0,1
Monster Energy Limited,0,0,0,0,0,0,0,0,1,0,0,0,1
Mito Precision Engineering Limited,1,0,0,0,0,0,0,0,0,0,0,0,1
Mission Critical e2 LTD,0,0,0,0,0,0,0,1,0,0,0,0,1
Mishal Limited,0,0,0,0,0,0,0,0,1,0,0,0,1
Misean Cara,0,0,0,0,0,0,0,0,0,1,0,0,1
Mint Clinc Limited,0,0,0,0,0,0,0,0,0,0,1,0,1
Mingxiong Zheng,1,0,0,0,0,0,0,0,0,0,0,0,1
Ming Kang Limited,0,0,0,0,0,0,0,0,1,0,0,0,1
Minfa Ltd,0,0,0,0,0,0,0,0,0,1,0,0,1
Minerex Environmental Limited,0,0,0,0,0,0,0,0,0,0,1,0,1
Minelab International Limited,0,0,0,0,0,0,0,0,0,0,1,0,1
Mina Hospitality Limited,0,1,0,0,0,0,0,0,0,0,0,0,1
Mizen Archaeology LTD,0,0,0,1,0,0,0,0,0,0,0,0,1
Monkslane Limited,0,0,0,0,1,0,0,0,0,0,0,0,1
MoneySherpa Limited,0,0,0,0,1,0,0,0,0,0,0,0,1
Mondelez Europe Services GMBH,0,0,0,0,0,0,0,0,0,1,0,0,1
Monami Construction Ltd,1,0,0,0,0,0,0,0,0,0,0,0,1
Monal Indian Cuisine Ltd,0,0,1,0,0,0,0,0,0,0,0,0,1
Monaghan County Council,0,0,0,0,0,0,0,0,0,1,0,0,1
Momoya Limited,1,0,0,0,0,0,0,0,0,0,0,0,1
Momentum Fitness limited,0,0,0,0,0,0,0,0,0,1,0,0,1
momento hair co.,0,0,0,0,0,0,0,1,0,0,0,0,1
Moloney & Heffernan Construction Limited,0,0,0,0,0,0,0,0,0,0,1,0,1
Molaga Piggeries Ltd,0,0,1,0,0,0,0,0,0,0,0,0,1
MM Proactive Traders Limited,0,0,1,0,0,0,0,0,0,0,0,0,1
Modulise Data Centres Limited,0,0,0,0,0,0,1,0,0,0,0,0,1
Modelworks Limited,0,0,0,0,0,0,0,1,0,0,0,0,1
Modelfarm Dairy Limited,0,0,0,0,0,0,1,0,0,0,0,0,1
Moby Bikes Limited,0,0,1,0,0,0,0,0,0,0,0,0,1
Mo Shaol Mo Thuras CLG,0,0,0,0,0,0,0,0,0,0,0,1,1
MMS Multi Euro Services DAC,0,0,0,0,0,0,0,0,1,0,0,0,1
MMMMAD COSTUME AND GIFTS LTD,0,0,0,0,0,0,0,0,1,0,0,0,1
Mmic Lab Limited,0,0,0,1,0,0,0,0,0,0,0,0,1
MMD Construction Cork Limited,0,0,0,0,0,0,0,0,0,0,0,1,1
MMC Children Services,0,0,0,0,0,0,0,0,1,0,0,0,1
MMA Consulting Engineers Ltd,0,1,0,0,0,0,0,0,0,0,0,0,1
Moffett Automated Storage Ltd,0,0,0,0,0,0,0,0,1,0,0,0,1
Macari 66 Cerreto Limited,0,0,0,0,0,0,0,0,0,1,0,0,1
MAC Security Ltd,0,0,0,0,0,0,0,0,0,0,0,1,1
Mabel Grace Developments Limited,0,0,0,0,0,0,0,0,0,1,0,0,1
Maano Foods (Tralee) Ltd,0,0,0,0,0,0,0,0,0,0,0,1,1
Maai Takeaway Limited,0,0,0,0,0,0,0,0,0,0,0,1,1
M/S Peter Catherine Paul Purcell,0,0,0,0,0,0,0,0,1,0,0,0,1
M.J. Sheehan Limited,0,0,1,0,0,0,0,0,0,0,0,0,1
M.A. Omer Traders Limited,0,0,0,0,1,0,0,0,0,0,0,0,1
M. S. & J. Breen Limited,0,0,0,0,0,0,0,0,0,0,0,1,1
M&L Retail Co. Limited,0,0,0,0,0,0,0,0,0,0,0,1,1
McHale Muldoon Solicitors,0,0,0,0,0,0,0,0,0,0,1,0,1
M S Caters Limited,0,0,0,0,0,0,0,0,0,1,0,0,1
M O'Hara Civil Engineering Ltd,0,0,0,0,0,0,0,0,0,0,1,0,1
M McGuire Haulage Limited,1,0,0,0,0,0,0,0,0,0,0,0,1
M Kelliher 1998 Ltd,0,0,0,0,0,0,0,1,0,0,0,0,1
M J Kehoe Transport Ltd,0,0,0,0,0,1,0,0,0,0,0,0,1
M & M Childcare LTD T/A Meadows Childcare & Afterschool,0,0,0,0,0,0,1,0,0,0,0,0,1
M & A Couriers Limited,0,0,0,0,0,0,0,0,0,0,1,0,1
LZ Orchid House Ltd,0,0,0,0,0,0,1,0,0,0,0,0,1
Lyster Engineering Limited,0,0,0,1,0,0,0,0,0,0,0,0,1
Lyrias Dairy Enterprises Ltd,0,0,0,0,0,0,0,0,0,0,1,0,1
Lyrath Estate Demesne Limited,0,0,0,0,0,0,0,0,0,0,0,1,1
M Sajad Foods Limited,0,0,0,0,0,0,0,0,0,0,1,0,1
Majestic Restaurants Limited,0,0,0,0,0,0,0,0,1,0,0,0,1
Mainstream Renewable Power Ltd,0,1,0,0,0,0,0,0,0,0,0,0,1
Mahamaya Ltd,1,0,0,0,0,0,0,0,0,0,0,0,1
Mahad Catering Limited,0,0,0,0,0,0,0,0,1,0,0,0,1
Maguire Business Limited,0,1,0,0,0,0,0,0,0,0,0,0,1
Magnitu Digital Limited,0,0,0,0,0,1,0,0,0,0,0,0,1
Magner's Pharmacy Santry Limited,0,0,0,0,0,0,0,0,0,0,1,0,1
Magnate Software Ltd.,0,0,0,0,0,0,0,0,0,0,1,0,1
Magellan Aviation Services Limited,1,0,0,0,0,0,0,0,0,0,0,0,1
Maersk Logistics & Services Ireland Limited,0,0,0,0,0,0,0,0,0,0,0,1,1
Madra Entertainment Limited,0,0,0,0,0,0,0,0,1,0,0,0,1
Maceo Design and Management Limited,0,0,0,1,0,0,0,0,0,0,0,0,1
Maddens Bridge Company Limited,0,0,0,1,0,0,0,0,0,0,0,0,1
Madanjo Limited,0,0,1,0,0,0,0,0,0,0,0,0,1
Macs Engine Repairs,0,0,0,0,0,0,0,0,1,0,0,0,1
Macquarie Bank Europe Designated Activity Company,0,0,1,0,0,0,0,0,0,0,0,0,1
Macnovate Limited,0,0,0,0,0,0,0,0,0,0,1,0,1
Mackin Retail Ltd,0,0,0,0,0,0,0,0,0,0,1,0,1
Mack Trading Limited,0,0,0,1,0,0,0,0,0,0,0,0,1
Macholl Recruitment Ltd,0,0,0,0,0,0,1,0,0,0,0,0,1
Machinelab Limited,1,0,0,0,0,0,0,0,0,0,0,0,1
Maceochaidh Comhphairtithe Teoranta,0,0,0,0,0,1,0,0,0,0,0,0,1
MacEochagain Limited,0,0,0,0,1,0,0,0,0,0,0,0,1
Madison Hospitality Limited,0,0,0,0,0,0,0,1,0,0,0,0,1
Loulerie Limited,0,0,0,0,0,0,0,0,0,0,0,1,1
Louis and Bryan Quirke Company Limited,1,0,0,0,0,0,0,0,0,0,0,0,1
Loughnane Formwork Concrete Limited,0,0,0,0,1,0,0,0,0,0,0,0,1
Loughmogue Limited,0,0,0,0,0,0,0,1,0,0,0,0,1
Loughlea Hospitality Ltd,0,0,0,0,0,0,0,0,0,1,0,0,1
Loughan Stables Limited,0,0,0,0,0,0,0,0,0,0,1,0,1
Lorien Sandyford Limited,0,0,1,0,0,0,0,0,0,0,0,0,1
Loreto College,0,0,0,0,0,0,1,0,0,0,0,0,1
Lorcan Mary Mannion,0,0,0,0,0,0,0,0,0,0,0,1,1
Lorca Limited,0,1,0,0,0,0,0,0,0,0,0,0,1
L'Opera Limited,0,0,0,0,1,0,0,0,0,0,0,0,1
Lyonara Cold Stores,0,0,0,0,0,0,0,0,0,0,0,1,1
Long And Bright Seafood Limited,0,0,0,0,0,0,0,1,0,0,0,0,1
Lonergan Farm and Edward Lonergan,0,0,0,0,1,0,0,0,0,0,0,0,1
Lominol Limited,0,0,0,0,0,0,0,0,0,1,0,0,1
LOMDAVTING LIMITED,0,0,0,0,0,0,0,0,1,0,0,0,1
Lombard Lunch Catering LTD,0,0,0,0,0,0,0,0,0,0,0,1,1
Lohan & Donnelly Limited,1,0,0,0,0,0,0,0,0,0,0,0,1
Local Government Management Agency,1,0,0,0,0,0,0,0,0,0,0,0,1
Lobster Doyle Limited,0,0,0,0,0,1,0,0,0,0,0,0,1
LMR Restaurant (Cork) Limited,0,0,0,0,0,0,0,0,0,0,1,0,1
Llewellyn Farm,0,0,0,0,0,0,0,0,0,0,1,0,1
LKD Motors ltd,0,0,1,0,0,0,0,0,0,0,0,0,1
Longcourt Hospitality Limited,0,0,0,0,0,0,0,0,0,1,0,0,1
Lynskey Engineering Ltd,0,0,1,0,0,0,0,0,0,0,0,0,1
Lynn Lodge Stud,0,0,0,0,1,0,0,0,0,0,0,0,1
Lydons Lodge Hotel Limited,0,0,1,0,0,0,0,0,0,0,0,0,1
Luxe Cuisine Limited,0,0,0,0,0,0,0,0,0,1,0,0,1
Luttrellstown Castle Unlimited Company,1,0,0,0,0,0,0,0,0,0,0,0,1
Lunarium Property Holdings Limited,0,0,0,0,0,0,1,0,0,0,0,0,1
Lunar Creative/Technology Limited,1,0,0,0,0,0,0,0,0,0,0,0,1
Lunar Concepts Limited,1,0,0,0,0,0,0,0,0,0,0,0,1
Luna Ventures Limited,0,0,1,0,0,0,0,0,0,0,0,0,1
Luminous Night Sky Ltd,0,0,0,0,0,0,0,0,0,0,0,1,1
Lumcloon Energy Ltd,0,0,0,0,0,0,1,0,0,0,0,0,1
Louth Timber Products Limited,1,0,0,0,0,0,0,0,0,0,0,0,1
Lucid Media Ltd,1,0,0,0,0,0,0,0,0,0,0,0,1
Luca's Pizzeria Limited,0,0,0,0,0,0,1,0,0,0,0,0,1
Lu & Yang Asian Food Limited,0,0,0,0,0,0,0,0,0,0,0,1,1
LTH Online Marketplaces Limited,0,0,0,0,0,0,0,0,0,0,0,1,1
LSPV 3 Limited,0,0,0,0,0,0,0,0,0,0,1,0,1
LSMQ,0,0,0,0,0,0,0,0,1,0,0,0,1
LSC Laser and Skin Clinics Limited,0,0,0,0,0,0,0,0,0,0,1,0,1
LSC Food Ltd,1,0,0,0,0,0,0,0,0,0,0,0,1
LP Painting and Decoration Ltd,0,0,1,0,0,0,0,0,0,0,0,0,1
Loyola Enterprises Ltd.,0,0,1,0,0,0,0,0,0,0,0,0,1
Lowflo Limited,0,0,0,0,0,0,0,0,0,1,0,0,1
Luke O'Malley and Co. LTD,1,0,0,0,0,0,0,0,0,0,0,0,1
Mayflower Kilarney,1,0,0,0,0,0,0,0,0,0,0,0,1
Mayfield Agri Services Limited,0,0,0,0,0,0,0,0,0,0,0,1,1
Maya Foods Ireland Limited,0,0,0,0,0,0,0,0,0,0,0,1,1
MAYA Data Privacy Limited,0,0,0,0,0,0,0,0,1,0,0,0,1
May McEvoy,0,0,0,0,0,0,0,0,0,1,0,0,1
Maximus SOS Limited,0,0,0,0,0,0,0,0,0,1,0,0,1
Max & Juice Limited,0,0,0,0,0,0,0,0,1,0,0,0,1
Mawdy,1,0,0,0,0,0,0,0,0,0,0,0,1
Maurice Johnson  Partners,0,0,0,1,0,0,0,0,0,0,0,0,1
Maura O'Keeffe,0,1,0,0,0,0,0,0,0,0,0,0,1
Majorel Ireland Limited,1,0,0,0,0,0,0,0,0,0,0,0,1
Maty Catering Limited,0,0,0,0,0,0,1,0,0,0,0,0,1
Mattie Moore,0,0,0,0,0,0,0,0,0,0,1,0,1
Matthew & Son Cafe Limited,0,0,0,0,0,0,0,0,1,0,0,0,1
Matt The Threshers Limited,0,0,0,0,0,0,0,0,0,0,0,1,1
MATT THE THRESHER JULIANSTOWN LTD,0,0,0,0,0,0,0,0,0,0,0,1,1
Matt Cleary Farms Limited,0,0,0,0,0,0,0,1,0,0,0,0,1
Matsukawa Limited,0,0,0,0,0,0,0,0,0,1,0,0,1
Mathews Property Management,0,0,0,0,0,0,0,0,0,1,0,0,1
Mater Dei Academy,0,0,1,0,0,0,0,0,0,0,0,0,1
Masterchefs Hospitality Limited,0,0,0,0,0,0,0,0,0,1,0,0,1
Masonbrook Motors Ireland Limited,0,0,0,0,0,0,0,0,0,1,0,0,1
Maunsells Garage Ltd,0,0,0,0,0,0,1,0,0,0,0,0,1
McGrath's Drain Away,0,0,0,0,0,0,1,0,0,0,0,0,1
McGrath Ahalana Farm Ltd,1,0,0,0,0,0,0,0,0,0,0,0,1
McEvoy Developments Limited,0,1,0,0,0,0,0,0,0,0,0,0,1
McElroy Associates Mechanical & Electrical Limited,0,0,0,0,0,0,0,0,0,0,0,1,1
McDonnell Piling  foundation Ltd.,0,0,0,1,0,0,0,0,0,0,0,0,1
MCDONNELL CORE HOSPITALITY LIMITED,0,0,0,0,0,1,0,0,0,0,0,0,1
Mcdonald Concrete Works Limited,0,0,0,0,0,0,0,0,0,0,0,1,1
McCarthy Keville O'Sullivan Ltd,0,0,0,1,0,0,0,0,0,0,0,0,1
McCarthy Browne Consulting Engineers Ltd.,0,0,0,0,0,0,0,0,0,0,1,0,1
MCCANN MOTORS SALES & SERVICES LTD,0,0,0,0,0,0,0,0,0,0,0,1,1
McCallion Construction Limited,0,0,0,0,1,0,0,0,0,0,0,0,1
Maymal Killarney Limited,0,0,1,0,0,0,0,0,0,0,0,0,1
Mcauley Dogett Ltd,0,0,0,0,0,0,0,1,0,0,0,0,1
McAfee Ireland Limited,0,0,0,0,0,0,0,0,0,0,0,1,1
McAdam Design (Ireland) Ltd,1,0,0,0,0,0,0,0,0,0,0,0,1
MC Nena Construction Ltd,0,0,0,0,0,0,0,0,1,0,0,0,1
mc cullagh trailers ltd,0,0,0,0,0,0,0,0,0,0,1,0,1
Mc Coy Motors Ltd,0,0,0,0,0,0,0,0,0,1,0,0,1
Mc Cauley Daye O'Connell Architects Ltd,1,0,0,0,0,0,0,0,0,0,0,0,1
MBEU Designated Activity Company,0,1,0,0,0,0,0,0,0,0,0,0,1
MB Enterpryze Cloudware Ltd,0,0,1,0,0,0,0,0,0,0,0,0,1
Mayrange Limited,0,0,0,0,0,0,1,0,0,0,0,0,1
Maynooth Mission to China (INC.),0,0,0,0,0,0,0,0,0,0,1,0,1
McBreen Environmental Drain Services LTD,0,0,0,0,0,0,0,0,1,0,0,0,1
MaplesFS Service Company (Ireland) Limited,1,0,0,0,0,0,0,0,0,0,0,0,1
Maples and Calder (Ireland) LLP,0,0,0,0,0,0,1,0,0,0,0,0,1
Maple Chinese Restaurant and Takeaway,0,0,0,0,0,0,0,0,0,1,0,0,1
Mapall Technologies Limited,0,0,0,0,0,1,0,0,0,0,0,0,1
Mapaex Health and Personal Care Ireland Private Limited,0,0,1,0,0,0,0,0,0,0,0,0,1
Manotherm Ltd,0,0,0,0,0,0,0,0,0,1,0,0,1
Mano Decor Ltd,1,0,0,0,0,0,0,0,0,0,0,0,1
Mangan Haulage Limited,0,0,0,0,1,0,0,0,0,0,0,0,1
Mangan Concrete & Haulage Ltd,0,0,0,0,0,0,0,0,0,0,0,1,1
Maneki Limited,1,0,0,0,0,0,0,0,0,0,0,0,1
Manda Limited,0,0,0,0,0,0,0,1,0,0,0,0,1
Mary Coyne,1,0,0,0,0,0,0,0,0,0,0,0,1
Managewise Limited,0,0,0,0,0,0,0,0,1,0,0,0,1
Management Concept Home IE Limited,0,1,0,0,0,0,0,0,0,0,0,0,1
Mana Tiaki Limited,0,0,1,0,0,0,0,0,0,0,0,0,1
Malwarebytes Limited,0,1,0,0,0,0,0,0,0,0,0,0,1
Mallon Technology Ltd,0,0,0,0,0,1,0,0,0,0,0,0,1
Mallinckrodt Medical Unlimited Company,0,1,0,0,0,0,0,0,0,0,0,0,1
Malayo Limited,0,0,0,0,0,0,0,1,0,0,0,0,1
Malahide RFC,0,0,0,0,0,0,0,0,0,0,1,0,1
Malahide Dublin Operations Limited,0,0,1,0,0,0,0,0,0,0,0,0,1
Malahide Cricket Club,0,1,0,0,0,0,0,0,0,0,0,0,1
Malachy Walsh & Company Limited,0,0,0,0,0,0,0,1,0,0,0,0,1
Manakau Ltd,0,0,0,0,0,0,0,0,1,0,0,0,1
Martin Donovan,0,0,0,0,0,0,1,0,0,0,0,0,1
martin behan farming limited,0,0,0,0,0,0,0,0,0,1,0,0,1
Marsuf Ltd,0,0,0,0,0,0,0,0,0,0,1,0,1
Markhor club LTD,0,0,0,0,0,0,0,0,1,0,0,0,1
Market Street dental surgery,0,0,0,0,0,0,0,0,0,1,0,0,1
Market Square Pizzeria Limited,0,0,0,1,0,0,0,0,0,0,0,0,1
MARKET GREEN SPECSAVERS LTD.,0,0,0,0,0,0,0,0,0,1,0,0,1
Mark Shaw,0,0,0,0,0,0,0,0,0,1,0,0,1
Mark Lohan Fitted Furniture Ltd,0,0,0,0,0,0,0,0,1,0,0,0,1
Mark Hallissey,1,0,0,0,0,0,0,0,0,0,0,0,1
Mark Carr,0,0,0,0,0,0,0,0,0,0,1,0,1
Marchford Limited,0,0,0,1,0,0,0,0,0,0,0,0,1
Mariposa Health Limited,0,0,0,0,0,1,0,0,0,0,0,0,1
Marina Wholesale Ltd,0,0,1,0,0,0,0,0,0,0,0,0,1
Marieanne Hospitality Limited,0,0,0,0,0,0,0,0,0,0,1,0,1
Mariame Phillippe,1,0,0,0,0,0,0,0,0,0,0,0,1
Marhaba Food Store Limited,0,1,0,0,0,0,0,0,0,0,0,0,1
Marguerites Bakery(NCW) Ltd,0,0,0,0,0,0,0,0,0,1,0,0,1
Margaret Hilliard,0,0,0,0,0,0,0,0,1,0,0,0,1
Margaret Hamill,0,0,0,0,0,0,0,0,1,0,0,0,1
Margaret Garland,0,0,1,0,0,0,0,0,0,0,0,0,1
Marcoh Care Limited,0,0,0,0,0,0,0,0,0,0,0,1,1
Marco Aurelio Dias da Costa,0,0,0,0,1,0,0,0,0,0,0,0,1
Mark Anthony Brands International Company,0,0,0,0,0,0,0,0,0,0,0,1,1
General Logistics Systems Ireland Limited,0,0,0,0,0,0,0,0,1,0,0,0,1
General Hardware Supplies,0,0,0,0,0,0,0,0,0,0,1,0,1
General Electric Global Services GmbH - Ireland Branch,0,0,0,0,0,1,0,0,0,0,0,0,1
General Council of The Bar of Ireland,0,0,0,1,0,0,0,0,0,0,0,0,1
Gemelli Tavares Dental Clinic Limited,0,0,0,0,0,0,0,0,0,1,0,0,1
GeistM Technologies Limited,0,0,1,0,0,0,0,0,0,0,0,0,1
Geary Livestock Limited,0,0,0,0,0,0,1,0,0,0,0,0,1
Gearoid Timmons,0,0,1,0,0,0,0,0,0,0,0,0,1
Gearoid O'Mahony,0,0,0,0,0,0,0,0,0,0,0,1,1
GEA Refrigeration Ireland Ltd,0,0,1,0,0,0,0,0,0,0,0,0,1
Jason Redmond and Associates Consulting Engineers Limited,0,1,0,0,0,0,0,0,0,0,0,0,1
GC Murphy Farms Limited,0,0,0,0,0,0,0,0,0,0,0,1,1
Gaucho's Dog Limited,0,0,0,0,0,1,0,0,0,0,0,0,1
Gate Gourmet Ireland Ltd,0,0,0,0,0,1,0,0,0,0,0,0,1
Gas  Appliance Distributors Limited,0,0,1,0,0,0,0,0,0,0,0,0,1
Gary Whittle Farm Ltd,0,0,1,0,0,0,0,0,0,0,0,0,1
Gary Nguyen,1,0,0,0,0,0,0,0,0,0,0,0,1
Gary Bloodstock Limited,0,0,0,0,0,0,1,0,0,0,0,0,1
Garraun Farm Limited,0,0,0,0,0,0,0,0,0,0,0,1,1
Garraun Dairies Ltd,0,0,0,0,0,0,0,0,0,1,0,0,1
Gantep Ltd,0,0,0,0,1,0,0,0,0,0,0,0,1
Ganson Building & Civil Engineering Contractors Limited,0,0,1,0,0,0,0,0,0,0,0,0,1
GE Medical Systems Ireland Limited,0,1,0,0,0,0,0,0,0,0,0,0,1
Gheel Autism Services CLG,0,0,0,0,0,0,0,0,0,0,1,0,1
GH Hire Ltd,0,0,1,0,0,0,0,0,0,0,0,0,1
GF Ark Limited,0,0,0,0,0,0,1,0,0,0,0,0,1
Get Noticed,0,0,0,0,0,0,0,0,1,0,0,0,1
Gerry Dalton Farm Buildings Ltd,0,0,0,0,0,0,0,0,0,1,0,0,1
GERRY CAFFREY MOTORS LTD,0,0,0,0,0,0,0,0,0,1,0,0,1
Gerard McGuire,0,0,1,0,0,0,0,0,0,0,0,0,1
Gerard McElligott Limited,0,0,1,0,0,0,0,0,0,0,0,0,1
Gerard Keane Snr & Gerard Keane Jnr,0,0,0,0,0,0,1,0,0,0,0,0,1
Gerard Farrelly,1,0,0,0,0,0,0,0,0,0,0,0,1
Gerard Canning Senior,0,0,1,0,0,0,0,0,0,0,0,0,1
Genesis Ireland Operations Limited,0,0,0,1,0,0,0,0,0,0,0,0,1
"Geraldine, John & Padraig McKeogh",0,0,1,0,0,0,0,0,0,0,0,0,1
Geraldine Jones Limited,0,0,0,0,0,0,0,1,0,0,0,0,1
Ger Duggan Pubs Limited,0,0,0,0,0,0,0,0,0,1,0,0,1
Geospatial AI Limited,0,1,0,0,0,0,0,0,0,0,0,0,1
George Phelan,0,0,0,0,0,1,0,0,0,0,0,0,1
Geodis Ireland Ltd,0,1,0,0,0,0,0,0,0,0,0,0,1
Genzyme Ireland Limited,0,0,0,0,0,0,0,0,0,0,0,1,1
GENZ CONSTRUCTION LIMITED,0,0,0,0,1,0,0,0,0,0,0,0,1
Genseq Diagnostics Limited,0,0,0,0,0,0,0,0,0,1,0,0,1
Genesys Cloud Services Ireland Limited,0,0,0,1,0,0,0,0,0,0,0,0,1
Genesis Kitchen Limited,1,0,0,0,0,0,0,0,0,0,0,0,1
Gerard & James Dowdall & Kiva Dowdall,0,0,0,0,0,0,0,1,0,0,0,0,1
Gadgetplus Headquarter Limited,1,0,0,0,0,0,0,0,0,0,0,0,1
Gach Rud Kombucha Teoranta,0,0,0,0,0,0,0,0,0,0,0,1,1
Gach Lá Teoranta,0,0,0,0,0,0,1,0,0,0,0,0,1
Gabriel O'Brien Crane Hire Limited,0,0,0,0,1,0,0,0,0,0,0,0,1
Gabriel Duddy,0,0,0,0,1,0,0,0,0,0,0,0,1
GA Health Medical Devices Limited,0,0,0,0,0,0,0,0,0,0,1,0,1
G.N.H. Limited,0,0,1,0,0,0,0,0,0,0,0,0,1
G.C.E Property Construction Limited,0,0,0,0,0,0,0,0,1,0,0,0,1
G.B.S. & CO(ACCOUNTING)LIMITED,0,0,0,0,0,0,0,0,1,0,0,0,1
G&J O'Neill Enterprises Ltd,0,0,0,0,0,0,0,0,0,0,0,1,1
Gannon and Associates Landscape Architecture Ltd,0,0,0,0,0,0,0,0,0,0,1,0,1
G Holland Ltd,0,0,0,0,0,0,1,0,0,0,0,0,1
G & F Precision Molding Limited,0,0,0,0,0,0,0,0,0,0,0,1,1
Fyffes Tropical (Ireland) Limited,0,1,0,0,0,0,0,0,0,0,0,0,1
Fyffes Management Services Ireland Limited,0,1,0,0,0,0,0,0,0,0,0,0,1
Futuretech IT Consulting Limited,1,0,0,0,0,0,0,0,0,0,0,0,1
Future Proof Marketing Ltd.,0,0,0,1,0,0,0,0,0,0,0,0,1
Future Green Dairies Ltd,0,0,1,0,0,0,0,0,0,0,0,0,1
Fusco Foods Limited,1,0,0,0,0,0,0,0,0,0,0,0,1
Furryhill Farm Limited,0,0,0,0,0,0,0,0,1,0,0,0,1
Funky Monkeys Softplay Clarehall Limited,1,0,0,0,0,0,0,0,0,0,0,0,1
Fun Expo Games Ltd,0,0,0,0,0,1,0,0,0,0,0,0,1
G&G Amazing Course Limited,0,0,0,0,0,0,0,0,0,0,1,0,1
Ganlys of Athlone,0,0,0,0,0,0,0,1,0,0,0,0,1
Ganesh Bohara,0,0,0,0,0,1,0,0,0,0,0,0,1
Gaming Associates PTY Limited,0,0,0,1,0,0,0,0,0,0,0,0,1
Game Changer Multimedia Limited,0,0,0,1,0,0,0,0,0,0,0,0,1
Galway Tool and Mould Innovations Ltd,0,0,0,0,0,0,0,0,1,0,0,0,1
Galway Subs Limited,0,0,0,0,0,1,0,0,0,0,0,0,1
Galway Rape Crisis Centre,0,0,1,0,0,0,0,0,0,0,0,0,1
Galway County Council,1,0,0,0,0,0,0,0,0,0,0,0,1
Galway Community Circus CLG,0,0,0,1,0,0,0,0,0,0,0,0,1
Galway City Recovery Services Ltd,0,0,0,0,0,0,0,0,0,0,1,0,1
Galway City Partnership CLG,0,0,0,0,0,0,0,0,0,0,1,0,1
Gaelfhios Teoranta  - Limited Company,0,0,0,0,1,0,0,0,0,0,0,0,1
"Galway Bay Hotel, Conference and Leisure Centre Limited",0,0,0,0,0,0,0,0,0,0,1,0,1
Galway Aviation Services Limited,1,0,0,0,0,0,0,0,0,0,0,0,1
Galvotech International Limited,1,0,0,0,0,0,0,0,0,0,0,0,1
Galu Ltd,0,0,1,0,0,0,0,0,0,0,0,0,1
Galmere Fresh foods Ltd,0,0,1,0,0,0,0,0,0,0,0,0,1
Gallarus Industry Solutions Limited,0,0,0,0,0,0,0,0,1,0,0,0,1
Gallagher & Co. Accommodation Services Limited,0,0,1,0,0,0,0,0,0,0,0,0,1
Gaillot et Gray Limited,0,0,0,0,0,0,0,0,1,0,0,0,1
Gaia Talent Limited,0,0,1,0,0,0,0,0,0,0,0,0,1
GagaMuller Limited,0,0,0,0,0,0,0,0,0,0,1,0,1
Gaelite Limited,0,0,0,0,0,0,1,0,0,0,0,0,1
Galway City Innovation District Company Limited by Guarantee,0,0,1,0,0,0,0,0,0,0,0,0,1
Grand Hotel Malahide Ltd,0,0,1,0,0,0,0,0,0,0,0,0,1
Grafton Street Specsavers Limited,0,1,0,0,0,0,0,0,0,0,0,0,1
Gracon Equipment Inspection Ltd.,0,0,0,0,0,1,0,0,0,0,0,0,1
Gracex Limited,0,0,0,0,0,0,0,0,0,1,0,0,1
Gracefair Limited,1,0,0,0,0,0,0,0,0,0,0,0,1
Grace Communications ltd,0,0,0,0,0,0,0,0,0,0,1,0,1
Gracanica Limited,0,0,0,0,0,0,0,0,0,1,0,0,1
Gpmar Public House Limited,0,0,1,0,0,0,0,0,0,0,0,0,1
Govorov Ltd,0,0,0,0,1,0,0,0,0,0,0,0,1
Gourmet Palace Chinese Restaurant Limited,0,0,0,0,0,0,0,0,0,0,1,0,1
Giant Bicycles Retail Dublin Ltd,0,0,0,0,0,0,0,0,0,0,0,1,1
Gourmet Food Market Company Ltd,1,0,0,0,0,0,0,0,0,0,0,0,1
Gourmet Burger Kitchen Ireland Limited,0,0,0,0,0,0,0,0,1,0,0,0,1
Gotcha Covered Ltd,0,0,0,0,0,0,0,0,0,0,1,0,1
Gorkha Limited,0,0,1,0,0,0,0,0,0,0,0,0,1
Gorgeous Patisserie Limited,0,0,0,0,0,0,0,0,0,0,0,1,1
Gore & Grimes,0,0,0,0,0,0,0,0,0,1,0,0,1
Good Friday Chinese Takeaway Limited,0,0,0,0,0,0,0,0,0,0,0,1,1
Good Day Catering Limited,0,0,1,0,0,0,0,0,0,0,0,0,1
Gongio Ireland Limited,0,0,0,0,0,1,0,0,0,0,0,0,1
Goldsmith Engineering DUB Ltd,0,0,0,0,1,0,0,0,0,0,0,0,1
Goldplex Limited,0,0,0,1,0,0,0,0,0,0,0,0,1
Gourmet Fuel Limited,0,1,0,0,0,0,0,0,0,0,0,0,1
Greenogue Equestrian Limited,0,0,0,1,0,0,0,0,0,0,0,0,1
Greenland Cafe Limited,0,0,0,0,0,1,0,0,0,0,0,0,1
Greenfield Mushrooms Ltd,0,0,0,0,0,0,0,0,0,0,0,1,1
Greenfield Foods Limited,0,0,0,0,0,0,0,0,1,0,0,0,1
Greencroft Consultants Ltd,0,1,0,0,0,0,0,0,0,0,0,0,1
GreenAer Mobility Limited,0,0,1,0,0,0,0,0,0,0,0,0,1
Green View Technology Limited,0,0,0,0,0,1,0,0,0,0,0,0,1
Green Treats Limited,0,0,0,0,0,0,0,0,0,1,0,0,1
Green Pasture Meat Processors Limited,0,0,0,0,0,0,1,0,0,0,0,0,1
Green Park Nursing Home Ltd,0,0,0,0,1,0,0,0,0,0,0,0,1
Green Future Food Packaging Limited,0,0,0,0,1,0,0,0,0,0,0,0,1
Grange Con Quarters Limited,0,0,0,1,0,0,0,0,0,0,0,0,1
Green City Accommodation Ltd,0,0,0,0,0,0,0,0,0,0,1,0,1
Great Southern Hotel Killarney Ltd,0,0,0,0,0,0,0,0,1,0,0,0,1
Great Lakes Insurance SE,0,0,0,0,0,0,0,0,0,0,1,0,1
Gray Integrated Services of Europe Limited,0,0,0,0,1,0,0,0,0,0,0,0,1
Gravity Traders Limited,1,0,0,0,0,0,0,0,0,0,0,0,1
GRATHSAA LTD,0,0,0,0,1,0,0,0,0,0,0,0,1
Graray Hotels Ltd,0,0,0,0,0,0,0,0,0,0,1,0,1
Grangefern Developments Limited,0,0,0,0,0,0,0,0,1,0,0,0,1
Grangeclare Stud Ltd,0,0,0,0,0,0,0,0,0,1,0,0,1
Grange Solar Limited,0,0,0,0,0,0,0,0,0,1,0,0,1
Grange Crescent Enterprise Ltd,0,0,0,1,0,0,0,0,0,0,0,0,1
Green Crowd Limited,0,0,0,0,0,0,0,0,0,1,0,0,1
Global Explore IT Solutions Limited,0,0,0,1,0,0,0,0,0,0,0,0,1
Glenview Green Energy Company Ltd,1,0,0,0,0,0,0,0,0,0,0,0,1
Glenmill Engineering Limited,0,0,1,0,0,0,0,0,0,0,0,0,1
Gleneagle Hotel (Killarney) Ltd,0,0,1,0,0,0,0,0,0,0,0,0,1
Glencarrow Ltd. T/A Professional Computer Services,0,0,0,0,0,0,0,0,1,0,0,0,1
Glenboro Professional Limited,0,0,1,0,0,0,0,0,0,0,0,0,1
Glenaulin Nursing Home Limited,1,0,0,0,0,0,0,0,0,0,0,0,1
Gleeson Precast Unlimited Company,0,0,0,0,1,0,0,0,0,0,0,0,1
Gleeson Concrete Unlimited Company,0,0,0,0,0,0,0,0,0,0,0,1,1
Glasscarrig Farms Ltd,1,0,0,0,0,0,0,0,0,0,0,0,1
Glass Lewis Europe Ltd,0,0,0,1,0,0,0,0,0,0,0,0,1
Goldenmile Commercials Limited,1,0,0,0,0,0,0,0,0,0,0,0,1
Glasban Limited,0,0,0,0,0,0,0,0,0,0,1,0,1
Glandore Foods,0,0,0,1,0,0,0,0,0,0,0,0,1
Glandore Business Centres (Services) Ltd,0,0,0,0,0,0,0,0,0,0,1,0,1
Gladney Sargent Watters Limited,0,0,0,0,0,0,0,1,0,0,0,0,1
GKCE Consulting Engineers Limited,1,0,0,0,0,0,0,0,0,0,0,0,1
Gj  Sons Foods Limited,0,0,0,1,0,0,0,0,0,0,0,0,1
Give Me Five Entertainment Limited,0,0,0,0,1,0,0,0,0,0,0,0,1
GitLab Ireland Limited,0,0,0,0,0,1,0,0,0,0,0,0,1
Ginfizz Limited,1,0,0,0,0,0,0,0,0,0,0,0,1
Gillstown Dairy Farm Limited,1,0,0,0,0,0,0,0,0,0,0,0,1
Gill Opticians Ltd,0,0,0,0,0,0,0,0,0,0,0,1,1
Glass Centre Ltd,1,0,0,0,0,0,0,0,0,0,0,0,1
Golden Spring Chinese Takeaway Limited,0,1,0,0,0,0,0,0,0,0,0,0,1
Golden Sea Chinese Restaurant Limited,1,0,0,0,0,0,0,0,0,0,0,0,1
Golden Jade Limited,1,0,0,0,0,0,0,0,0,0,0,0,1
Golden East Fried Chicken Limited T/A Hillbillys Fried Chicken,0,1,0,0,0,0,0,0,0,0,0,0,1
Golden Bridge Decorations Limited,0,0,0,0,0,1,0,0,0,0,0,0,1
Golden Bites Food Ltd,0,0,0,1,0,0,0,0,0,0,0,0,1
Gold Century Investments Limited,0,0,1,0,0,0,0,0,0,0,0,0,1
Goethe-Institut Irland,1,0,0,0,0,0,0,0,0,0,0,0,1
GoCar Carsharing Limited,0,0,0,0,1,0,0,0,0,0,0,0,1
Goatsbridge Fish Processors Ltd,0,0,0,0,0,0,0,0,0,0,1,0,1
Go Surgical Ltd,0,0,0,0,0,0,0,0,0,1,0,0,1
Global Luxury Treasures Limited,0,0,0,0,0,0,1,0,0,0,0,0,1
GMC Grab Hire Limited,0,0,0,0,0,0,0,0,0,1,0,0,1
Glynns (Tuam) Ltd,0,0,0,0,0,0,0,0,0,0,1,0,1
Glynneza Foods Limited,0,0,1,0,0,0,0,0,0,0,0,0,1
GLS Foods Ltd,0,0,0,0,0,0,1,0,0,0,0,0,1
Gls Beauty Limited,0,0,0,1,0,0,0,0,0,0,0,0,1
Glover's Catering (Blackrock) Ltd,1,0,0,0,0,0,0,0,0,0,0,0,1
Glorinbo Ltd,0,0,0,1,0,0,0,0,0,0,0,0,1
Globoserv Limited,0,0,0,0,0,0,0,0,0,0,0,1,1
Globlink Finance Consultants Limited,0,0,0,0,0,0,0,1,0,0,0,0,1
Globalization Partners International Ireland Ltd,0,0,0,0,0,0,0,0,1,0,0,0,1
Global Medical Treatment Ltd,0,1,0,0,0,0,0,0,0,0,0,0,1
GN Lin Trading Limited,0,0,0,0,0,0,0,1,0,0,0,0,1
Fenero Taxation Services Limited,0,0,0,0,0,0,0,0,0,1,0,0,1
Fei Fei Xue,0,0,1,0,0,0,0,0,0,0,0,0,1
Feeley Construction Limited,0,0,1,0,0,0,0,0,0,0,0,0,1
Fedly Takeaway Limited,0,0,1,0,0,0,0,0,0,0,0,0,1
Feast Catering Limited,0,0,1,0,0,0,0,0,0,0,0,0,1
FDT Consulting Engineers & Project Managers Limited,1,0,0,0,0,0,0,0,0,0,0,0,1
FDC Accountants - Tax Consultants Limited,1,0,0,0,0,0,0,0,0,0,0,0,1
FBA Laboratories Limited,0,0,0,0,1,0,0,0,0,0,0,0,1
Favara Ltd,0,0,0,0,0,0,0,0,1,0,0,0,1
Fatt Loong Chai,0,1,0,0,0,0,0,0,0,0,0,0,1
Fully Formed Films Designated Activity Company,0,0,0,0,0,1,0,0,0,0,0,0,1
Farsoun Dentistry Consultants Limited,0,0,0,0,0,0,0,0,0,1,0,0,1
Farrelly & Mitchell Business Consultants Ltd,0,0,0,0,0,0,0,0,0,1,0,0,1
Farrelly & Co Painting Limited,0,0,0,0,0,0,0,0,0,0,0,1,1
Farmway Dairy Limited,0,1,0,0,0,0,0,0,0,0,0,0,1
Farmgate Store to Door Ltd,0,1,0,0,0,0,0,0,0,0,0,0,1
Farmco Agri Trading Limited,0,0,0,0,1,0,0,0,0,0,0,0,1
Farah HD Limited,0,0,0,0,0,0,0,0,0,0,0,1,1
"FANTASTIC FIBER LIMITED ; The Back Page, 199 Phibsborough Road, Dublin 7",0,0,0,0,0,0,0,1,0,0,0,0,1
Fairview Meats Limited,0,0,1,0,0,0,0,0,0,0,0,0,1
Fairview,0,0,0,0,0,0,0,1,0,0,0,0,1
Failte Energy Solutions Ltd.,0,0,1,0,0,0,0,0,0,0,0,0,1
Fat Cat Cafe Limited,1,0,0,0,0,0,0,0,0,0,0,0,1
Finn valley Physiotherapy,0,0,0,0,0,1,0,0,0,0,0,0,1
Finlay Motor Company Limited,0,0,0,0,0,0,0,0,0,0,0,1,1
Fineco Asset Management DAC,0,0,0,0,0,0,0,0,0,0,1,0,1
Fine Semitech Corp.,0,0,1,0,0,0,0,0,0,0,0,0,1
Fine Living Timber Frames Ltd,0,0,0,0,0,0,0,0,0,0,1,0,1
Finance Ireland Credit Solutions DAC,1,0,0,0,0,0,0,0,0,0,0,0,1
Finance First Planning and Investments Limited,0,0,0,0,0,0,0,0,0,1,0,0,1
FIMA Developments Ltd,0,0,0,0,0,0,0,0,0,1,0,0,1
Fillippo Forte,0,0,0,1,0,0,0,0,0,0,0,0,1
Figtree Ltd,0,1,0,0,0,0,0,0,0,0,0,0,1
Fides,0,0,0,0,0,0,0,0,0,0,1,0,1
Feng Yuan Meats Limited,1,0,0,0,0,0,0,0,0,0,0,0,1
Fidelis Marketing Limited (FML) Irish Branch,0,1,0,0,0,0,0,0,0,0,0,0,1
FGL Aircraft Ireland Limited,0,0,1,0,0,0,0,0,0,0,0,0,1
FG CREATIONS LIMITED,0,0,0,1,0,0,0,0,0,0,0,0,1
Fes Express Limited,0,1,0,0,0,0,0,0,0,0,0,0,1
Ferrycarrig Hotel Limited,0,1,0,0,0,0,0,0,0,0,0,0,1
Feroze Limited,0,0,1,0,0,0,0,0,0,0,0,0,1
Fermoy Nissan Ltd,0,0,0,0,0,0,0,0,0,0,0,1,1
Feoil O Criostoir Teoranta,0,0,0,0,0,0,0,0,0,1,0,0,1
Fentons Garage Limited,0,0,0,0,0,0,0,0,0,0,1,0,1
Fenlough Farm Limited,0,0,0,0,0,0,0,0,0,0,1,0,1
Fenlon's Pharma Kiltown Ltd,0,0,0,0,0,0,0,1,0,0,0,0,1
Fidelity Information Services Ireland Limited,0,0,0,0,0,0,0,1,0,0,0,0,1
Evad Technology Group Ltd,0,0,0,1,0,0,0,0,0,0,0,0,1
Evad Technology Group Limited,0,0,0,0,0,0,0,1,0,0,0,0,1
EV Engineering Ltd,0,0,0,0,0,0,0,0,0,1,0,0,1
Europlan Engineering Services Limited,0,0,0,0,0,0,0,0,0,1,0,0,1
Europharma Concepts Limited,0,0,1,0,0,0,0,0,0,0,0,0,1
EUROPAY (EUBS) LIMITED,0,0,0,0,0,0,0,0,0,1,0,0,1
Europ Assistance SA Irish Branch,0,1,0,0,0,0,0,0,0,0,0,0,1
Euroforest Timber Ireland Limited,1,0,0,0,0,0,0,0,0,0,0,0,1
Eurofins Professional Scientific Services Ireland Limited,0,0,0,0,0,0,0,0,0,0,1,0,1
Eurofins NSC Ireland Limited,0,0,0,0,0,0,0,0,0,0,0,1,1
Eurofins MC Pathology Limited,0,1,0,0,0,0,0,0,0,0,0,0,1
Facn Limited,0,0,0,0,0,0,1,0,0,0,0,0,1
Euro Plaza Hotel Limited,0,0,0,0,1,0,0,0,0,0,0,0,1
Euro Bikes Ventures Ltd,0,0,0,0,0,0,0,0,0,0,0,1,1
Euler Hermes Services Ireland Limited,0,0,0,0,0,0,0,0,0,0,1,0,1
Ethvan Limited,0,0,0,0,0,0,0,0,0,1,0,0,1
ETC Consult Limited,0,0,0,0,0,0,1,0,0,0,0,0,1
Establishment of International Education Limited,1,0,0,0,0,0,0,0,0,0,0,0,1
Essential Foods Ltd,0,0,0,0,0,0,0,0,0,1,0,0,1
Esprit Investments Ltd,0,0,0,0,0,0,0,0,0,1,0,0,1
ESP Global Services Limited,0,0,0,0,1,0,0,0,0,0,0,0,1
Esmark Finch Printing and Packaging Ltd,0,0,0,0,0,0,0,1,0,0,0,0,1
Eskimo Wu Limited,0,0,0,0,0,0,1,0,0,0,0,0,1
Eurocarautologistics Ltd,0,0,0,0,0,0,0,0,0,0,0,1,1
Fabiana's Cleaning Company Limited,0,0,0,0,1,0,0,0,0,0,0,0,1
Fabform Catering ltd,0,0,0,0,0,0,0,0,0,0,0,1,1
F5 DIGITAL MEDIA COMMUNICATIONS LIMITED,0,0,0,0,0,0,0,0,0,0,1,0,1
F.P.T. Taverns Limited,0,0,0,1,0,0,0,0,0,0,0,0,1
F.E. BUTTIMER (HOLDINGS) LIMITED,0,0,0,0,0,0,0,0,0,0,1,0,1
Eyedea MedTech Consulting Ltd,0,0,0,0,0,0,0,0,0,0,1,0,1
EY Law Ireland,0,0,0,0,0,0,1,0,0,0,0,0,1
Exyte Northern Europe Limited,0,0,0,0,0,0,0,0,0,1,0,0,1
Extreme Balconies Ltd,0,0,0,0,0,0,0,0,0,1,0,0,1
Extended Computer Supplies Limited,0,0,1,0,0,0,0,0,0,0,0,0,1
EXPO PHARMA ENGINEERING SERVICES LIMITED,0,0,0,0,0,0,0,0,0,1,0,0,1
Eva-Tec DAC,1,0,0,0,0,0,0,0,0,0,0,0,1
Exotic Construction and Home Maintenance Limited,0,1,0,0,0,0,0,0,0,0,0,0,1
Exertis Supply Chain Services Limited,0,1,0,0,0,0,0,0,0,0,0,0,1
Exact Comms Eu Limited,0,0,0,0,0,0,0,0,1,0,0,0,1
Evolution Lifts and Escalators Limited,1,0,0,0,0,0,0,0,0,0,0,0,1
EVITA LIMITED,0,0,1,0,0,0,0,0,0,0,0,0,1
Evernorth Ireland Limited,0,0,0,0,0,0,0,0,0,1,0,0,1
Everest Reinsurance Company (Ireland) DAC,0,0,0,0,1,0,0,0,0,0,0,0,1
Evercrest Innovations Limited,0,0,0,1,0,0,0,0,0,0,0,0,1
Evercam Limited,0,1,0,0,0,0,0,0,0,0,0,0,1
Eveo Solutions Limited,0,0,0,0,0,0,0,0,1,0,0,0,1
Eventbrite Operations (IE) Limited,0,0,0,0,0,0,0,0,1,0,0,0,1
Expert Education Limited,0,0,0,0,0,0,0,0,0,0,0,1,1
Framewell Limited,0,0,0,0,0,0,0,0,0,1,0,0,1
Fragrances of Ireland Limited,0,0,0,0,0,0,0,0,0,0,1,0,1
Foxview Farm Limited,0,0,0,0,0,0,0,0,1,0,0,0,1
Fox Veterinary Limited,0,1,0,0,0,0,0,0,0,0,0,0,1
Fox Bros Engineering Limited,0,0,0,1,0,0,0,0,0,0,0,0,1
Fournier Laboratories Ireland Limited,0,0,0,0,0,0,0,0,0,0,0,1,1
Fothergills Retail Limited,0,1,0,0,0,0,0,0,0,0,0,0,1
Fostervale Limited,0,0,0,0,0,0,0,0,1,0,0,0,1
Forwardsight Capital Limited,0,0,0,1,0,0,0,0,0,0,0,0,1
Fortwilliam Green Dairies Unlimited Company,0,0,0,0,0,0,0,0,0,0,1,0,1
Finnerty Pharmacy Ltd,0,0,0,0,0,0,0,0,0,1,0,0,1
Fortem Capital Limited,0,0,0,0,0,0,0,0,1,0,0,0,1
Formation Homes Ireland Ltd.,0,0,0,0,0,0,0,0,0,0,0,1,1
Forethought Limited,0,0,0,0,0,0,0,1,0,0,0,0,1
Forestry Services Limited,0,0,0,0,0,1,0,0,0,0,0,0,1
Forest Palace Limited,0,0,0,0,0,0,0,0,1,0,0,0,1
Forcepoint International Technology Ltd,0,1,0,0,0,0,0,0,0,0,0,0,1
Forbidden City Limited,1,0,0,0,0,0,0,0,0,0,0,0,1
FoodMarble Digestive Health Ltd,0,0,0,0,0,0,1,0,0,0,0,0,1
FoodMarble Digestive Health Limited,0,0,0,0,0,0,0,0,0,0,1,0,1
FoodFlicker Limited,0,0,0,0,0,0,1,0,0,0,0,0,1
FoodCloud CLG,1,0,0,0,0,0,0,0,0,0,0,0,1
Fortescue Bachelor Retail Limited,0,0,0,0,0,0,0,0,0,1,0,0,1
Fully Formed Films DAC,0,0,0,0,0,0,0,1,0,0,0,0,1
Full Health Medical Ltd,0,0,0,0,0,0,0,0,1,0,0,0,1
Fu Moon Ltd,1,0,0,0,0,0,0,0,0,0,0,0,1
FTBI Limited,0,0,0,0,0,0,1,0,0,0,0,0,1
FSR Atlantic Limited,0,0,0,1,0,0,0,0,0,0,0,0,1
Fruition Ventures Limited,0,0,0,0,0,0,0,0,0,1,0,0,1
Friasgrove Limited,0,0,0,0,0,1,0,0,0,0,0,0,1
Freshly Chopped Smithfield Limited,0,0,0,0,0,0,0,0,1,0,0,0,1
Freshly Brewed Limited,1,0,0,0,0,0,0,0,0,0,0,0,1
Fresh Produce Ltd,0,0,1,0,0,0,0,0,0,0,0,0,1
Fresh Palace Limited,0,0,0,0,0,0,0,0,0,0,0,1,1
Franciely Giacomozzi,0,0,1,0,0,0,0,0,0,0,0,0,1
Frenchpark Connections Limited,0,0,0,1,0,0,0,0,0,0,0,0,1
Freeney’s Graphics Ltd.,1,0,0,0,0,0,0,0,0,0,0,0,1
Freefoam Building Products Limited,0,0,0,0,0,0,0,0,0,1,0,0,1
Frazer Ross,0,0,1,0,0,0,0,0,0,0,0,0,1
Fraser Scott,0,0,1,0,0,0,0,0,0,0,0,0,1
Frank Mortimer Ltd,0,0,0,0,0,0,0,1,0,0,0,0,1
FRANK KEANE (SOUTH DUBLIN) UNLIMITED COMPANY,0,0,0,0,0,0,0,0,0,0,1,0,1
Frank and Shane Murphy Dairy Farm Limited,0,0,1,0,0,0,0,0,0,0,0,0,1
Francois Drion,0,0,1,0,0,0,0,0,0,0,0,0,1
Francis Cummins,0,0,0,0,0,0,1,0,0,0,0,0,1
Francis (Alphonsus) Butler,0,0,0,0,0,0,0,0,0,1,0,0,1
Fresenius Medical Care (Ireland),0,0,0,0,0,0,0,0,0,0,1,0,1
Fivetran Data Pipeline Limited,0,1,0,0,0,0,0,0,0,0,0,0,1
Five Mile Concepts Limited,0,0,0,1,0,0,0,0,0,0,0,0,1
Fitzwilliam Townhouse Limited,1,0,0,0,0,0,0,0,0,0,0,0,1
Fitzwilliam Lawn Tennis Club,0,0,0,0,0,0,0,0,0,0,1,0,1
Fitzpatrick Tyre and Battery Limited,0,0,0,0,0,0,0,0,0,0,1,0,1
Fitzmaurice Chemists Limited,1,0,0,0,0,0,0,0,0,0,0,0,1
Fitzgeralds Family Bakery Ltd,1,0,0,0,0,0,0,0,0,0,0,0,1
Fitzgerald Nurseries Limited,0,0,1,0,0,0,0,0,0,0,0,0,1
Fitzers Donnybrook Limited,0,1,0,0,0,0,0,0,0,0,0,0,1
Fitzers Dawson Street Ltd,0,0,1,0,0,0,0,0,0,0,0,0,1
Fisher Scientific Ireland Ltd,0,0,1,0,0,0,0,0,0,0,0,0,1
Food Prep Limited,1,0,0,0,0,0,0,0,0,0,0,0,1
Fisher Investments Luxembourg,0,0,0,0,0,0,1,0,0,0,0,0,1
First Trust Global Portfolios Management Limited,0,0,0,0,0,0,0,0,1,0,0,0,1
First Success Ltd,1,0,0,0,0,0,0,0,0,0,0,0,1
Firmount Farms Limited,0,0,0,0,0,1,0,0,0,0,0,0,1
Firhouse Veterinary Clinic Company Limited,0,0,1,0,0,0,0,0,0,0,0,0,1
Firepro Logistics Limited,0,0,0,0,0,0,0,0,0,1,0,0,1
Firecomms Ltd,0,0,0,0,1,0,0,0,0,0,0,0,1
Firebyrd Chicken Limited,0,0,0,1,0,0,0,0,0,0,0,0,1
Fionnan Minnock Electrical Ltd,0,0,0,1,0,0,0,0,0,0,0,0,1
FinTrU Ireland Limited,0,0,0,0,0,0,0,0,0,0,0,1,1
Fintechpro Managed Services Limited,0,0,0,0,0,0,0,0,0,0,1,0,1
Fisher Scientific Ireland Limited,0,0,0,0,0,0,0,0,1,0,0,0,1
Food on grill Limited,0,0,0,0,0,0,0,0,0,0,0,1,1
Fónua LTD,0,0,0,0,0,0,1,0,0,0,0,0,1
Fonthill Lodge Daycare Ltd,0,0,0,0,0,0,0,0,0,0,0,1,1
Foley Wines Limited,1,0,0,0,0,0,0,0,0,0,0,0,1
Foley Farm Partnership Limited,0,0,1,0,0,0,0,0,0,0,0,0,1
Fohntech Ireland Ltd,1,0,0,0,0,0,0,0,0,0,0,0,1
Focus Ireland Company Limited by Guarantee,0,1,0,0,0,0,0,0,0,0,0,0,1
FNZ EU DAC,0,0,0,0,0,0,0,0,0,0,0,1,1
Flynn  Flynn Global Trade Limited,1,0,0,0,0,0,0,0,0,0,0,0,1
Flowtech Engineering Ltd,0,0,0,0,0,0,0,0,0,0,1,0,1
Flowtech Engineering Limited,0,0,1,0,0,0,0,0,0,0,0,0,1
Fix My Ride Limited,0,1,0,0,0,0,0,0,0,0,0,0,1
Florentina Irina Chiva,1,0,0,0,0,0,0,0,0,0,0,0,1
Flogas Ireland Limited,1,0,0,0,0,0,0,0,0,0,0,0,1
Flogas Enterprise Solutions Limited,0,0,0,0,0,0,0,0,0,0,0,1,1
Flexitech Limited,0,0,0,0,0,0,0,0,1,0,0,0,1
Flexi Fabrication Technical Services Limited,0,0,0,0,0,0,0,0,0,0,1,0,1
Flexhaven Ltd T/A Dinn Ri Hotel,0,0,0,0,0,0,0,0,0,0,1,0,1
Fleming Medical Limited,1,0,0,0,0,0,0,0,0,0,0,0,1
Fleet Hotel Trading Limited,1,0,0,0,0,0,0,0,0,0,0,0,1
Flanagan P and A Motors Limited,0,0,1,0,0,0,0,0,0,0,0,0,1
FKM Fallon Limited,0,0,0,0,0,0,0,1,0,0,0,0,1
FJF Food Services Limited,0,0,0,0,0,1,0,0,0,0,0,0,1
Flow Technology Ltd,0,0,0,1,0,0,0,0,0,0,0,0,1
"Infinite Styles Ecommerce Co., Ltd",0,0,0,0,0,0,0,0,0,0,1,0,1
Industrial Packaging Ltd,0,0,0,0,0,0,0,0,0,1,0,0,1
Industrial Insulation Specialists Limited,0,1,0,0,0,0,0,0,0,0,0,0,1
INDUSTRIAL AND LIFE SCIENCE SOLUTIONS LIMITED,0,0,0,0,0,0,0,0,1,0,0,0,1
Indoroyalcavan Limited,0,0,0,0,1,0,0,0,0,0,0,0,1
Indo Irish Catering Limited,1,0,0,0,0,0,0,0,0,0,0,0,1
Indian Palace Foods Ltd,0,0,1,0,0,0,0,0,0,0,0,0,1
Independent Vetcare Ireland Limited,0,0,1,0,0,0,0,0,0,0,0,0,1
Independent Living and Hearing Ltd,1,0,0,0,0,0,0,0,0,0,0,0,1
Independent Express Cargo Limited,0,0,0,0,0,1,0,0,0,0,0,0,1
Greenridge Ventures Limited,0,0,0,0,0,0,0,0,0,0,1,0,1
Incus Power Ltd,1,0,0,0,0,0,0,0,0,0,0,0,1
Incorporated Orthopaedic Hospital of Ireland,0,1,0,0,0,0,0,0,0,0,0,0,1
Incorporated Law Society of Ireland,0,0,0,0,0,0,0,0,0,0,0,1,1
Inchirahilly Farms Limited,1,0,0,0,0,0,0,0,0,0,0,0,1
In The Company of Huskies Limited,0,1,0,0,0,0,0,0,0,0,0,0,1
In For Lunch Ltd,0,0,0,0,0,0,0,0,0,1,0,0,1
IN Engineering PLLC,0,0,1,0,0,0,0,0,0,0,0,0,1
Impact Consulting and Training Limited,0,0,0,0,0,0,0,0,0,1,0,0,1
Immedis Limited,0,0,0,0,0,1,0,0,0,0,0,0,1
IMAS Stores Limited,1,0,0,0,0,0,0,0,0,0,0,0,1
Ilen Dairy Farms Limited,0,0,0,0,0,0,1,0,0,0,0,0,1
INDEFF Limited,0,0,0,0,0,0,0,0,1,0,0,0,1
Interlink Ireland Limited,0,0,0,0,0,0,0,0,1,0,0,0,1
Interliner Agencies Limited,0,0,0,0,1,0,0,0,0,0,0,0,1
Interform Limited,0,0,0,0,1,0,0,0,0,0,0,0,1
Interflow logistics limited,0,0,0,1,0,0,0,0,0,0,0,0,1
Interchem (Ireland) Limited,0,1,0,0,0,0,0,0,0,0,0,0,1
Integrated Acoustic Solutions Ltd,0,0,0,0,0,0,0,0,0,1,0,0,1
Integra LifeSciences (Ireland) Limited,0,0,0,0,0,0,0,0,1,0,0,0,1
Instrotec Ltd.,0,0,1,0,0,0,0,0,0,0,0,0,1
Inspire Altra Ireland Limited,0,0,1,0,0,0,0,0,0,0,0,0,1
Inspection Equipment Co. Ltd,1,0,0,0,0,0,0,0,0,0,0,0,1
Insignia Signs and Display Limited,1,0,0,0,0,0,0,0,0,0,0,0,1
Infinite Styles Services Co Ltd,0,0,0,0,0,0,0,0,0,0,0,1,1
Innovio Technologies Limited,0,0,0,1,0,0,0,0,0,0,0,0,1
Innovate Hygiene Limited,0,1,0,0,0,0,0,0,0,0,0,0,1
Inner City Scooters,0,0,0,0,0,0,0,0,0,1,0,0,1
Inneall Development LTD,0,0,0,0,0,1,0,0,0,0,0,0,1
Innalabs Limited,0,0,0,0,0,0,0,0,0,0,0,1,1
Inkvasion Print Co Limited,0,0,0,0,0,0,0,0,0,0,0,1,1
Inizio Healthcare Limited,0,0,1,0,0,0,0,0,0,0,0,0,1
Inicio Interiors Limited,0,0,0,0,0,0,0,0,0,0,0,1,1
Inglewood Hotels Ltd,0,0,0,0,0,0,0,0,0,0,1,0,1
Infosys Fluido Ireland Limited,0,0,1,0,0,0,0,0,0,0,0,0,1
Infomatrix Limited,1,0,0,0,0,0,0,0,0,0,0,0,1
Innvik Retail Limited,0,0,0,0,0,0,0,0,1,0,0,0,1
Hygeia Chemicals Limited,0,0,0,0,0,0,0,1,0,0,0,0,1
Hydraquip Ltd,0,0,0,0,0,0,0,0,0,0,0,1,1
Hyderabadi Cuisine Limited,0,1,0,0,0,0,0,0,0,0,0,0,1
Hyde Ltd.,0,0,0,0,0,0,0,0,1,0,0,0,1
Hyde & Seek Glasnevin Limited,0,0,1,0,0,0,0,0,0,0,0,0,1
Hybrid Engineering & Contracting Limited,1,0,0,0,0,0,0,0,0,0,0,0,1
HXU Xiongdi Catering Limited,0,0,0,0,0,0,0,1,0,0,0,0,1
HWS5 Productions DAC,0,0,0,0,0,0,0,1,0,0,0,0,1
Hutch O'Malley Consulting Limited,0,1,0,0,0,0,0,0,0,0,0,0,1
Hussey Fraser Solicitors,0,0,0,0,0,0,0,0,0,0,1,0,1
Hungwun Catering Limited,0,0,0,0,1,0,0,0,0,0,0,0,1
Il Corvo Limited,0,0,1,0,0,0,0,0,0,0,0,0,1
HUMMINGBIRD AERO INTERNATIONAL LIMITED,0,0,0,0,0,0,0,0,0,0,1,0,1
Hume Street Management Consultants Limited,0,0,0,0,0,0,0,0,0,0,0,1,1
HUI XUAN BUSINESS LIMITED,0,1,0,0,0,0,0,0,0,0,0,0,1
Hui Xin Limited,0,0,0,0,0,0,0,0,0,0,1,0,1
Hugh Maguire Limited,0,0,0,0,0,0,0,0,0,0,1,0,1
Hugh Hourican,0,0,0,0,0,0,0,0,1,0,0,0,1
HuaYuan Limited,0,0,0,0,0,0,0,0,0,0,1,0,1
Huaxiang Xue,0,0,0,0,1,0,0,0,0,0,0,0,1
Huarui Limited,0,0,0,0,0,0,0,0,0,0,1,0,1
Huaqiang Xie,0,1,0,0,0,0,0,0,0,0,0,0,1
HUAMAO TAKEAWAY LTD,0,0,0,0,0,0,1,0,0,0,0,0,1
Humphreys (Ranelagh) Limited,0,0,1,0,0,0,0,0,0,0,0,0,1
IKB Energy Ltd,0,0,1,0,0,0,0,0,0,0,0,0,1
IHER Energy Services Ltd,0,0,0,0,0,0,0,0,1,0,0,0,1
Iheed Health Training Limited,0,1,0,0,0,0,0,0,0,0,0,0,1
Igoe (International) Ltd,1,0,0,0,0,0,0,0,0,0,0,0,1
IGCC Ltd,0,0,0,0,0,0,0,0,0,1,0,0,1
Ifm Electronic (Ireland) Ltd,0,1,0,0,0,0,0,0,0,0,0,0,1
ICS Design & Build Ltd,0,0,0,0,0,0,0,0,0,0,1,0,1
Icon International Limited,1,0,0,0,0,0,0,0,0,0,0,0,1
Icon Accountancy & Taxation Services Ltd,0,0,1,0,0,0,0,0,0,0,0,0,1
ICE Data Services Ireland Limited,0,0,0,0,1,0,0,0,0,0,0,0,1
ICE Computer Services Limited,1,0,0,0,0,0,0,0,0,0,0,0,1
Hyundai Rotem Company,0,0,0,0,0,0,0,0,0,0,0,1,1
ICars (Imports) Limited,0,0,0,0,0,0,0,0,0,0,1,0,1
IC Mask Design Ltd.,0,0,1,0,0,0,0,0,0,0,0,0,1
IBM Ireland Limited,0,0,1,0,0,0,0,0,0,0,0,0,1
Ibec Ltd,0,0,0,0,0,0,0,0,1,0,0,0,1
Iasc Sliogagh Dun Garbhain Teoranta,0,1,0,0,0,0,0,0,0,0,0,0,1
IAN KELLY GENERAL MAINTENANCE SERVICES LIMITED,0,0,0,0,1,0,0,0,0,0,0,0,1
I. S. M. E. LIMITED,0,0,0,0,0,0,0,0,0,0,1,0,1
I M Properties Ltd,0,0,0,0,1,0,0,0,0,0,0,0,1
I Digital Fun Limited,1,0,0,0,0,0,0,0,0,0,0,0,1
HZB Restaurant Limited,0,0,0,0,0,0,0,0,1,0,0,0,1
HYXQ Trading Limited,0,0,0,1,0,0,0,0,0,0,0,0,1
ICD Business School Limited,0,0,0,0,0,0,0,0,0,1,0,0,1
Jack Davison,0,0,0,0,0,0,1,0,0,0,0,0,1
Jack Coughlan Architects Ltd,0,0,0,0,0,0,0,0,0,0,1,0,1
Jab Auto Holdings Limited,0,1,0,0,0,0,0,0,0,0,0,0,1
J.W. Asian Street Food Ltd,0,0,1,0,0,0,0,0,0,0,0,0,1
J.P.K. Fencing Systems Limited,0,0,1,0,0,0,0,0,0,0,0,0,1
J.M.S Trivium Limited,1,0,0,0,0,0,0,0,0,0,0,0,1
J.A. Seaview Ltd,0,0,0,0,0,0,0,0,1,0,0,0,1
J.A. Boland Sons (Wexford) Ltd,1,0,0,0,0,0,0,0,0,0,0,0,1
J. P P Cagney,0,0,0,0,1,0,0,0,0,0,0,0,1
J. Harris (Assemblers) 2020 Unlimited Company,0,1,0,0,0,0,0,0,0,0,0,0,1
International Airline Marketing Limited,0,0,0,0,0,1,0,0,0,0,0,0,1
J M C Van Trans Ltd,0,0,0,0,1,0,0,0,0,0,0,0,1
J J Retail Limited,0,0,1,0,0,0,0,0,0,0,0,0,1
J Hest Limited,0,0,1,0,0,0,0,0,0,0,0,0,1
J F H Ltd T/A Scawly's Supervalu,0,0,1,0,0,0,0,0,0,0,0,0,1
J & T Allen Ltd.,0,0,0,0,0,0,0,0,0,0,0,1,1
J & M Golf Cuisine Ltd,0,0,0,0,0,0,0,1,0,0,0,0,1
J & G Grant Trading Ltd,0,0,0,0,0,0,0,0,0,0,1,0,1
Iveagh Property Management Agency Limited,0,0,0,0,0,0,0,0,0,1,0,0,1
Ivan Rybak,0,0,0,0,0,0,0,0,1,0,0,0,1
Ivan McGivney,0,0,0,0,0,0,0,0,1,0,0,0,1
Itsa Bagel Limited,0,0,0,1,0,0,0,0,0,0,0,0,1
J P Galligan Services Company Limited,0,0,0,0,0,0,0,0,0,0,0,1,1
Jaru Food Limited,0,0,1,0,0,0,0,0,0,0,0,0,1
JARDSUMM TAKEAWAY LIMITED,0,0,0,0,0,0,0,0,0,1,0,0,1
JANSI LIMITED,0,0,0,0,0,0,0,0,0,1,0,0,1
Janos Mate,1,0,0,0,0,0,0,0,0,0,0,0,1
Jamil Ahmed,0,1,0,0,0,0,0,0,0,0,0,0,1
Jamie Sinnott Support Services CLG,0,0,0,0,1,0,0,0,0,0,0,0,1
James Walsh,0,0,0,1,0,0,0,0,0,0,0,0,1
James Relihan,0,1,0,0,0,0,0,0,0,0,0,0,1
James O'Sullivan Jnr Painting Contractors Limited,0,0,0,1,0,0,0,0,0,0,0,0,1
James Montgomery and John Montgomery T/A Messrs. Niall Montgomery Partners,0,0,0,0,0,0,0,1,0,0,0,0,1
James Madigan & Sons Unlimited Company,0,1,0,0,0,0,0,0,0,0,0,0,1
Jack Newman Auto Services Ltd,0,0,0,0,0,0,0,0,0,0,0,1,1
James Joyce Cultural Centre,0,0,1,0,0,0,0,0,0,0,0,0,1
James Geoghegan,0,0,0,1,0,0,0,0,0,0,0,0,1
James Coyle,0,0,0,1,0,0,0,0,0,0,0,0,1
James Carolan T/A Carolan Coach Hire,0,0,0,1,0,0,0,0,0,0,0,0,1
Jama Home Care Ltd T/A Bluebird Care Sligo Mayo,0,1,0,0,0,0,0,0,0,0,0,0,1
Jade Palace Rathnew Chinese,0,0,0,0,0,0,0,0,0,0,0,1,1
Jade Ecopack Limited,0,0,0,0,0,0,0,0,0,0,0,1,1
Jade Brophy,0,0,1,0,0,0,0,0,0,0,0,0,1
Jaclann Holdings Ltd,0,0,0,0,0,0,1,0,0,0,0,0,1
Jackson Square Aviation Ireland Limited,0,0,0,0,0,0,1,0,0,0,0,0,1
Jackpaddys Limited,0,0,0,0,0,0,0,0,0,0,0,1,1
James M Farrell Farms Ltd,0,0,0,0,0,1,0,0,0,0,0,0,1
Irish Jesuits International/Jesuit Mission Trust,0,0,0,0,0,0,0,0,0,0,0,1,1
Irish Hockey Company Limited by Guarantee,0,0,0,0,1,0,0,0,0,0,0,0,1
Irish Gymnastics CLG,0,0,0,0,0,0,0,1,0,0,0,0,1
Irish Garage Equipment Limited,0,0,0,0,0,0,0,0,0,1,0,0,1
Irish Distillers Limited,0,0,1,0,0,0,0,0,0,0,0,0,1
Irish Cement Ltd,0,0,0,0,0,0,0,0,0,1,0,0,1
Irish Cattle Breeding Federation Society Ltd,0,0,0,0,0,0,0,0,0,0,0,1,1
Irish Biofuels Production Limited,0,1,0,0,0,0,0,0,0,0,0,0,1
IREMA IRELAND,0,0,0,0,1,0,0,0,0,0,0,0,1
Ireland's Eye Seafoods Limited,0,0,1,0,0,0,0,0,0,0,0,0,1
Irelands Eye Knitwear Ltd,0,0,0,0,0,0,0,0,0,1,0,0,1
Its 2 Eat Limited,0,0,0,0,0,0,0,0,0,0,1,0,1
IQVIA RDS Ireland Limited,0,0,0,0,1,0,0,0,0,0,0,0,1
IPS - Integrated Project Services (Ireland) Limited,0,0,0,0,0,1,0,0,0,0,0,0,1
IPEAR TECH REPAIR LIMITED,0,0,0,0,0,0,0,0,0,0,1,0,1
IP and DS Limited,1,0,0,0,0,0,0,0,0,0,0,0,1
IOCSAVE LIMITED,0,0,0,1,0,0,0,0,0,0,0,0,1
Investec Ireland Ltd,1,0,0,0,0,0,0,0,0,0,0,0,1
Inua Hospitality Series 2 Limited,1,0,0,0,0,0,0,0,0,0,0,0,1
Inua Athlone General Partner Limited,0,0,0,0,0,0,0,0,1,0,0,0,1
Introba Ireland Limited,0,0,0,0,0,0,0,1,0,0,0,0,1
Interparts (Drumalee) Limited,1,0,0,0,0,0,0,0,0,0,0,0,1
International Holidays Limited,0,0,0,0,1,0,0,0,0,0,0,0,1
IR Entertainment Limited,0,0,0,0,0,0,0,1,0,0,0,0,1
Itramei Limited,0,0,0,0,0,0,0,1,0,0,0,0,1
Italy Nest Limited,1,0,0,0,0,0,0,0,0,0,0,0,1
Istanbel Kebab House Limited,0,1,0,0,0,0,0,0,0,0,0,0,1
ISS Ireland Ltd,0,0,0,0,0,0,0,0,0,1,0,0,1
Isoldes Construction Limited,0,0,0,0,0,0,0,1,0,0,0,0,1
Islamic Relief Ireland,0,0,0,0,0,0,0,1,0,0,0,0,1
ISI Ireland Education Limited,0,0,0,0,0,0,0,0,0,1,0,0,1
ISHTAR DENTAL LIMITED,0,0,0,0,0,0,0,0,0,0,0,1,1
Ishsko Dental Ltd,0,0,0,0,0,0,0,0,0,1,0,0,1
Isha Restaurant Ltd,0,0,0,0,0,0,0,0,0,0,0,1,1
Irving Oil Whitegate Refinery Limited,0,0,0,0,0,0,0,0,1,0,0,0,1
Irish Opera Transformations CLG,0,0,0,0,0,0,1,0,0,0,0,0,1
IRL-IASD Company Limited by Guarantee,1,0,0,0,0,0,0,0,0,0,0,0,1
IRLCA Ltd,0,0,0,0,0,1,0,0,0,0,0,0,1
Irish Tree Centre Co Ltd,0,0,0,0,0,0,0,0,0,0,1,0,1
Irish Traditional Music Archive,0,0,0,0,0,0,0,0,0,1,0,0,1
Irish Response Limited,0,0,0,0,0,1,0,0,0,0,0,0,1
Irish Refugee Council Company Limited by Guarantee,0,0,1,0,0,0,0,0,0,0,0,0,1
Irish Popcorn and Snackfood Co. Ltd,0,0,0,0,0,0,0,0,0,1,0,0,1
Irish Pipeline Components Limited,0,0,0,0,0,0,1,0,0,0,0,0,1
Irish Pioneer Works (Fabricators) Ltd,1,0,0,0,0,0,0,0,0,0,0,0,1
Irish Pioneer Works (Fabricators) Limited,0,0,0,0,0,0,1,0,0,0,0,0,1
Irish Organic Animal Feeds 2 Ltd.,0,0,0,0,0,0,0,0,0,1,0,0,1
Ironwood,1,0,0,0,0,0,0,0,0,0,0,0,1
Hansor Management Limited,0,0,0,0,0,0,0,1,0,0,0,0,1
Hanrahard Farms Ltd,0,0,0,0,0,0,0,0,1,0,0,0,1
Hanrahan Carpentry Limited,0,0,0,0,0,0,0,0,1,0,0,0,1
Hannon Logistics Limited,0,0,0,0,0,0,0,0,0,0,1,0,1
Hanlon Concrete Products Ltd,0,0,0,0,0,0,0,0,0,0,1,0,1
Hanley Taite Design Ltd,1,0,0,0,0,0,0,0,0,0,0,0,1
Hangrys Takeaway Limerick Limited,0,0,0,0,0,0,0,0,1,0,0,0,1
Handsome Scent,0,0,0,0,0,0,0,1,0,0,0,0,1
Handmint Consultancy Ltd,0,0,0,0,0,0,0,0,0,0,0,1,1
Handing Capital Limited,0,0,0,0,0,0,0,1,0,0,0,0,1
Hua Da Limited,0,0,0,0,0,0,0,0,1,0,0,0,1
Hand Engineering Ltd,1,0,0,0,0,0,0,0,0,0,0,0,1
Han Yang Court Limited,0,0,0,0,0,0,0,1,0,0,0,0,1
Hamsha Dinner Limited,0,0,0,0,0,0,0,0,0,1,0,0,1
Hampton's Bar & Grill Limited,0,0,0,0,0,0,0,0,0,1,0,0,1
Hammy Bros Limited,0,0,0,0,0,0,0,0,0,0,1,0,1
Hamilton Park Creche Ltd,0,0,0,0,0,0,0,0,0,0,1,0,1
Halpenny Transport Ltd,0,0,0,0,0,0,0,0,0,0,1,0,1
Halo Technologies Surveillance Solutions Limited,0,0,0,0,0,0,0,0,0,1,0,0,1
Hallquar Engineering Services Limited,1,0,0,0,0,0,0,0,0,0,0,0,1
Hallquar Engineering Serives Ltd TA Enexiv,0,0,0,0,0,0,0,0,1,0,0,0,1
Hallisssey Livestock Exports Limited,0,0,0,0,0,0,0,0,0,0,0,1,1
Handasa Tech Ltd,0,0,0,0,0,0,0,0,0,0,0,1,1
Healys Honey Limited,0,0,0,0,0,0,0,0,0,1,0,0,1
Healthy Trends Limited,0,0,1,0,0,0,0,0,0,0,0,0,1
Health Services Staffs Credit Union Limited,0,0,0,0,0,1,0,0,0,0,0,0,1
Headon Boxing Academy Limited,0,0,0,0,0,0,0,0,0,0,1,0,1
Headcount Solutions Limited,0,0,0,0,0,0,0,0,1,0,0,0,1
Hazelbrook Business Developments Limited,1,0,0,0,0,0,0,0,0,0,0,0,1
Hayfield Manor Unlimited,1,0,0,0,0,0,0,0,0,0,0,0,1
Haya Catering Company Limited,0,0,0,0,0,0,0,1,0,0,0,0,1
Hatton Dairy Limited,0,0,0,0,0,0,0,0,0,1,0,0,1
Hatched Ltd.,0,0,0,0,0,0,0,0,0,0,0,1,1
Harvest Packaging Limited,0,0,0,0,0,0,0,0,0,0,1,0,1
Hanwha Energy Corporation Ireland Limited,0,0,0,0,0,0,0,0,0,1,0,0,1
Haron Bin Mohamad Zain,0,0,0,0,0,0,0,1,0,0,0,0,1
Harold Engineering Ltd,0,0,1,0,0,0,0,0,0,0,0,0,1
Harmony Hire LTD,0,0,0,0,0,0,0,0,0,0,0,1,1
Harmonic Consulting Ireland Limited,1,0,0,0,0,0,0,0,0,0,0,0,1
Harleypark Farm Ltd,1,0,0,0,0,0,0,0,0,0,0,0,1
Harjeet Singh,1,0,0,0,0,0,0,0,0,0,0,0,1
Haritha Limited,0,0,0,0,0,0,0,0,0,1,0,0,1
Hari Foods Limited,0,0,0,0,0,1,0,0,0,0,0,0,1
Hard Knox social club limited,0,0,0,0,0,0,0,0,0,0,0,1,1
Happyways,0,0,0,0,0,0,0,0,0,0,1,0,1
Happy Marketing and Media Ltd,0,0,0,0,0,0,0,0,0,0,1,0,1
Harrington Cooper Asset Management Limited,0,0,0,0,0,0,0,0,0,1,0,0,1
Guardwell Enterprises Ltd,0,0,0,0,0,1,0,0,0,0,0,0,1
Guang Ying Limited,0,0,0,0,0,0,0,0,0,0,0,1,1
Gu and His Friends Limited,0,0,0,0,1,0,0,0,0,0,0,0,1
GTSS Global Training Safety Solution DAC,1,0,0,0,0,0,0,0,0,0,0,0,1
GTI Investments Ltd,0,0,0,0,0,0,0,0,0,0,0,1,1
GSM World Trim Limited,0,0,0,0,0,0,0,1,0,0,0,0,1
G's Gourmet Jams Ltd.,0,0,0,0,0,0,0,0,0,0,1,0,1
Ground Control (Utility Maintenance) Ireland Limited,0,0,0,0,0,0,0,1,0,0,0,0,1
Grogans Accountancy Ltd,0,0,0,0,0,0,0,1,0,0,0,0,1
Grimlingo Limited,0,0,0,0,1,0,0,0,0,0,0,0,1
Griffin Legacy Limited,0,0,0,0,0,0,0,0,0,0,1,0,1
Halim Ventures Limited,0,0,0,0,0,0,0,0,0,1,0,0,1
Griffin Education Services Ireland Limited,0,0,1,0,0,0,0,0,0,0,0,0,1
Griffeen Valley Nursing Home Ltd,0,0,0,0,1,0,0,0,0,0,0,0,1
Gridminds Technologies Limited,0,1,0,0,0,0,0,0,0,0,0,0,1
Greysal Restaurants Ltd,0,0,1,0,0,0,0,0,0,0,0,0,1
Greyhound Racing Ireland,0,0,0,0,0,0,0,0,0,0,1,0,1
Greyhound Household Unlimited Company,0,0,0,0,0,0,0,0,0,0,1,0,1
Gresham House Asset Management Resources (Ireland) Ltd.,0,0,0,0,0,0,0,0,1,0,0,0,1
Greenvalley Farms Limited,0,0,0,0,0,0,0,0,0,0,1,0,1
Greentherm Limited,0,0,1,0,0,0,0,0,0,0,0,0,1
Greentally Climate Tech Limited,0,0,0,0,0,0,0,0,0,0,0,1,1
Greenstreets Environmental Resources,0,0,0,0,0,0,0,0,1,0,0,0,1
Griffin L.A. Limited,1,0,0,0,0,0,0,0,0,0,0,0,1
Haku Limited,0,0,0,0,0,0,0,0,0,0,0,1,1
Hairy Lemon Limited,1,0,0,0,0,0,0,0,0,0,0,0,1
Hai Cuisine Limited,0,0,0,0,0,0,0,0,0,0,1,0,1
Hackett Homecare Ltd,0,0,0,0,0,0,0,0,1,0,0,0,1
Haandi Foods Limited,0,0,0,0,0,0,0,0,1,0,0,0,1
H.P.L Takeaways Limited,1,0,0,0,0,0,0,0,0,0,0,0,1
H.P.& Associates Limited,0,0,0,0,0,0,0,0,1,0,0,0,1
H. G. Ritchie Ltd.,0,0,1,0,0,0,0,0,0,0,0,0,1
H&K Great Wall Limited,0,0,1,0,0,0,0,0,0,0,0,0,1
H&H Home Renovations Limited,1,0,0,0,0,0,0,0,0,0,0,0,1
H J Lyons (Architects) Limited,0,0,0,1,0,0,0,0,0,0,0,0,1
Gubleagh Farms Ltd,0,0,0,0,0,0,1,0,0,0,0,0,1
H  T Palace Limited,0,0,0,0,1,0,0,0,0,0,0,0,1
H  L Asian Street Food Ltd,0,0,1,0,0,0,0,0,0,0,0,0,1
Gyula Bognar,0,0,0,0,0,0,0,0,0,0,1,0,1
GYSS Ltd.,0,0,0,0,0,1,0,0,0,0,0,0,1
GX Solartech Ltd,0,0,0,0,0,0,0,0,0,0,1,0,1
Gusto Grub Limited,0,0,0,1,0,0,0,0,0,0,0,0,1
Gurtahilla Farm Limited,0,0,0,1,0,0,0,0,0,0,0,0,1
Gujrat Foods Limited,1,0,0,0,0,0,0,0,0,0,0,0,1
Guidenstown Dairy Farm Limited,0,0,0,0,0,0,0,0,0,0,1,0,1
Guerbet Ireland Unlimited Company,0,0,0,0,0,0,0,1,0,0,0,0,1
Gueno Duck Cafe Limited,0,0,0,1,0,0,0,0,0,0,0,0,1
H & R Plastering Limited,0,0,0,0,0,0,1,0,0,0,0,0,1
Hopkins and Lockhart Motors Limited,0,0,0,0,0,1,0,0,0,0,0,0,1
Hopeside Limited,1,0,0,0,0,0,0,0,0,0,0,0,1
Hope Bible Church CLG,0,0,0,0,1,0,0,0,0,0,0,0,1
Hoong Fei Catering Limited,0,0,0,0,0,0,0,0,0,1,0,0,1
HOOH Accommodation Limited,0,0,0,0,0,0,0,0,0,1,0,0,1
Hoodo and Ayaan Limited,0,0,0,0,0,0,0,0,0,0,1,0,1
Honkaku Sushi and Thai Limited,0,0,0,1,0,0,0,0,0,0,0,0,1
Homestay International Student Accommodation,0,0,0,0,0,0,0,0,0,1,0,0,1
Homeland Projects Limited,0,0,0,0,0,0,0,0,0,1,0,0,1
HomeBond Building Control Limited,0,0,0,0,0,0,0,1,0,0,0,0,1
Heatec Plumbing Contractors Limited,0,0,0,0,0,0,0,0,1,0,0,0,1
Home Fare Services Unlimited Company,0,1,0,0,0,0,0,0,0,0,0,0,1
Home Automation Wiring Systems Limited,0,0,0,0,0,0,0,0,0,1,0,0,1
Holtend Limited,0,1,0,0,0,0,0,0,0,0,0,0,1
Holmflemwok Takeaway Limited,0,0,0,0,0,0,0,0,0,0,1,0,1
Hollymount Catering Limited,0,0,1,0,0,0,0,0,0,0,0,0,1
Hollilander Ltd,0,1,0,0,0,0,0,0,0,0,0,0,1
Holland EHS Limited,0,0,0,0,0,0,0,0,0,0,0,1,1
Holden Motor Company,0,0,0,0,0,0,0,0,1,0,0,0,1
Hol-den Installations Ltd,0,0,0,0,0,0,0,0,0,1,0,0,1
Hoistech Ltd,0,0,0,0,0,0,0,0,0,1,0,0,1
Hoctor Smyth Architecture & Engineering Limited,0,0,0,0,0,0,0,0,0,1,0,0,1
Home to Garden Limited,0,0,1,0,0,0,0,0,0,0,0,0,1
HSR Consultancy Ltd,0,0,0,0,0,0,1,0,0,0,0,0,1
HSP CATERING LIMITED,0,0,0,0,0,0,0,0,0,0,1,0,1
HSK Steel Ltd,0,0,1,0,0,0,0,0,0,0,0,0,1
HSE National Drug Treatment Centre,0,0,0,0,0,0,0,0,1,0,0,0,1
HSBC Continental Europe,0,0,0,0,0,0,0,0,1,0,0,0,1
Hrp Construction Limited,1,0,0,0,0,0,0,0,0,0,0,0,1
HR Cafes Ltd,0,0,0,0,0,0,1,0,0,0,0,0,1
HP Technology Ireland Limited,0,0,0,0,0,0,0,1,0,0,0,0,1
HP Corrigan Ltd,0,0,0,0,0,0,0,0,0,0,1,0,1
Howth Hospitality Limited,0,0,0,1,0,0,0,0,0,0,0,0,1
House of Sweets Ltd,0,0,0,0,0,0,0,0,0,0,1,0,1
Hopkins Merchandising Limited,0,0,0,0,0,0,0,0,0,1,0,0,1
House of Bacchus Limited,0,0,0,0,0,0,1,0,0,0,0,0,1
Hourigans Farm Ltd,0,1,0,0,0,0,0,0,0,0,0,0,1
HOSTING POWER LTD,0,0,0,0,0,0,1,0,0,0,0,0,1
Hostelworld.com Limited,1,0,0,0,0,0,0,0,0,0,0,0,1
Horstone Ltd,0,0,1,0,0,0,0,0,0,0,0,0,1
Horseware Products Limited,1,0,0,0,0,0,0,0,0,0,0,0,1
Horizontech Engineering Limited,0,0,1,0,0,0,0,0,0,0,0,0,1
Horizons Therapy Services Ltd,0,0,0,0,0,0,1,0,0,0,0,0,1
Horizons / Cope Foundation,0,0,0,0,0,0,0,0,0,1,0,0,1
Horizon Nua Innovation,0,0,0,0,0,0,1,0,0,0,0,0,1
Horain Rehman Ventures Limited,0,0,0,1,0,0,0,0,0,0,0,0,1
House of Coolmore Ltd,1,0,0,0,0,0,0,0,0,0,0,0,1
Hibernia Investments Limited,0,0,0,0,0,0,0,0,1,0,0,0,1
Hibernia College Unlimited Company,0,0,0,0,0,0,0,0,0,0,1,0,1
Hi5 School Age Services Limited,0,0,0,0,1,0,0,0,0,0,0,0,1
HH Spirit Limited,0,0,0,0,0,0,0,0,0,0,0,1,1
HH Catering and Allied Services Limited,0,0,0,0,0,0,0,0,0,0,0,1,1
HEXA DIGITAL SOLUTIONS LIMITED,0,0,0,0,0,0,1,0,0,0,0,0,1
Herrity Groundwork and Utility services,0,0,0,0,0,0,0,0,0,0,1,0,1
Heronmark Limited,0,0,0,0,0,0,0,0,0,0,0,1,1
HERO Contracting Limited,0,0,0,0,0,0,0,0,0,1,0,0,1
Hermitage Leisure Taverns Limited,0,0,0,0,0,1,0,0,0,0,0,0,1
HERITAGE CONFECTIONARY,0,0,0,0,0,0,0,0,1,0,0,0,1
Ho Chinese Takeaway Limited,0,0,0,0,0,0,0,0,1,0,0,0,1
Herb Street Restaurant Limited,0,1,0,0,0,0,0,0,0,0,0,0,1
Heraeus Metal Processing Limited,0,0,0,0,0,1,0,0,0,0,0,0,1
Henry Consulting Engineers,0,0,0,1,0,0,0,0,0,0,0,0,1
Hengda Restaurants Limited,0,0,1,0,0,0,0,0,0,0,0,0,1
Heng Yuan Limited,0,0,0,0,0,0,0,1,0,0,0,0,1
Hendrick Hotels Limited,0,0,0,0,0,0,0,0,0,0,1,0,1
Helenium Limited,1,0,0,0,0,0,0,0,0,0,0,0,1
Helado Limited,0,0,0,0,0,0,0,1,0,0,0,0,1
Heineken Ireland,0,0,0,0,0,0,1,0,0,0,0,0,1
HedrameD Ltd,0,0,0,0,0,0,0,0,0,1,0,0,1
Hedayatullah Niazi,0,0,0,0,0,0,0,0,0,1,0,0,1
Herbert Inns Ltd.,0,0,0,0,0,0,0,1,0,0,0,0,1
HL Commodity Foods Manufacturing Limited,0,0,0,0,0,0,0,0,1,0,0,0,1
HKC Security Limited,0,1,0,0,0,0,0,0,0,0,0,0,1
Hiwin Systems Limited,0,0,0,1,0,0,0,0,0,0,0,0,1
Hi-Therm Homes Limited,0,0,0,0,0,1,0,0,0,0,0,0,1
Hitchmough Kinnear & Co.,0,0,0,0,0,0,0,0,1,0,0,0,1
Hitachi High-Tech Ireland Ltd,0,0,0,0,0,0,0,0,0,0,0,1,1
Hilton Holian t/a Stuntworx Elite,0,0,0,0,0,0,0,0,0,1,0,0,1
Hilton Holian,0,0,1,0,0,0,0,0,0,0,0,0,1
Hill-Top Poultry Limited,0,0,0,0,0,0,0,0,1,0,0,0,1
Hilltop Dairies Limited,0,0,0,0,0,1,0,0,0,0,0,0,1
Hilltop Capital Limited,0,0,0,0,0,0,0,0,1,0,0,0,1
Hibernian Deutsche Consulting ltd,0,0,1,0,0,0,0,0,0,0,0,0,1
Hillcrest Hair and Beauty Ltd,0,0,0,0,0,0,0,1,0,0,0,0,1
Hillbrook Farms,0,0,0,1,0,0,0,0,0,0,0,0,1
Hillbilly's Take Away Ltd,0,0,0,0,1,0,0,0,0,0,0,0,1
Hillbilly's Pizza and Wings Limited,0,1,0,0,0,0,0,0,0,0,0,0,1
Hillbilly's Fried Chicken Limited,0,0,0,1,0,0,0,0,0,0,0,0,1
Hikker Kroscen Construction Solutions Limited,0,0,0,0,0,0,0,0,1,0,0,0,1
Highpark Farms,0,1,0,0,0,0,0,0,0,0,0,0,1
Highest Degree Limited,0,0,0,0,1,0,0,0,0,0,0,0,1
Higgins Refrigeration Limited,0,0,1,0,0,0,0,0,0,0,0,0,1
Hideseek Games Ltd,0,0,0,0,0,0,0,0,0,0,1,0,1
Hickeys Pharmacy Limited,0,0,0,0,0,0,0,0,0,0,1,0,1
Hillcrest House Nursing Home Ltd,0,0,0,0,0,0,0,0,0,0,0,1,1
